forecaster,asset,alpha,erule,group,n,n_alpha,hit_rate,kupiec_stat,kupiec_p_asym,kupiec_p_mc,cc_stat,cc_p_asym,cc_p_mc,dq_p_asym,qs_mean,sigma_tail,prec_floor,fz0_mean,z2,es_viol
chronos_base,brent,0.01,e0,commodity,2641,26.41,0.38356683074592957,5846.131326812707,0.0,9.999000099990002e-05,5846.224118746173,0.0,9.999000099990002e-05,0.0,0.6989591473846332,2.202596410112544,0.4285985786338917,,,
chronos_base,brent,0.025,e0,commodity,2641,66.025,0.39113971980310486,4167.64122348493,0.0,9.999000099990002e-05,4168.989817007733,0.0,9.999000099990002e-05,0.0,0.7185697578959208,2.198905160067699,0.2706152666360475,,,
chronos_base,brent,0.05,e0,commodity,2641,132.05,0.3975766755017039,2904.6600312402475,0.0,9.999000099990002e-05,2906.7117547579387,0.0,9.999000099990002e-05,0.0,0.7408474903214486,2.1954794971959526,0.19105578090428604,,,
chronos_base,brent,0.01,e1,commodity,2641,26.41,0.3381294964028777,4880.615093539867,0.0,9.999000099990002e-05,4880.68612648706,0.0,9.999000099990002e-05,0.0,0.617837708598604,2.2584397763058695,0.4394650211953632,,,36.0
chronos_base,brent,0.025,e1,commodity,2641,66.025,0.35630443014009844,3588.584667885891,0.0,9.999000099990002e-05,3588.7247569611372,0.0,9.999000099990002e-05,0.0,0.6629740264128149,2.243233705682475,0.27607070028047154,,,74.0
chronos_base,brent,0.05,e1,commodity,2641,132.05,0.37485800833017796,2606.9266821701026,0.0,9.999000099990002e-05,2607.6522739641773,0.0,9.999000099990002e-05,0.0,0.7061404978193613,2.2291733731913586,0.19398790110773875,,,128.0
chronos_base,brent,0.01,e2,commodity,2641,26.41,0.26580840590685345,3446.1180870969483,0.0,9.999000099990002e-05,3447.1716015502,0.0,9.999000099990002e-05,0.0,0.49137761880098296,2.2992415867945724,0.4474045592336795,36.75290030821917,52.90444373800162,
chronos_base,brent,0.025,e2,commodity,2641,66.025,0.32109049602423323,3031.6774375065215,0.0,9.999000099990002e-05,3031.692792613396,0.0,9.999000099990002e-05,0.0,0.5934633828339939,2.2555026250692904,0.27758061391908295,28.29123967251437,34.555367393451974,
chronos_base,brent,0.05,e2,commodity,2641,132.05,0.35403256342294587,2344.2218351248207,0.0,9.999000099990002e-05,2344.3463838844705,0.0,9.999000099990002e-05,0.0,0.6702185370474616,2.2368681982335525,0.19465752285061355,69.97414786449741,68.50986658083579,
chronos_base,brent,0.01,e3,commodity,2641,26.41,0.3116243847027641,4339.730961806007,0.0,9.999000099990002e-05,4339.77974200436,0.0,9.999000099990002e-05,0.0,0.5637662265144737,2.205632008332355,0.4291892692735119,69.34674468438182,90.2953961084553,
chronos_base,brent,0.025,e3,commodity,2641,66.025,0.3513820522529345,3508.989103545814,0.0,9.999000099990002e-05,3509.0245971681557,0.0,9.999000099990002e-05,0.0,0.6444649475460023,2.2026783581915934,0.2710796272801132,50.12376998247481,56.830948544649665,
chronos_base,brent,0.05,e3,commodity,2641,132.05,0.3801590306702007,2675.3669975862595,0.0,9.999000099990002e-05,2675.598521522031,0.0,9.999000099990002e-05,0.0,0.7085377241512608,2.195842551678723,0.19108737475784063,,,39.0
moirai_1_1,brent,0.01,e0,commodity,2641,26.41,0.01968951154865581,19.531383524669764,9.896042898975315e-06,9.999000099990002e-05,19.53198517693164,5.736979638761506e-05,9.999000099990002e-05,3.254873897924368e-07,0.11073003848784503,2.88217251265931,0.5608358556438098,,,
moirai_1_1,brent,0.025,e0,commodity,2641,66.025,0.041650889814464215,25.103629521838684,5.433050125668862e-07,9.999000099990002e-05,25.775771130627277,2.5284968421905216e-06,9.999000099990002e-05,1.6324686651019737e-07,0.20209507690683184,2.880968891772024,0.35455561202696056,,,
moirai_1_1,brent,0.05,e0,commodity,2641,132.05,0.07800075728890572,37.515932125751306,9.066932839807441e-10,9.999000099990002e-05,39.5995502165656,2.5180649477159796e-09,9.999000099990002e-05,3.25362382920321e-12,0.31556020109052163,2.7351792723712176,0.23802172257291587,,,
moirai_1_1,brent,0.01,e1,commodity,2641,26.41,0.044680045437334344,173.34485207317937,1.376125341641252e-39,9.999000099990002e-05,173.45001387085574,2.166746206703442e-38,9.999000099990002e-05,2.1941611826284553e-81,0.14407367617395844,3.150782170032297,0.6131040409676553,3.951478596819378,5.432644322118432,
moirai_1_1,brent,0.025,e1,commodity,2641,66.025,0.07004922377887164,148.85311224618226,3.0877939866172824e-34,9.999000099990002e-05,148.93783409775324,4.555753865750748e-33,9.999000099990002e-05,6.4213479001926436e-52,0.22644279426014982,2.8790529194761656,0.35431981679434804,2.819418709192859,2.926977148798459,
moirai_1_1,brent,0.05,e1,commodity,2641,132.05,0.09769026883756153,100.13720112363285,1.4219741244956135e-23,9.999000099990002e-05,102.89876492271082,4.527068851910216e-23,9.999000099990002e-05,1.408808992248649e-32,0.3303069579039917,2.701174669640351,0.23506256219934676,2.2662865047278715,1.757526741342485,
moirai_1_1,brent,0.01,e2,commodity,2641,26.41,0.015903067020068155,7.883002638317123,0.004990155961547945,0.0053994600539946005,12.500536762032425,0.0019299361085023904,0.0010998900109989002,3.1075424837307395e-06,0.1099860631183312,2.7471770617340563,0.5345673762605857,2.5253073217564683,0.7279745765790673,
moirai_1_1,brent,0.025,e2,commodity,2641,66.025,0.03029155622870125,2.84489146209944,0.09166478348841127,0.0922907709229077,3.7650316829631265,0.15220669574078752,0.1867813218678132,0.041865444773493125,0.20008817303488718,3.1227117422261204,0.3843064658250295,2.1412964749137755,0.3511548263389359,
moirai_1_1,brent,0.05,e2,commodity,2641,132.05,0.06209769026883756,7.5815413848063145,0.00589689949192535,0.006899310068993101,7.744673961527951,0.02080968073152973,0.0184981501849815,0.0010454630042320962,0.3092081386392567,2.912184215226923,0.25342510831366505,1.8653226162887722,0.31975616965560905,
moirai_1_1,brent,0.01,e3,commodity,2641,26.41,0.01741764483150322,12.017825078064277,0.0005269415581888062,0.00039996000399960006,13.343140657227195,0.0012664085112292984,0.0008999100089991,0.00011861903867690998,0.10713971989752867,2.7210337981180803,0.5294802138665973,2.368681466699518,0.8766457468180617,
moirai_1_1,brent,0.025,e3,commodity,2641,66.025,0.03748580083301779,14.681195973832018,0.00012731008089593895,0.00039996000399960006,14.838473066029792,0.0005996067507670755,0.0007999200079992001,0.0003047993593066107,0.19963055923226528,2.9956402123119275,0.3686680032964677,2.060487084037011,0.6110047735218949,
moirai_1_1,brent,0.05,e3,commodity,2641,132.05,0.06891329042029534,17.881788333362465,2.3505976377335854e-05,9.999000099990002e-05,19.148109238798952,6.950897900655502e-05,9.999000099990002e-05,2.749063043006683e-05,0.3124140452146911,2.8258646568665893,0.24591337766397786,1.8212277342425407,0.46637448264582804,
chronos_base,gold,0.01,e0,commodity,2639,26.39,0.3724895793861311,5602.1599914826875,0.0,9.999000099990002e-05,5614.077023191421,0.0,9.999000099990002e-05,0.0,0.27523490287011826,0.869243971081788,0.1692084285126735,,,
chronos_base,gold,0.025,e0,commodity,2639,65.97500000000001,0.3793103448275862,3964.9346304341975,0.0,9.999000099990002e-05,3978.77802786483,0.0,9.999000099990002e-05,0.0,0.28354802181622907,0.8691000065497253,0.10699908251349782,,,
chronos_base,gold,0.05,e0,commodity,2639,131.95000000000002,0.3861311102690413,2751.1406024156995,0.0,9.999000099990002e-05,2767.197925088723,0.0,9.999000099990002e-05,0.0,0.2931751092815272,0.8676097059540882,0.0755300382348241,,,
chronos_base,gold,0.01,e1,commodity,2639,26.39,0.31678666161424784,4440.378483944053,0.0,9.999000099990002e-05,4462.692790720317,0.0,9.999000099990002e-05,0.0,0.23794277437338296,0.8923939933839489,0.17371484906213902,,,79.0
chronos_base,gold,0.025,e1,commodity,2639,65.97500000000001,0.3372489579386131,3281.1020218549884,0.0,9.999000099990002e-05,3306.4495965571277,0.0,9.999000099990002e-05,0.0,0.2570707069817954,0.8876435156971388,0.10928206312608671,,,119.0
chronos_base,gold,0.05,e1,commodity,2639,131.95000000000002,0.3550587343690792,2355.149147875479,0.0,9.999000099990002e-05,2374.045655683932,0.0,9.999000099990002e-05,0.0,0.2761282295990483,0.884213676094404,0.0769755021236459,,,155.0
chronos_base,gold,0.01,e2,commodity,2639,26.39,0.25426297840090945,3227.2276607484664,0.0,9.999000099990002e-05,3246.3041460514833,0.0,9.999000099990002e-05,0.0,0.19730454091825095,0.9060900071128323,0.17638093710767155,42.585836635557996,59.68604448016052,
chronos_base,gold,0.025,e2,commodity,2639,65.97500000000001,0.3054187192118227,2791.2819935385705,0.0,9.999000099990002e-05,2811.373465290393,0.0,9.999000099990002e-05,0.0,0.2340684142754131,0.8927506913009219,0.10991083208215834,47.167850004615616,53.92441110503661,
chronos_base,gold,0.05,e2,commodity,2639,131.95000000000002,0.3380068207654415,2147.244514677007,0.0,9.999000099990002e-05,2168.5538066397253,0.0,9.999000099990002e-05,0.0,0.26417871979956375,0.8860135628204748,0.0771321918336682,,,65.0
chronos_base,gold,0.01,e3,commodity,2639,26.39,0.31072375899962107,4318.378924263502,0.0,9.999000099990002e-05,4332.449473267254,0.0,9.999000099990002e-05,0.0,0.2273143329621847,0.8702337955428414,0.16940110933316838,136.4771449531068,160.00569856017808,
chronos_base,gold,0.025,e3,commodity,2639,65.97500000000001,0.34103827207275483,3341.0309204178557,0.0,9.999000099990002e-05,3357.1633265139994,0.0,9.999000099990002e-05,0.0,0.2556668983252294,0.8709541038138053,0.10722734934660363,,,42.0
chronos_base,gold,0.05,e3,commodity,2639,131.95000000000002,0.36566881394467604,2487.9043556018805,0.0,9.999000099990002e-05,2500.4370282958203,0.0,9.999000099990002e-05,0.0,0.28051680114562155,0.8719888687536272,0.07591126764179804,,,78.0
moirai_1_1,gold,0.01,e0,commodity,2639,26.39,0.027283061765820387,54.11097672036385,1.8947980038355268e-13,9.999000099990002e-05,58.152037094044886,2.3574668216617703e-13,9.999000099990002e-05,7.10942531764784e-33,0.04711261283990568,1.3353132080581676,0.25993421527738114,,,
moirai_1_1,gold,0.025,e0,commodity,2639,65.97500000000001,0.05229253505115574,61.667102161559114,4.067191446246323e-15,9.999000099990002e-05,67.39360999621113,2.3209379593684515e-15,9.999000099990002e-05,1.2335176922956303e-27,0.08658026368724941,1.141777193512623,0.140569682683229,,,
moirai_1_1,gold,0.05,e0,commodity,2639,131.95000000000002,0.08071239105721864,44.5471917034522,2.4829940415983605e-11,9.999000099990002e-05,58.14613906004706,2.3644292925698755e-13,9.999000099990002e-05,2.052552692861877e-17,0.13589967587846746,1.067523339031545,0.09293358299277307,,,
moirai_1_1,gold,0.01,e1,commodity,2639,26.39,0.04850322091701402,205.01963145750528,1.676879858256113e-46,9.999000099990002e-05,209.2039123711662,3.73205153613309e-46,9.999000099990002e-05,1.8185914355078652e-105,0.05733824502978795,1.1606299100068929,0.22593008371707607,2.7001916961256125,5.293464726564368,
moirai_1_1,gold,0.025,e1,commodity,2639,65.97500000000001,0.0651762031072376,122.00737772480988,2.2998109643743967e-28,9.999000099990002e-05,131.37962196530816,2.9599036412467755e-29,9.999000099990002e-05,7.731415307082422e-46,0.09358275725612004,1.1056320271018139,0.13611967737416447,1.7921369208202482,2.538143852095931,
moirai_1_1,gold,0.05,e1,commodity,2639,131.95000000000002,0.09094353921940129,75.76878202184889,3.1890325400989627e-18,9.999000099990002e-05,91.58635492989151,1.295017741341362e-20,9.999000099990002e-05,1.032774963883064e-29,0.13889621363799817,1.0494540836445956,0.09136055823188674,1.3097095074638847,1.4933901245403476,
moirai_1_1,gold,0.01,e2,commodity,2639,26.39,0.0162940507768094,8.872311693564313,0.0028952827893919736,0.0022997700229977,8.989158143831219,0.011169381131961784,0.0058994100589941,0.0009963450695872353,0.04263459034930944,1.4492598337108453,0.2821152485688935,1.4324940699202025,0.5923715771647438,
moirai_1_1,gold,0.025,e2,commodity,2639,65.97500000000001,0.038272072754831375,16.4495680371748,4.996156486093639e-05,0.00029997000299970003,17.61892792712706,0.00014931327184529848,0.00039996000399960006,2.02223075614201e-12,0.08215804542605953,1.216073075687823,0.1497166061297455,1.1893551361179089,0.5193513696657184,
moirai_1_1,gold,0.05,e2,commodity,2639,131.95000000000002,0.06479727169382342,11.171677396553832,0.000830555019688366,0.0021997800219978004,20.331467959972997,3.846607092154519e-05,9.999000099990002e-05,3.8890710311083567e-07,0.13226925720891983,1.1042254052319076,0.09612869301100646,0.9795442763383891,0.35860708127647056,
moirai_1_1,gold,0.01,e3,commodity,2639,26.39,0.021220159151193633,25.381912280758684,4.7030726214974796e-07,9.999000099990002e-05,27.811227467867866,9.138368943993465e-07,9.999000099990002e-05,5.509268474917631e-16,0.04395397356713367,1.3708687374544974,0.26685551177668476,1.6035582048134978,1.4851969981634512,
moirai_1_1,gold,0.025,e3,commodity,2639,65.97500000000001,0.04395604395604396,31.84987555806981,1.6656034304631113e-08,9.999000099990002e-05,34.482315503508744,3.252822211189746e-08,9.999000099990002e-05,4.778166039502579e-15,0.08273524646210396,1.1701650763451628,0.14406465149543857,1.2621512173358318,0.9778279755322294,
moirai_1_1,gold,0.05,e3,commodity,2639,131.95000000000002,0.07086017430845017,21.526135387935938,3.4903918765506534e-06,9.999000099990002e-05,31.459502759699035,1.4745373375193296e-07,9.999000099990002e-05,5.459895462332919e-09,0.13252197503817606,1.0781970051621537,0.09386278238440975,1.0201637850366874,0.6274583426822056,
chronos_base,btc,0.01,e0,crypto,3796,37.96,0.3643308746048472,7807.043236694399,0.0,9.999000099990002e-05,7811.190446102259,0.0,9.999000099990002e-05,0.0,0.8743903676776763,2.8903481561345745,0.4691233574908426,,,
chronos_base,btc,0.025,e0,crypto,3796,94.9,0.3714436248682824,5514.865936626507,0.0,9.999000099990002e-05,5519.194143265313,0.0,9.999000099990002e-05,0.0,0.8955290163009102,2.8840374675006624,0.29605185861951955,,,
chronos_base,btc,0.05,e0,crypto,3796,189.8,0.37776606954689146,3800.8780399380075,0.0,9.999000099990002e-05,3806.0442186578757,0.0,9.999000099990002e-05,0.0,0.9209731797184126,2.8784885094692596,0.20893750104321673,,,
chronos_base,btc,0.01,e1,crypto,3796,37.96,0.3108535300316122,6215.40090085688,0.0,9.999000099990002e-05,6215.42171733867,0.0,9.999000099990002e-05,0.0,0.7678834293231482,2.9295366728511705,0.4754839229120553,89.05535723758874,115.2418451654466,
chronos_base,btc,0.025,e1,crypto,3796,94.9,0.33061116965226556,4569.7887599968035,0.0,9.999000099990002e-05,4571.543369076851,0.0,9.999000099990002e-05,0.0,0.8207439010604911,2.914357209894214,0.29916423707840795,45.74913820083682,55.99983418352996,
chronos_base,btc,0.05,e1,crypto,3796,189.8,0.3501053740779768,3299.8275679615526,0.0,9.999000099990002e-05,3300.6131245033466,0.0,9.999000099990002e-05,0.0,0.874112535135978,2.8989511412749525,0.21042279832343314,25.92635308934327,30.961816963886378,
chronos_base,btc,0.01,e2,crypto,3796,37.96,0.22602739726027396,3904.1241388512417,0.0,9.999000099990002e-05,3907.8617361274532,0.0,9.999000099990002e-05,0.0,0.5667922900255203,2.976941289189437,0.48317801773242247,22.3461544627281,34.574187889703495,
chronos_base,btc,0.025,e2,crypto,3796,94.9,0.2792413066385669,3462.7128452863944,0.0,9.999000099990002e-05,3463.0239109804625,0.0,9.999000099990002e-05,0.0,0.7129755689782228,2.9391257055145177,0.30170676963779075,15.417820720298613,20.827568154145023,
chronos_base,btc,0.05,e2,crypto,3796,189.8,0.31691253951527926,2732.380940634549,0.0,9.999000099990002e-05,2732.4439372713005,0.0,9.999000099990002e-05,0.0,0.8195641800993113,2.9179906210912487,0.21180479492369514,11.450069290490212,14.160281421839029,
chronos_base,btc,0.01,e3,crypto,3796,37.96,0.28187565858798735,5394.7740631970755,0.0,9.999000099990002e-05,5396.474090786751,0.0,9.999000099990002e-05,0.0,0.7099173884832823,2.948121930996407,0.4785004379579754,52.75487458304902,73.02379139270278,
chronos_base,btc,0.025,e3,crypto,3796,94.9,0.32218124341412013,4381.692101873741,0.0,9.999000099990002e-05,4382.153703616029,0.0,9.999000099990002e-05,0.0,0.8019743700953399,2.913721351124411,0.29909896498234784,29.636550017978998,37.91977545480964,
chronos_base,btc,0.05,e3,crypto,3796,189.8,0.3519494204425711,3332.446335118252,0.0,9.999000099990002e-05,3334.1523739184577,0.0,9.999000099990002e-05,0.0,0.8794420338387938,2.892866255346874,0.2099811217783424,20.80659047651492,24.76690661166752,
moirai_1_1,btc,0.01,e0,crypto,3796,37.96,0.020284510010537406,31.24693163186589,2.2720631290539527e-08,9.999000099990002e-05,34.436508772202956,3.3281824955238445e-08,9.999000099990002e-05,4.306141499224719e-14,0.13752133759782068,4.6916876998731825,0.7614931375625319,,,
moirai_1_1,btc,0.025,e0,crypto,3796,94.9,0.04978925184404637,74.62602951562849,5.688818044579314e-18,9.999000099990002e-05,75.37154310323513,4.2981084444677945e-17,9.999000099990002e-05,2.965470241962567e-26,0.2616919601576792,3.635617206875123,0.3732029293840093,,,
moirai_1_1,btc,0.05,e0,crypto,3796,189.8,0.08324552160168598,74.24432261052016,6.902304267667349e-18,9.999000099990002e-05,74.37089362406232,7.088684418885236e-17,9.999000099990002e-05,9.888935545868446e-25,0.4231730957005834,3.268647157909849,0.23725749354879952,,,
moirai_1_1,btc,0.01,e1,crypto,3796,37.96,0.04662802950474183,272.15317796414865,3.8515919730784424e-61,9.999000099990002e-05,272.5354399819837,6.602085530915781e-60,9.999000099990002e-05,1.308443716239246e-122,0.1800895138460465,3.8264382526754144,0.6210572094979498,4.024635050576168,5.424861359730237,
moirai_1_1,btc,0.025,e1,crypto,3796,94.9,0.06954689146469968,209.85666918293555,1.4761706860126608e-47,9.999000099990002e-05,209.88176789859244,2.6592133033484497e-46,9.999000099990002e-05,9.10886207760373e-77,0.29325755639251927,3.4667353527985423,0.35586689011618,2.9886722200033295,2.82369330960057,
moirai_1_1,btc,0.05,e1,crypto,3796,189.8,0.09325605900948367,120.50742616495518,4.8983074597506185e-28,9.999000099990002e-05,120.64938815104051,6.3287543732753245e-27,9.999000099990002e-05,1.1664520985490915e-36,0.43392910827151715,3.283306109828709,0.23832152586011976,2.462470347906262,1.6272126248535925,
moirai_1_1,btc,0.01,e2,crypto,3796,37.96,0.00684931506849315,4.279327848222181,0.038578601290433744,0.04229577042295771,4.638046533097054,0.09836961959498833,0.06979302069793021,0.15474759037379796,0.1333729528466263,6.537493721244852,1.0610801323627441,2.5799373425894747,-0.41991839679851406,
moirai_1_1,btc,0.025,e2,crypto,3796,94.9,0.02423603793466807,0.09180804787160923,0.7618910589670262,0.79002099790021,0.34466385361008633,0.8416997440892036,0.8257174282571743,0.042160105925972045,0.249782232314668,4.457373234277301,0.45755772781699866,2.274289676315461,-0.1890802062287975,
moirai_1_1,btc,0.05,e2,crypto,3796,189.8,0.05321390937829294,0.8092317199398167,0.3683474904395443,0.3731626837316268,0.9655587219740482,0.617065957178514,0.6195380461953804,0.03272064932603562,0.40000528026701204,3.675871345975191,0.2668162025513981,2.034748624074272,-0.09129641790063148,
moirai_1_1,btc,0.01,e3,crypto,3796,37.96,0.0160695468914647,11.93113310144031,0.0005520359080500623,0.0004999500049995,12.778606357270633,0.0016794260537074967,0.000999900009999,9.672310781488877e-06,0.1295268766793611,4.94740383115575,0.8029976220023164,2.5546464669225912,0.6437093801135372,
moirai_1_1,btc,0.025,e3,crypto,3796,94.9,0.03582718651211802,16.132187429832356,5.9071509373321345e-05,9.999000099990002e-05,17.01892140039695,0.0002015524928266551,0.00019998000199980003,9.968970689434937e-06,0.25019778234956436,3.9319216809633555,0.40361913973481334,2.2723471446438643,0.4209954977155417,
moirai_1_1,btc,0.05,e3,crypto,3796,189.8,0.07191780821917808,34.00596970972765,5.494324214494155e-09,9.999000099990002e-05,34.16865769959213,3.805136612768662e-08,9.999000099990002e-05,6.180460978955816e-13,0.41000058530720274,3.3377596107028,0.2422740788608559,2.0582711228218384,0.41125180527874483,
chronos_base,eth,0.01,e0,crypto,2647,26.47,0.3736305251227805,5643.762436099523,0.0,9.999000099990002e-05,5650.714027901311,0.0,9.999000099990002e-05,0.0,1.0786470235375056,3.4690548199361593,0.674270551124267,,,
chronos_base,eth,0.025,e0,crypto,2647,66.175,0.3792973177181715,3976.7354430827118,0.0,9.999000099990002e-05,3983.2994627905337,0.0,9.999000099990002e-05,0.0,1.1063272062747984,3.4619177392902523,0.4255687886333974,,,
chronos_base,eth,0.05,e0,crypto,2647,132.35,0.3864752550056668,2764.0017117128154,0.0,9.999000099990002e-05,2772.5188679374423,0.0,9.999000099990002e-05,0.0,1.1399721229527742,3.4525297587213863,0.30010653863015696,,,
chronos_base,eth,0.01,e1,crypto,2647,26.47,0.320362674726105,4526.437193303512,0.0,9.999000099990002e-05,4528.692063341996,0.0,9.999000099990002e-05,0.0,0.9262445599486985,3.5360992485453853,0.6873017905178798,71.57816609047597,98.68050945402122,
chronos_base,eth,0.025,e1,crypto,2647,66.175,0.34076312806951264,3346.7830235708925,0.0,9.999000099990002e-05,3349.0824471879005,0.0,9.999000099990002e-05,0.0,0.9977771304362755,3.5051308503859784,0.43088091697584,34.254781407799605,44.85041143903351,
chronos_base,eth,0.05,e1,crypto,2647,132.35,0.35927465054778995,2414.88916029879,0.0,9.999000099990002e-05,2419.296625282921,0.0,9.999000099990002e-05,0.0,1.0696465819478003,3.4809376579257436,0.3025758573314479,20.131445323369935,25.124488043556177,
chronos_base,eth,0.01,e2,crypto,2647,26.47,0.2466943709860219,3096.8111812098286,0.0,9.999000099990002e-05,3096.848458448571,0.0,9.999000099990002e-05,0.0,0.7313844202848793,3.6842831004310974,0.7161038742740928,26.589695005635946,41.44389311164188,
chronos_base,eth,0.025,e2,crypto,2647,66.175,0.29316207026822816,2617.2286799137664,0.0,9.999000099990002e-05,2617.503361482146,0.0,9.999000099990002e-05,0.0,0.8902161271638663,3.587242634495255,0.4409748057182906,17.053581057903557,23.345329087438337,
chronos_base,eth,0.05,e2,crypto,2647,132.35,0.33585190782017377,2127.8866987089214,0.0,9.999000099990002e-05,2129.531127425783,0.0,9.999000099990002e-05,0.0,1.0142642933575625,3.5146678935183346,0.3055078130156245,12.000893810568755,15.138110067856498,
chronos_base,eth,0.01,e3,crypto,2647,26.47,0.2950510011333585,4019.3769767899844,0.0,9.999000099990002e-05,4019.3960398992367,0.0,9.999000099990002e-05,0.0,0.8689680114349053,3.5797007720874263,0.6957764975590014,51.76631171189543,73.23180084593906,
chronos_base,eth,0.025,e3,crypto,2647,66.175,0.33396297695504346,3239.197689114015,0.0,9.999000099990002e-05,3240.5608068878855,0.0,9.999000099990002e-05,0.0,0.9893805579900219,3.5233673466664737,0.4331227043941046,28.320089371102885,37.0259291523017,
chronos_base,eth,0.05,e3,crypto,2647,132.35,0.36116358141292026,2438.5894097929304,0.0,9.999000099990002e-05,2442.167340584795,0.0,9.999000099990002e-05,0.0,1.089396090437536,3.4886037635317018,0.30324222332362094,18.372181563953106,22.49530487045442,
moirai_1_1,eth,0.01,e0,crypto,2647,26.47,0.019644880997355497,19.41362972857121,1.0525321015244133e-05,9.999000099990002e-05,21.498580484679565,2.1460634762322424e-05,9.999000099990002e-05,3.884556213771403e-13,0.16659038842523372,5.515531129928854,1.0720384680426063,,,
moirai_1_1,eth,0.025,e0,crypto,2647,66.175,0.04193426520589347,25.957583516371187,3.4900175550373486e-07,9.999000099990002e-05,26.68511410349072,1.604726771426572e-06,9.999000099990002e-05,2.835699863540652e-17,0.32069381316729173,4.738728357251241,0.5825253626828193,,,
moirai_1_1,eth,0.05,e0,crypto,2647,132.35,0.07366830374008311,27.418344375315655,1.6386938319690195e-07,9.999000099990002e-05,27.429574029774358,1.1059708461987573e-06,9.999000099990002e-05,7.208100360345627e-16,0.5101368309899627,4.283294188952687,0.3723196272918758,,,
moirai_1_1,eth,0.01,e1,crypto,2647,26.47,0.043445409897997736,163.81671692190014,1.6588267938981337e-37,9.999000099990002e-05,163.81671770262858,2.677020698465029e-36,9.999000099990002e-05,1.6697176661095466e-83,0.20840238892649188,4.870483381972988,0.9466623286930201,3.5624588449642354,4.395179220269274,
moirai_1_1,eth,0.025,e1,crypto,2647,66.175,0.06271250472232716,109.59738220668828,1.2005900534696395e-25,9.999000099990002e-05,109.61635701649061,1.5743834315675057e-24,9.999000099990002e-05,1.2878037059649133e-44,0.34619546125381456,4.498914273519178,0.553045347039234,2.8548541281928403,2.169956043706005,
moirai_1_1,eth,0.05,e1,crypto,2647,132.35,0.08726860596902153,63.94078988571982,1.2821531504886954e-15,9.999000099990002e-05,64.02312912721231,1.2518553593276277e-14,9.999000099990002e-05,8.736361322382517e-27,0.5221967854678125,4.206728162346488,0.3656642276784745,2.4621139753352455,1.2300851707515,
moirai_1_1,eth,0.01,e2,crypto,2647,26.47,0.009066868152625614,0.24033446294373562,0.6239646523307267,0.6303369663033697,1.7773792746748995,0.4111942134302503,0.33836616338366166,0.006614165269842454,0.15918870129526447,7.135645582140178,1.3869356147521594,2.722899368757121,-0.21381253330894912,
moirai_1_1,eth,0.025,e2,crypto,2647,66.175,0.025311673592746504,0.010506503140049972,0.9183588327669385,0.9478052194780522,0.06467939625861163,0.9681776380790389,1.0,0.5075396123435381,0.3091801800939094,5.4965301260498265,0.6756808923800607,2.460782733849901,-0.0946512056357599,
moirai_1_1,eth,0.05,e2,crypto,2647,132.35,0.055534567434831886,1.6504165667611232,0.1989022436158307,0.2111788821117888,1.6542530745737167,0.43730405959561447,0.43245675432456754,0.00012411981156593572,0.49970153491430463,4.592979561862665,0.39923861476580913,2.2486714197923363,-0.003918070420003361,
moirai_1_1,eth,0.01,e3,crypto,2647,26.47,0.014355874574990555,4.470440011045639,0.03448610959666042,0.0372962703729627,5.577841159903755,0.061487548999949425,0.038396160383961604,0.005840621972675396,0.1652644760483399,5.893358769738906,1.145475777093085,2.766814382988868,0.5057672342693964,
moirai_1_1,eth,0.025,e3,crypto,2647,66.175,0.03135625236116358,4.065209942308115,0.043775243141812935,0.047295270472952705,4.226582380305217,0.1208396051331133,0.12668733126687332,4.205953585413745e-06,0.31439390500698605,5.012423845940797,0.6161703728614607,2.484183521894034,0.27991720219951266,
moirai_1_1,eth,0.05,e3,crypto,2647,132.35,0.06422364941443143,10.385033101384579,0.0012704091009845722,0.0021997800219978004,10.47621516212348,0.005310296639044823,0.0052994700529947,9.19482978935371e-08,0.5039603924669752,4.363776972528556,0.3793154857742714,2.265613215083593,0.26614801754369033,
chronos_base,hsi,0.01,e0,equity_index,2580,25.8,0.3875968992248062,5796.9686514191,0.0,9.999000099990002e-05,5797.572246414771,0.0,9.999000099990002e-05,0.0,0.3736455923614608,0.9621047187686557,0.18941418153288275,,,
chronos_base,hsi,0.025,e0,equity_index,2580,64.5,0.39341085271317827,4109.183244802762,0.0,9.999000099990002e-05,4110.732960409234,0.0,9.999000099990002e-05,0.0,0.38496086051778355,0.9626905813265821,0.11986899537546908,,,
chronos_base,hsi,0.05,e0,equity_index,2580,129.0,0.398062015503876,2843.9059080958887,0.0,9.999000099990002e-05,2844.811107745454,0.0,9.999000099990002e-05,0.0,0.39789297898430265,0.9636519016676252,0.08484481902056715,,,
chronos_base,hsi,0.01,e1,equity_index,2580,25.8,0.3437984496124031,4883.024303617997,0.0,9.999000099990002e-05,4884.915954412991,0.0,9.999000099990002e-05,0.0,0.32493573809740256,0.9613499622093901,0.18926558898038717,120.35163385367113,147.43961953632208,
chronos_base,hsi,0.025,e1,equity_index,2580,64.5,0.35968992248062015,3559.4940787052974,0.0,9.999000099990002e-05,3560.8424369565764,0.0,9.999000099990002e-05,0.0,0.35061196144340734,0.9616267085700921,0.1197365277259445,,,42.0
chronos_base,hsi,0.05,e1,equity_index,2580,129.0,0.3763565891472868,2565.552056979409,0.0,9.999000099990002e-05,2567.183809224911,0.0,9.999000099990002e-05,0.0,0.37625266962648024,0.9621240598227371,0.08471030004686175,,,73.0
chronos_base,hsi,0.01,e2,equity_index,2580,25.8,0.3085271317829457,4178.838201521129,0.0,9.999000099990002e-05,4181.738843281089,0.0,9.999000099990002e-05,0.0,0.2848729381092194,0.9651544559634709,0.19001459795676812,43.323190977704364,66.22265683789237,
chronos_base,hsi,0.025,e2,equity_index,2580,64.5,0.33992248062015507,3249.0493374234393,0.0,9.999000099990002e-05,3250.540768740807,0.0,9.999000099990002e-05,0.0,0.328559617956454,0.9623062117101377,0.11982113576131086,63.402495647132014,70.60478736952611,
chronos_base,hsi,0.05,e2,equity_index,2580,129.0,0.3627906976744186,2396.8271505863877,0.0,9.999000099990002e-05,2398.323676257552,0.0,9.999000099990002e-05,0.0,0.3647309671147579,0.9622087025481806,0.08471775242329482,16.23183431099238,20.98592601429295,
chronos_base,hsi,0.01,e3,equity_index,2580,25.8,0.3449612403100775,4906.732002611288,0.0,9.999000099990002e-05,4907.790865585752,0.0,9.999000099990002e-05,0.0,0.32600447598374116,0.9674175604287464,0.1904601462132637,67.81029019974714,93.33484546957251,
chronos_base,hsi,0.025,e3,equity_index,2580,64.5,0.3705426356589147,3733.6714956121095,0.0,9.999000099990002e-05,3734.128934032681,0.0,9.999000099990002e-05,0.0,0.3608106279676513,0.9650795420079391,0.12016645576660655,39.24309957740034,49.56628760495529,
chronos_base,hsi,0.05,e3,equity_index,2580,129.0,0.38992248062015505,2738.3234870257947,0.0,9.999000099990002e-05,2738.8821056515794,0.0,9.999000099990002e-05,0.0,0.38886359389148106,0.9642183965239013,0.08489469611153086,,,38.0
moirai_1_1,hsi,0.01,e0,equity_index,2580,25.8,0.015891472868217054,7.672836036392766,0.005605827976585177,0.006399360063993601,8.997558748528547,0.011122564744481202,0.006899310068993101,2.7207107968234247e-09,0.05019832707095452,2.0088685236536823,0.39549560436833114,,,
moirai_1_1,hsi,0.025,e0,equity_index,2580,64.5,0.04224806201550388,26.17272233204119,3.1220165425293893e-07,9.999000099990002e-05,28.12945587445006,7.794105272840874e-07,9.999000099990002e-05,5.090603063406714e-22,0.09808331293266935,1.4234371404126687,0.17723865103808897,,,
moirai_1_1,hsi,0.05,e0,equity_index,2580,129.0,0.07403100775193798,27.50184447305014,1.569447581847204e-07,9.999000099990002e-05,28.337727202954056,7.023291968362715e-07,9.999000099990002e-05,1.6369862435530232e-21,0.1591078038061776,1.2040243318560122,0.10600843142207296,,,
moirai_1_1,hsi,0.01,e1,equity_index,2580,25.8,0.03604651162790698,105.87756828892009,7.843447899107956e-25,9.999000099990002e-05,105.91128659014475,1.003821125747374e-23,9.999000099990002e-05,3.1438567221448036e-60,0.05651542712358947,1.3958078721898663,0.2747994064787156,2.0848188086244708,3.2922616854882696,
moirai_1_1,hsi,0.025,e1,equity_index,2580,64.5,0.0562015503875969,76.52392679995933,2.1756099910774188e-18,9.999000099990002e-05,76.52521307108304,2.4141325869951207e-17,9.999000099990002e-05,1.0533094251207404e-45,0.10173596256040816,1.2471013920628944,0.1552822826955816,1.590689768157236,1.6957910866554475,
moirai_1_1,hsi,0.05,e1,equity_index,2580,129.0,0.08217054263565891,47.47508569689626,5.570747576167453e-12,9.999000099990002e-05,48.285791198170045,3.2724548563295237e-11,9.999000099990002e-05,3.372142207134067e-28,0.16080563040387136,1.148465477050086,0.10111674701524381,1.290725824040234,0.9910004008696862,
moirai_1_1,hsi,0.01,e2,equity_index,2580,25.8,0.012790697674418604,1.865097670270245,0.1720376071176648,0.19388061193880612,2.6944938425062332,0.25995495284835485,0.1947805219478052,4.000785951610592e-14,0.04918806445516525,1.995191285879314,0.3928029008110944,1.5949722620469386,0.31983636684236694,
moirai_1_1,hsi,0.025,e2,equity_index,2580,64.5,0.03217054263565892,4.997504963058418,0.025383885814806148,0.027497250274972504,5.0480988758539524,0.0801344493630239,0.07639236076392361,1.200781885264639e-08,0.09551731132227079,1.4830919421491984,0.18466654250413708,1.34952277797737,0.2965104883139231,
moirai_1_1,hsi,0.05,e2,equity_index,2580,129.0,0.060852713178294576,6.001182409454259,0.014296293942891159,0.013798620137986202,6.030957996233155,0.04902234824981273,0.051994800519948,6.013360823820325e-13,0.15716040225904251,1.2388142817525554,0.1090715157138164,1.1605942751491918,0.23818728269779554,
moirai_1_1,hsi,0.01,e3,equity_index,2580,25.8,0.020155038759689922,20.760072734389553,5.205704434114413e-06,9.999000099990002e-05,22.900310854312863,1.0647819514895298e-05,9.999000099990002e-05,8.619324107024883e-17,0.050248010578929594,1.8572574333388312,0.3656472001114129,1.7013678315992393,1.1328915232901187,
moirai_1_1,hsi,0.025,e3,equity_index,2580,64.5,0.04612403100775194,37.95446831829088,7.241503054720292e-10,9.999000099990002e-05,38.4147652929413,4.553440907109642e-09,9.999000099990002e-05,5.646119524753185e-24,0.09777553003278869,1.3873440854193544,0.17274454013059642,1.4308692143818786,0.9043180993598186,
moirai_1_1,hsi,0.05,e3,equity_index,2580,129.0,0.07751937984496124,35.478848608606995,2.578352228455639e-09,9.999000099990002e-05,36.438708187960174,1.2230242074054088e-08,9.999000099990002e-05,3.022874472551958e-23,0.15945198111977174,1.1943216500463922,0.10515415792276606,1.2162128486239712,0.6434440191114994,
chronos_base,spx,0.01,e0,equity_index,2639,26.39,0.36225843122394846,5383.373621428103,0.0,9.999000099990002e-05,5383.557674896631,0.0,9.999000099990002e-05,0.0,0.2691544152787644,0.8377176650158029,0.16307146710286816,,,
chronos_base,spx,0.025,e0,equity_index,2639,65.97500000000001,0.37021599090564605,3813.6525653862323,0.0,9.999000099990002e-05,3814.2786719556157,0.0,9.999000099990002e-05,0.0,0.2812736384282008,0.8803153642580183,0.10837985915117396,,,
chronos_base,spx,0.05,e0,equity_index,2639,131.95000000000002,0.3747631678666161,2603.734701206158,0.0,9.999000099990002e-05,2604.483647673218,0.0,9.999000099990002e-05,0.0,0.2916562748247516,0.8822562577565388,0.0768050984491758,,,
chronos_base,spx,0.01,e1,equity_index,2639,26.39,0.3020083364910951,4144.594192423763,0.0,9.999000099990002e-05,4145.074518128062,0.0,9.999000099990002e-05,0.0,0.23984451342290564,0.9263799609341522,0.1803306121297802,94.27353584940019,119.42103378829208,
chronos_base,spx,0.025,e1,equity_index,2639,65.97500000000001,0.32550208412277376,3097.4858105948456,0.0,9.999000099990002e-05,3097.5009419985404,0.0,9.999000099990002e-05,0.0,0.25920642089359597,0.9232943693376549,0.11367121121216484,49.89486099744134,59.968344297262796,
chronos_base,spx,0.05,e1,equity_index,2639,131.95000000000002,0.34520651762031074,2234.1992655638323,0.0,9.999000099990002e-05,2234.1997557542777,0.0,9.999000099990002e-05,0.0,0.27875728746186634,0.9212410853404469,0.08019893498394876,,,39.0
chronos_base,spx,0.01,e2,equity_index,2639,26.39,0.21978021978021978,2603.833394373736,0.0,9.999000099990002e-05,2605.88020689159,0.0,9.999000099990002e-05,0.0,0.1833061484267472,0.9292753340389831,0.1808942301119867,26.398021733150014,40.25099602025333,
chronos_base,spx,0.025,e2,equity_index,2639,65.97500000000001,0.2751042061386889,2348.231067260796,0.0,9.999000099990002e-05,2348.773883501413,0.0,9.999000099990002e-05,0.0,0.22718779265424865,0.9274155940624113,0.11417859501271442,15.722293665085617,22.35694701572282,
chronos_base,spx,0.05,e2,equity_index,2639,131.95000000000002,0.31943918150814704,1928.668109691519,0.0,9.999000099990002e-05,1928.8746806706627,0.0,9.999000099990002e-05,0.0,0.26193861475569596,0.922392894201265,0.08029920606978352,11.597977479410899,15.369953156196882,
chronos_base,spx,0.01,e3,equity_index,2639,26.39,0.25843122394846535,3304.8891598405407,0.0,9.999000099990002e-05,3304.9783035399114,0.0,9.999000099990002e-05,0.0,0.207350088381486,0.8828593806965076,0.17185882603179106,43.49606052131646,62.95267259173656,
chronos_base,spx,0.025,e3,equity_index,2639,65.97500000000001,0.30428192497158013,2774.2464641338092,0.0,9.999000099990002e-05,2774.4693418003985,0.0,9.999000099990002e-05,0.0,0.24249961281008636,0.8830537917045818,0.1087170001270155,25.058365326105736,33.603905703160066,
chronos_base,spx,0.05,e3,equity_index,2639,131.95000000000002,0.34444865479348236,2224.988925773905,0.0,9.999000099990002e-05,2225.57630088982,0.0,9.999000099990002e-05,0.0,0.2732470547792174,0.8821162225977544,0.07679290764399621,16.844205895295644,21.446194860113636,
moirai_1_1,spx,0.01,e0,equity_index,2639,26.39,0.022735884804850323,31.77737238901534,1.7289532174923687e-08,9.999000099990002e-05,33.32604926325644,5.798829647771855e-08,9.999000099990002e-05,6.656181090719137e-39,0.0491025382550425,1.367324111570885,0.266165509205042,,,
moirai_1_1,spx,0.025,e0,equity_index,2639,65.97500000000001,0.04281924971580144,28.42801783435152,9.724769330027142e-08,9.999000099990002e-05,29.30219576095135,4.336197320002846e-07,9.999000099990002e-05,1.441085783050455e-32,0.09103845230060251,1.2860526189806518,0.1583321243331939,,,
moirai_1_1,spx,0.05,e0,equity_index,2639,131.95000000000002,0.08450170519136037,55.28541384473033,1.0423924465754414e-13,9.999000099990002e-05,59.760854610420665,1.0546183033725122e-13,9.999000099990002e-05,1.3940220792322776e-26,0.14028128825991956,1.1765832116370538,0.10242782480594041,,,
moirai_1_1,spx,0.01,e1,equity_index,2639,26.39,0.050776809397499054,224.7355005231659,8.384919712834661e-51,9.999000099990002e-05,226.22225223607597,7.524230390104007e-50,9.999000099990002e-05,4.11859756634096e-160,0.06894755709405972,1.3362857058418367,0.2601235232590079,3.55257792367893,6.521217935093755,
moirai_1_1,spx,0.025,e1,equity_index,2639,65.97500000000001,0.0746494884425919,175.74592758584026,4.114501232192327e-40,9.999000099990002e-05,175.98658584283544,6.095347073912124e-39,9.999000099990002e-05,2.972694564922074e-85,0.10313646630474167,1.24903583198978,0.1537748096216858,2.1068602163538355,3.323217637711159,
moirai_1_1,spx,0.05,e1,equity_index,2639,131.95000000000002,0.10534293292913982,130.90856945927453,2.592775402627098e-30,9.999000099990002e-05,131.7282857070718,2.486372555517505e-29,9.999000099990002e-05,1.1955690425936819e-54,0.1472915236571207,1.162470789470924,0.10119926341655208,1.4435837984761781,2.010528859615405,
moirai_1_1,spx,0.01,e2,equity_index,2639,26.39,0.015915119363395226,7.906949293660375,0.004924524715283578,0.005499450054994501,9.714057871971022,0.007773545316441929,0.0036996300369963003,7.053206530127785e-21,0.04823615363520798,1.4367683367831736,0.27968363369985766,1.5532913254437017,0.5229210392779455,
moirai_1_1,spx,0.025,e2,equity_index,2639,65.97500000000001,0.034482758620689655,8.72240332090712,0.003143234229343447,0.0031996800319968005,8.729110276461483,0.012720312697560897,0.0108989101089891,1.3240926780003725e-25,0.08938565727113579,1.379431368989526,0.16982843143468873,1.2413131155055286,0.3926549021794137,
moirai_1_1,spx,0.05,e2,equity_index,2639,131.95000000000002,0.06669192876089428,14.075999774733873,0.0001755698245178088,0.0004999500049995,14.386476310470698,0.0007516512121531697,0.0012998700129987,8.511308063943714e-14,0.1381683732645354,1.2583893803708073,0.10954948678125243,0.9753761552269992,0.34611986124892935,
moirai_1_1,spx,0.01,e3,equity_index,2639,26.39,0.01667298219022357,9.88496033082987,0.0016663512333324497,0.0015998400159984002,14.044444281156814,0.0008918414921318709,0.0005999400059994001,2.3183916279001835e-17,0.04648387462761458,1.3083946264442572,0.25469420091523226,1.5293743003124536,0.8400175426208984,
moirai_1_1,spx,0.025,e3,equity_index,2639,65.97500000000001,0.03372489579386131,7.442825877541964,0.00636898088222607,0.0072992700729927005,7.442828389835881,0.02419972051343156,0.0188981101889811,9.822381638870053e-23,0.0872971960430146,1.2919071966566205,0.1590529095536653,1.212313029743884,0.49450514098499365,
moirai_1_1,spx,0.05,e3,equity_index,2639,131.95000000000002,0.06934444865479349,18.65172890749136,1.5690492586514415e-05,9.999000099990002e-05,19.357218451784547,6.260851755767895e-05,9.999000099990002e-05,4.3182921235035745e-18,0.1363303218653321,1.2018146120951465,0.10462435237846476,0.9520936318131059,0.44898799614627594,
chronos_base,aapl,0.01,e0,equity_single,2639,26.39,0.3724895793861311,5602.1599914826875,0.0,9.999000099990002e-05,5602.435212217069,0.0,9.999000099990002e-05,0.0,0.45672543094277573,1.366733878717355,0.26605061352911563,,,
chronos_base,aapl,0.025,e0,equity_single,2639,65.97500000000001,0.3808260704812429,3990.329050460801,0.0,9.999000099990002e-05,3990.9946288125916,0.0,9.999000099990002e-05,0.0,0.46991456363632694,1.3678093569893592,0.1683975896309756,,,
chronos_base,aapl,0.05,e0,equity_single,2639,131.95000000000002,0.3861311102690413,2751.1406024156995,0.0,9.999000099990002e-05,2751.532274726632,0.0,9.999000099990002e-05,0.0,0.4866838760120036,1.3679542262211306,0.11908768920046954,,,
chronos_base,aapl,0.01,e1,equity_single,2639,26.39,0.3141341417203486,4386.89282512844,0.0,9.999000099990002e-05,4386.910793609291,0.0,9.999000099990002e-05,0.0,0.3957876487515087,1.389244636117061,0.2704325937452038,85.69549498546424,112.13756057564379,
chronos_base,aapl,0.025,e1,equity_single,2639,65.97500000000001,0.34065934065934067,3335.0228250834552,0.0,9.999000099990002e-05,3335.1663501751364,0.0,9.999000099990002e-05,0.0,0.4274069658249902,1.380763238667766,0.1699924043175851,52.272359075414705,60.91376174974313,
chronos_base,aapl,0.05,e1,equity_single,2639,131.95000000000002,0.3592269799166351,2406.9954124630385,0.0,9.999000099990002e-05,2407.666339946685,0.0,9.999000099990002e-05,0.0,0.45987993749900136,1.375506036117389,0.1197451144070943,21.878987194914398,27.440785714079027,
chronos_base,aapl,0.01,e2,equity_single,2639,26.39,0.24820007578628267,3115.130271096966,0.0,9.999000099990002e-05,3120.472111930669,0.0,9.999000099990002e-05,0.0,0.3220003513987428,1.4072600279163179,0.2739394988682829,30.379739192363015,46.79608540902583,
chronos_base,aapl,0.025,e2,equity_single,2639,65.97500000000001,0.29291398256915496,2605.6747259211284,0.0,9.999000099990002e-05,2607.0447431684156,0.0,9.999000099990002e-05,0.0,0.3861761605937401,1.394645644909074,0.1717015341296957,18.613080825286005,25.87243672325334,
chronos_base,aapl,0.05,e2,equity_single,2639,131.95000000000002,0.3361121636983706,2124.5643926945713,0.0,9.999000099990002e-05,2124.7016603545403,0.0,9.999000099990002e-05,0.0,0.43781692118113874,1.3824124366365416,0.12034635329561384,13.195099137191637,17.083831625307973,
chronos_base,aapl,0.01,e3,equity_single,2639,26.39,0.2955665024630542,4017.365333834998,0.0,9.999000099990002e-05,4019.415799948543,0.0,9.999000099990002e-05,0.0,0.3762118321364093,1.377624170638855,0.2681705352580958,55.69890335178349,78.46358975063842,
chronos_base,aapl,0.025,e3,equity_single,2639,65.97500000000001,0.3376278893520273,3287.079684161871,0.0,9.999000099990002e-05,3287.1082291310136,0.0,9.999000099990002e-05,0.0,0.42371156997165793,1.3722189071128816,0.16894047055832395,30.801654059327117,40.47203955897108,
chronos_base,aapl,0.05,e3,equity_single,2639,131.95000000000002,0.3671845395983327,2507.079245253889,0.0,9.999000099990002e-05,2508.0813946917087,0.0,9.999000099990002e-05,0.0,0.4661762192860465,1.3675189298460058,0.11904979433641831,21.919668104205115,26.571046128566632,
moirai_1_1,aapl,0.01,e0,equity_single,2639,26.39,0.020841227737779463,23.872734276694246,1.029191894867302e-06,9.999000099990002e-05,26.21514900997215,2.029797537743709e-06,9.999000099990002e-05,7.979610549236809e-10,0.06933873838758373,1.3526783606693087,0.26331454379499764,,,
moirai_1_1,aapl,0.025,e0,equity_single,2639,65.97500000000001,0.04319818112921561,29.55035166081609,5.448276764098483e-08,9.999000099990002e-05,31.95657359798338,1.1500539472955046e-07,9.999000099990002e-05,8.445475280977913e-12,0.1338537265433169,1.432048373066303,0.1763063639147203,,,
moirai_1_1,aapl,0.05,e0,equity_single,2639,131.95000000000002,0.07805987116331944,37.63573065544938,8.526816073646402e-10,9.999000099990002e-05,41.89987234315777,7.971835427818613e-10,9.999000099990002e-05,1.5975811289492445e-10,0.21303266194225956,1.4000391525117961,0.12188085263889667,,,
moirai_1_1,aapl,0.01,e1,equity_single,2639,26.39,0.042061386888973096,152.46318462013141,5.018736848712148e-35,9.999000099990002e-05,154.54779226359062,2.7565972261011058e-34,9.999000099990002e-05,4.658013721773846e-62,0.08532696039273562,1.461267395906433,0.28445265992517244,2.7560023497408195,4.358597849864212,
moirai_1_1,aapl,0.025,e1,equity_single,2639,65.97500000000001,0.06062902614626753,98.91588994332346,2.634569734707019e-23,9.999000099990002e-05,103.67593508432401,3.069423001992349e-23,9.999000099990002e-05,3.618530808163286e-32,0.14314854252131437,1.4449130461893696,0.17789019570695425,1.9967041320503573,2.130208232112164,
moirai_1_1,aapl,0.05,e1,equity_single,2639,131.95000000000002,0.09094353921940129,75.76878202184889,3.1890325400989627e-18,9.999000099990002e-05,79.57808609864219,5.246119311801234e-18,9.999000099990002e-05,4.846518358398649e-21,0.2170412223518093,1.4077049545567701,0.12254820146819634,1.5825529419268214,1.3022174936864328,
moirai_1_1,aapl,0.01,e2,equity_single,2639,26.39,0.011367942402425162,0.4777243214901432,0.48945491763019644,0.49535046495350465,1.1679235922991893,0.5576845516099997,0.5453454654534546,0.47040501788606537,0.06489568067611638,1.4237219582291514,0.2771440046815969,1.8493833504019175,0.0653704390562504,
moirai_1_1,aapl,0.025,e2,equity_single,2639,65.97500000000001,0.030693444486547934,3.275978828514667,0.07030097819185764,0.07079292070792921,4.484832593140368,0.10620157958850406,0.11248875112488751,0.009052561630903228,0.1285614179159254,1.4346055829595472,0.1766211943258462,1.6025257303240934,0.16463064194174093,
moirai_1_1,aapl,0.05,e2,equity_single,2639,131.95000000000002,0.05759757483895415,3.0638451949482715,0.08005202341038561,0.0851914808519148,8.622935130752467,0.01341384944114794,0.013998600139986002,0.009034804837048521,0.2080395697282342,1.4371113128774329,0.1251081813221148,1.380241475885441,0.12444451955798952,
moirai_1_1,aapl,0.01,e3,equity_single,2639,26.39,0.017430845017051912,12.047935063128534,0.0005184978353012016,0.0005999400059994001,13.680736828097338,0.0010697092311267155,0.0007999200079992001,0.00012069422372988266,0.06613094700818918,1.4033467457145001,0.27317773306521137,1.9446007315263645,0.9293655935405094,
moirai_1_1,aapl,0.025,e3,equity_single,2639,65.97500000000001,0.03751420992800303,14.73280960077443,0.00012387180172379088,0.00029997000299970003,17.694836822881484,0.00014375236712861237,0.00039996000399960006,2.2154974292670218e-05,0.1285841042419749,1.3824295989556032,0.17019755794845823,1.6366525048044585,0.6086165179196845,
moirai_1_1,aapl,0.05,e3,equity_single,2639,131.95000000000002,0.06593406593406594,12.877286920101824,0.0003325940493082233,0.0007999200079992001,20.100671135318407,4.317125975082597e-05,9.999000099990002e-05,4.993996071257391e-05,0.20855582629811528,1.3957543200795424,0.12150783519197675,1.4019775104867984,0.4081652432983778,
chronos_base,nvda,0.01,e0,equity_single,2639,26.39,0.3819628647214854,5806.848238632046,0.0,9.999000099990002e-05,5808.262327036466,0.0,9.999000099990002e-05,0.0,0.7872109227680975,2.181959462152091,0.4247437358807688,,,
chronos_base,nvda,0.025,e0,equity_single,2639,65.97500000000001,0.38537324744221296,4066.8205475538716,0.0,9.999000099990002e-05,4068.018770979549,0.0,9.999000099990002e-05,0.0,0.8110720181039386,2.181663259618931,0.26859505853573673,,,
chronos_base,nvda,0.05,e0,equity_single,2639,131.95000000000002,0.39143615005683974,2820.9167790275287,0.0,9.999000099990002e-05,2823.794079345068,0.0,9.999000099990002e-05,0.0,0.8408404941646576,2.179905620612798,0.18977237546245868,,,
chronos_base,nvda,0.01,e1,equity_single,2639,26.39,0.3251231527093596,4609.5897732003095,0.0,9.999000099990002e-05,4609.609652429857,0.0,9.999000099990002e-05,0.0,0.6734123244863575,2.194002567900667,0.4270880662022003,79.57313946022177,106.4827739824339,
chronos_base,nvda,0.025,e1,equity_single,2639,65.97500000000001,0.3467222432739674,3431.5560281670987,0.0,9.999000099990002e-05,3432.1139599139183,0.0,9.999000099990002e-05,0.0,0.7315299722618139,2.1875734355050005,0.26932268871930254,44.09437996170973,54.47950960277839,
chronos_base,nvda,0.05,e1,equity_single,2639,131.95000000000002,0.3660477453580902,2492.693180663008,0.0,9.999000099990002e-05,2493.8870419680143,0.0,9.999000099990002e-05,0.0,0.7907228356832768,2.182723941249555,0.1900177252597136,,,27.0
chronos_base,nvda,0.01,e2,equity_single,2639,26.39,0.2625994694960212,3383.0291723412224,0.0,9.999000099990002e-05,3386.081982135633,0.0,9.999000099990002e-05,0.0,0.5600099459236949,2.223020439349678,0.43273673169775645,33.244599154675505,50.50656236822395,
chronos_base,nvda,0.025,e2,equity_single,2639,65.97500000000001,0.3080712391057219,2831.156484545828,0.0,9.999000099990002e-05,2831.369777043933,0.0,9.999000099990002e-05,0.0,0.6679524436487458,2.2029666484198356,0.2712178212085554,21.433869495084593,28.645349879670064,
chronos_base,nvda,0.05,e2,equity_single,2639,131.95000000000002,0.34785903751420993,2266.540977201871,0.0,9.999000099990002e-05,2267.1077841908523,0.0,9.999000099990002e-05,0.0,0.7570020913319191,2.189767990473539,0.1906309471999067,14.223779599054883,17.84119831279476,
chronos_base,nvda,0.01,e3,equity_single,2639,26.39,0.3080712391057219,4265.288406351564,0.0,9.999000099990002e-05,4266.305246058179,0.0,9.999000099990002e-05,0.0,0.6501162392545065,2.2043665978932565,0.4291055449382584,59.36575310563779,82.04986947162477,
chronos_base,nvda,0.025,e3,equity_single,2639,65.97500000000001,0.3448275862068966,3401.297055035144,0.0,9.999000099990002e-05,3401.301546704497,0.0,9.999000099990002e-05,0.0,0.7346117112746557,2.1926595422324926,0.26994886378466454,34.2681043900377,43.28874474351123,
chronos_base,nvda,0.05,e3,equity_single,2639,131.95000000000002,0.3755210306934445,2613.4715791700673,0.0,9.999000099990002e-05,2614.099027674836,0.0,9.999000099990002e-05,0.0,0.8079679943170106,2.1841123258316406,0.1901385915200262,22.377262523154737,26.78713055812229,
moirai_1_1,nvda,0.01,e0,equity_single,2639,26.39,0.017430845017051912,12.047935063128534,0.0005184978353012016,0.0005999400059994001,13.680736828097338,0.0010697092311267155,0.0007999200079992001,1.2892671920680525e-10,0.11873789244518947,3.282864202472208,0.639047622072684,,,
moirai_1_1,nvda,0.025,e0,equity_single,2639,65.97500000000001,0.04319818112921561,29.55035166081609,5.448276764098483e-08,9.999000099990002e-05,31.95657359798338,1.1500539472955046e-07,9.999000099990002e-05,2.149077837893926e-17,0.21866843528839622,2.708624228906626,0.33347175835081244,,,
moirai_1_1,nvda,0.05,e0,equity_single,2639,131.95000000000002,0.07427055702917772,28.661568129874468,8.619752419999858e-08,9.999000099990002e-05,34.17824390062037,3.786941850010641e-08,9.999000099990002e-05,4.610140493942689e-12,0.35486924269631975,2.3959268489474144,0.208578172036282,,,
moirai_1_1,nvda,0.01,e1,equity_single,2639,26.39,0.04016672982190224,138.0070896590138,7.261707960731439e-32,9.999000099990002e-05,139.60355297601473,4.847006969723534e-31,9.999000099990002e-05,1.6240598455187645e-65,0.1343737119736725,2.6156681073783266,0.509170157843478,3.120183848663552,3.9751124233360775,
moirai_1_1,nvda,0.025,e1,equity_single,2639,65.97500000000001,0.05949223190602501,93.43737429585394,4.1925861711770895e-22,9.999000099990002e-05,94.96465878587492,2.391587950941218e-21,9.999000099990002e-05,2.0475532102479125e-34,0.23368372241499544,2.4636286434101944,0.303309173296827,2.4655474202285665,1.9865515956849205,
moirai_1_1,nvda,0.05,e1,equity_single,2639,131.95000000000002,0.08753315649867374,64.58343210958674,9.253013848740008e-16,9.999000099990002e-05,68.05818398403585,1.6647657167861022e-15,9.999000099990002e-05,3.70940409566126e-24,0.36375940522710054,2.3326352338965486,0.20306830040629745,2.1008990710181816,1.1930769021513896,
moirai_1_1,nvda,0.01,e2,equity_single,2639,26.39,0.00909435392194013,0.22548232328961149,0.6348940413252147,0.702029797020298,0.6661924172224758,0.7167012380078832,0.8205179482051795,0.6443175973809863,0.10407022968774782,3.4243084827131574,0.6665813930022557,2.2873028893537724,-0.15288703244909174,
moirai_1_1,nvda,0.025,e2,equity_single,2639,65.97500000000001,0.030693444486547934,3.275978828514667,0.07030097819185764,0.07079292070792921,8.408632520899573,0.014930991489150619,0.012898710128987101,0.0015970096097874947,0.2103115796397783,2.673513124045877,0.32914906133341176,2.0801715937478904,0.1308285060306551,
moirai_1_1,nvda,0.05,e2,equity_single,2639,131.95000000000002,0.058734369079196665,4.023212588649358,0.04487815078018241,0.051594840515948405,5.365559144127474,0.06837284254133963,0.07079292070792921,0.00036429352643319236,0.34836290768315253,2.4364999604797033,0.21211027713412622,1.8911476033482997,0.12604527697451906,
moirai_1_1,nvda,0.01,e3,equity_single,2639,26.39,0.014399393709738537,4.541346183555731,0.03308556283514009,0.036996300369963,5.652154962841848,0.05924478726891666,0.0367963203679632,0.0019094342527952181,0.10932926547815615,3.0687783418175294,0.5973733243458,2.3869799748367173,0.5764995180920978,
moirai_1_1,nvda,0.025,e3,equity_single,2639,65.97500000000001,0.03713527851458886,13.905814170454278,0.0001922029881391682,0.0005999400059994001,21.469896224895933,2.1770643754292623e-05,0.00019998000199980003,6.725340401556909e-09,0.21450366663570558,2.6072377186199227,0.3209895773610901,2.127613630916735,0.5323729635679104,
moirai_1_1,nvda,0.05,e3,equity_single,2639,131.95000000000002,0.070481242895036,20.79012371632257,5.124655662463081e-06,9.999000099990002e-05,23.421826557186478,8.20379850535048e-06,9.999000099990002e-05,5.353728147937555e-09,0.35288828646063364,2.383677055774333,0.20751176240487515,1.9217136005219162,0.4362545162714735,
chronos_base,audusd,0.01,e0,fx,2734,27.34,0.3792977322604243,5956.016751190752,0.0,9.999000099990002e-05,5962.430127243706,0.0,9.999000099990002e-05,0.0,0.16986879239098251,0.41837825666504413,0.08001471281361489,,,
chronos_base,audusd,0.025,e0,fx,2734,68.35000000000001,0.3862472567666423,4228.5063135689215,0.0,9.999000099990002e-05,4236.355667904964,0.0,9.999000099990002e-05,0.0,0.17530979343339742,0.4184831272814462,0.05061843259042715,,,
chronos_base,audusd,0.05,e0,fx,2734,136.70000000000002,0.3928310168251646,2941.579755384063,0.0,9.999000099990002e-05,2948.4679077056003,0.0,9.999000099990002e-05,0.0,0.1818415617910476,0.41915872029052836,0.035850420044654316,,,
chronos_base,audusd,0.01,e1,fx,2734,27.34,0.3339429407461595,4962.878690618731,0.0,9.999000099990002e-05,4963.947202336684,0.0,9.999000099990002e-05,0.0,0.14530890457301263,0.41681871509428464,0.0797164509682219,58.88452620730998,89.1981653559712,
chronos_base,audusd,0.025,e1,fx,2734,68.35000000000001,0.35515727871250913,3695.698284890176,0.0,9.999000099990002e-05,3700.4331465864075,0.0,9.999000099990002e-05,0.0,0.15787048461748573,0.4177021947396041,0.05052397339088022,27.28897866399844,40.22449972269822,
chronos_base,audusd,0.05,e1,fx,2734,136.70000000000002,0.36795903438185806,2607.5017318149394,0.0,9.999000099990002e-05,2612.8073516511367,0.0,9.999000099990002e-05,0.0,0.17049512979260698,0.41851636765232225,0.035795479968779194,15.394438394727409,22.30168786599378,
chronos_base,audusd,0.01,e2,fx,2734,27.34,0.31199707388441844,4500.300882119499,0.0,9.999000099990002e-05,4500.518512159273,0.0,9.999000099990002e-05,0.0,0.13405869006581034,0.41715619451506325,0.07978099380357226,43.602477449020675,69.85549281116924,
chronos_base,audusd,0.025,e2,fx,2734,68.35000000000001,0.34125822970007313,3464.9176253326177,0.0,9.999000099990002e-05,3467.4095295061024,0.0,9.999000099990002e-05,0.0,0.15158367280517543,0.4174287798860728,0.05049090197071902,21.865624234344228,33.41004792816799,
chronos_base,audusd,0.05,e2,fx,2734,136.70000000000002,0.3617410387710315,2526.239822825214,0.0,9.999000099990002e-05,2530.7366719403753,0.0,9.999000099990002e-05,0.0,0.1671681195800186,0.41837127521529716,0.035783070290629,13.253824636750226,19.555184471436796,
chronos_base,audusd,0.01,e3,fx,2734,27.34,0.34564740307242137,5214.454778450354,0.0,9.999000099990002e-05,5218.513903969199,0.0,9.999000099990002e-05,0.0,0.15084341772109994,0.4149537884434812,0.07935978432026566,62.80326494909674,92.69245760289681,
chronos_base,audusd,0.025,e3,fx,2734,68.35000000000001,0.3686905632772495,3924.839183500781,0.0,9.999000099990002e-05,3930.073529011647,0.0,9.999000099990002e-05,0.0,0.16509021464635784,0.41665941492304454,0.050397841949944774,30.17526185795086,43.0411071884248,
chronos_base,audusd,0.05,e3,fx,2734,136.70000000000002,0.3840526700804682,2822.032890164661,0.0,9.999000099990002e-05,2828.766302991335,0.0,9.999000099990002e-05,0.0,0.17775034456229394,0.4180981045438131,0.035759706149928794,17.383934884978164,24.38123670498013,
moirai_1_1,audusd,0.01,e0,fx,2734,27.34,0.011704462326261888,0.7606722092641007,0.38311823833166114,0.3785621437856214,1.5189276380148726,0.46791724809567237,0.38076192380761925,4.532979069230244e-08,0.02206413972544473,0.6953711482615899,0.13298951807519563,,,
moirai_1_1,audusd,0.025,e0,fx,2734,68.35000000000001,0.03145574250182882,4.326510372998769,0.037523099383066416,0.044495550444955505,5.818360878796852,0.054520394331249326,0.051294870512948704,6.452836950836424e-07,0.043149424571488126,0.5273747730087106,0.06378963130687916,,,
moirai_1_1,audusd,0.05,e0,fx,2734,136.70000000000002,0.06766642282370154,16.253638282789098,5.5403102253935114e-05,0.00039996000399960006,22.788944721979533,1.1257540794787597e-05,0.00019998000199980003,3.807983443497502e-13,0.07219338416031754,0.44924254989805107,0.03842347382064149,,,
moirai_1_1,audusd,0.01,e1,fx,2734,27.34,0.026700804681784932,52.84248660918581,3.613984915963566e-13,9.999000099990002e-05,53.432336952589935,2.4964073532964064e-12,9.999000099990002e-05,2.939952243546745e-30,0.023772990268870538,0.5482537708781784,0.10485336493220322,1.0865207460255553,2.161263519357667,
moirai_1_1,audusd,0.025,e1,fx,2734,68.35000000000001,0.04754937820043892,45.28908599653846,1.699938153734592e-11,9.999000099990002e-05,46.24999292183202,9.056109039946681e-11,9.999000099990002e-05,3.507804131153057e-24,0.04473301559488561,0.4884678089938003,0.05908356454600255,0.7021494659382712,1.209908211840864,
moirai_1_1,audusd,0.05,e1,fx,2734,136.70000000000002,0.07461594732991954,30.49425570226117,3.348565422009629e-08,9.999000099990002e-05,40.94567426828712,1.2845759999926793e-09,9.999000099990002e-05,1.331551131943534e-19,0.07309253227843898,0.45187235189912045,0.03864839937224939,0.46418551113555323,0.731699835890457,
moirai_1_1,audusd,0.01,e2,fx,2734,27.34,0.016093635698610095,8.65657110111971,0.0032588396544693016,0.0040995900409959,10.096575862825375,0.00642031606352968,0.0037996200379962005,6.47832360045614e-11,0.022248000794352074,0.6222336532087182,0.11900199465748632,0.851111256391426,0.731352657825453,
moirai_1_1,audusd,0.025,e2,fx,2734,68.35000000000001,0.03182150694952451,4.81116921249054,0.02827585418776366,0.033996600339966,10.533288921957592,0.00516089914904185,0.0046995300469953,6.370743809039918e-08,0.04348187372418015,0.534047176225962,0.06459670468797976,0.591151478514858,0.36915473393775655,
moirai_1_1,audusd,0.05,e2,fx,2734,136.70000000000002,0.06291148500365765,8.900724167898943,0.0028505758361596968,0.004299570042995701,13.256403926453231,0.0013225389230771523,0.0027997200279972004,1.0496438218864083e-09,0.07208588179116317,0.46648685500120224,0.03989836996713618,0.3977509781578423,0.30864593871549695,
moirai_1_1,audusd,0.01,e3,fx,2734,27.34,0.019385515727871252,19.089792110613757,1.2471013559345637e-05,9.999000099990002e-05,21.186197428706578,2.5088556945807613e-05,9.999000099990002e-05,1.434013217205097e-13,0.022506953614848287,0.5576377204468715,0.10664804239890906,0.9152181288884405,1.179465164027914,
moirai_1_1,audusd,0.025,e3,fx,2734,68.35000000000001,0.04023408924652524,22.03872170837883,2.6720511052396605e-06,9.999000099990002e-05,31.267504922054172,1.6231085846024085e-07,9.999000099990002e-05,1.663168491295196e-12,0.04334424550054013,0.48942530917214977,0.05919938082406364,0.6089455655029399,0.7307315110335877,
moirai_1_1,audusd,0.05,e3,fx,2734,136.70000000000002,0.07351865398683248,27.98264077593376,1.224086320387469e-07,9.999000099990002e-05,35.5762510258694,1.882414442932521e-08,9.999000099990002e-05,5.115954448901057e-15,0.07233791259903005,0.4395700032739046,0.037596186106963955,0.41262320676199815,0.5493859495679059,
chronos_base,gbpusd,0.01,e0,fx,2734,27.34,0.38514996342355523,6087.696561395972,0.0,9.999000099990002e-05,6088.857231566104,0.0,9.999000099990002e-05,0.0,0.1530657229376341,0.43773034161677005,0.08371579310421116,,,
chronos_base,gbpusd,0.025,e0,fx,2734,68.35000000000001,0.3917337234820775,4324.866286254218,0.0,9.999000099990002e-05,4326.187837698064,0.0,9.999000099990002e-05,0.0,0.1575985636263494,0.4376390592381286,0.05293547523144148,,,
chronos_base,gbpusd,0.05,e0,fx,2734,136.70000000000002,0.39831748354059987,3017.1945775015483,0.0,9.999000099990002e-05,3019.155223200706,0.0,9.999000099990002e-05,0.0,0.16306133131372946,0.43775630716333336,0.037441061653505685,,,
chronos_base,gbpusd,0.01,e1,fx,2734,27.34,0.3408924652523775,5111.849468321918,0.0,9.999000099990002e-05,5112.808808575855,0.0,9.999000099990002e-05,0.0,0.13348210873016192,0.4447835031009628,0.08506470806715476,68.58919866484659,99.4628303983066,
chronos_base,gbpusd,0.025,e1,fx,2734,68.35000000000001,0.358814923189466,3757.2000674572173,0.0,9.999000099990002e-05,3757.732376339963,0.0,9.999000099990002e-05,0.0,0.1437867765061888,0.4423203648100907,0.0535017115623275,36.49405515014438,49.27050196279319,
chronos_base,gbpusd,0.05,e1,fx,2734,136.70000000000002,0.3723482077542063,2665.4107872269938,0.0,9.999000099990002e-05,2665.9322935016257,0.0,9.999000099990002e-05,0.0,0.15410250583612692,0.44077841834051196,0.0376995411980763,22.88584377723646,29.76834333796565,
chronos_base,gbpusd,0.01,e2,fx,2734,27.34,0.30541331382589615,4363.8995798293645,0.0,9.999000099990002e-05,4366.800259091351,0.0,9.999000099990002e-05,0.0,0.11735296146067549,0.4525295788143914,0.08654614266316608,43.08623478076798,67.3090170677261,
chronos_base,gbpusd,0.025,e2,fx,2734,68.35000000000001,0.3405267008046818,3452.9006578042226,0.0,9.999000099990002e-05,3454.2887091688353,0.0,9.999000099990002e-05,0.0,0.13497794301099122,0.44512946415488414,0.05384149158344317,20.891876948877048,31.933075411649348,
chronos_base,gbpusd,0.05,e2,fx,2734,136.70000000000002,0.36137527432333577,2521.4881602926816,0.0,9.999000099990002e-05,2522.1502832170945,0.0,9.999000099990002e-05,0.0,0.14953661283692368,0.4421344942248993,0.03781552563956428,12.850628749044825,19.003956060277094,
chronos_base,gbpusd,0.01,e3,fx,2734,27.34,0.3405267008046818,5103.979496050276,0.0,9.999000099990002e-05,5104.9939627886,0.0,9.999000099990002e-05,0.0,0.130815939470372,0.44459155188658384,0.08502799745648587,56.91877042766557,84.63386267270101,
chronos_base,gbpusd,0.025,e3,fx,2734,68.35000000000001,0.365764447695684,3874.928295430136,0.0,9.999000099990002e-05,3876.1764584482544,0.0,9.999000099990002e-05,0.0,0.14595588599121523,0.44093685102579167,0.05333436598812621,29.2247696395132,41.32513961600593,
chronos_base,gbpusd,0.05,e3,fx,2734,136.70000000000002,0.3880760790051207,2876.604996634761,0.0,9.999000099990002e-05,2877.622156546169,0.0,9.999000099990002e-05,0.0,0.15829700303152539,0.43847067148860114,0.037502160850268224,22.056584992965348,28.535895126866624,
moirai_1_1,gbpusd,0.01,e0,fx,2734,27.34,0.01572787125091441,7.715818212036595,0.005473904470509334,0.007099290070992901,7.855416068785928,0.01968874680954394,0.014998500149985002,2.305814002069348e-06,0.023323745330873856,0.9606787121939072,0.18372950801764573,,,
moirai_1_1,gbpusd,0.025,e0,fx,2734,68.35000000000001,0.03584491587417703,11.654905731884128,0.0006403344910452314,0.0011998800119988001,11.739763098594949,0.002823207725148932,0.0027997200279972004,1.4647070922750677e-10,0.0422897305727352,0.7583197120518335,0.09172402117104349,,,
moirai_1_1,gbpusd,0.05,e0,fx,2734,136.70000000000002,0.06766642282370154,16.253638282789098,5.5403102253935114e-05,0.00039996000399960006,20.975007799277137,2.7882706510804398e-05,0.00019998000199980003,2.3624804178198233e-09,0.06760640816378582,0.6259072401616228,0.05353350981993527,,,
moirai_1_1,gbpusd,0.01,e1,fx,2734,27.34,0.03328456474030724,93.04572544744326,5.110000860475559e-22,9.999000099990002e-05,93.04604435144267,6.241776124104875e-21,9.999000099990002e-05,6.20923475203104e-41,0.024465609380976618,0.797084532913461,0.15244217158327694,1.2161306233734448,3.0428432001960486,
moirai_1_1,gbpusd,0.025,e1,fx,2734,68.35000000000001,0.05084125822970007,57.922661748076735,2.726282051466069e-14,9.999000099990002e-05,59.65128211776323,1.1140089215447036e-13,9.999000099990002e-05,7.030150825767196e-26,0.043335663185140774,0.6878349250552547,0.08319839801769367,0.7023446147779265,1.490029327230042,
moirai_1_1,gbpusd,0.05,e1,fx,2734,136.70000000000002,0.07351865398683248,27.98264077593376,1.224086320387469e-07,9.999000099990002e-05,35.5762510258694,1.882414442932521e-08,9.999000099990002e-05,2.7457077533315356e-14,0.06780343591262064,0.6138559366734105,0.05250276831027861,0.3954849320828804,0.8114319894353588,
moirai_1_1,gbpusd,0.01,e2,fx,2734,27.34,0.011704462326261888,0.7606722092641007,0.38311823833166114,0.3785621437856214,4.380341513409348,0.11189763971367028,0.0826917308269173,9.407243083327246e-09,0.02242615462789174,1.1745406985851834,0.2246305470899205,0.8345173356344113,0.363450224588292,
moirai_1_1,gbpusd,0.025,e2,fx,2734,68.35000000000001,0.02852962692026335,1.3374695972364634,0.24748070323052945,0.2626737326267373,1.3626268186282005,0.5059520336662,0.5108489151084892,0.00045182357790301105,0.04108403516387965,0.8555116950660389,0.10348006465239944,0.5137925555469973,0.225546622333074,
moirai_1_1,gbpusd,0.05,e2,fx,2734,136.70000000000002,0.05888807607900512,4.31229002123564,0.03783799334529474,0.0377962203779622,7.150220096388011,0.028012342896846707,0.028697130286971302,3.007684544847389e-06,0.06650024297738606,0.6612187310085247,0.05655368265180897,0.2966271291846798,0.20632872182964412,
moirai_1_1,gbpusd,0.01,e3,fx,2734,27.34,0.013899049012435992,3.7439238856525776,0.05299984459386865,0.05069493050694931,6.243109941769603,0.04408855866535467,0.0292970702929707,6.761044429238467e-07,0.022768764915665738,1.0773287400882399,0.20603878994846514,0.9071120301575348,0.707953991707545,
moirai_1_1,gbpusd,0.025,e3,fx,2734,68.35000000000001,0.035479151426481344,10.922501555801318,0.0009500323897773441,0.0013998600139986002,11.680585500264556,0.0029079911863846863,0.0028997100289971,1.159247500685907e-06,0.04124750043571382,0.7787188139981828,0.09419143383230018,0.5358937972723187,0.5099404435357384,
moirai_1_1,gbpusd,0.05,e3,fx,2734,136.70000000000002,0.06583760058522312,13.186424937594666,0.0002819843217033694,0.0004999500049995,17.14214961495145,0.0001895088547774424,0.0004999500049995,5.989942303349027e-07,0.0666888065530887,0.632071631822062,0.054060746925233556,0.30772842099461883,0.36196443013583846,
chronos_base,dgs10,0.01,e0,rates,2625,26.25,0.05714285714285714,281.37947887889845,3.7582562048135554e-63,9.999000099990002e-05,281.42369272589053,7.755710437512117e-62,9.999000099990002e-05,3.140693153039818e-147,0.2635358603857314,3.241674217558119,0.6327100210780695,,,
chronos_base,dgs10,0.025,e0,rates,2625,65.625,0.08457142857142858,238.1170724147953,1.0122187785040438e-53,9.999000099990002e-05,239.73115821283818,8.770824558038638e-53,9.999000099990002e-05,6.143122006965646e-98,0.4338406921793166,3.4492766744754784,0.42578795665413627,,,
chronos_base,dgs10,0.05,e0,rates,2625,131.25,0.12266666666666666,211.43392113745085,6.683897882879696e-48,9.999000099990002e-05,212.07824520271947,8.867356894733108e-47,9.999000099990002e-05,1.8216247237509975e-79,0.6733659504831095,3.4376797997541937,0.3000652932836996,,,
chronos_base,dgs10,0.01,e1,rates,2625,26.25,0.061714285714285715,325.37535954650025,9.773755847166954e-73,9.999000099990002e-05,325.8598899173169,1.7394981357944198e-71,9.999000099990002e-05,6.330884708417193e-230,0.27086851901277986,3.4530423685514213,0.6739648598727416,4.66353357566096,6.743284253926382,
chronos_base,dgs10,0.025,e1,rates,2625,65.625,0.09028571428571429,277.6553024676398,2.43530801981067e-62,9.999000099990002e-05,277.9926098515425,4.3119306345300656e-61,9.999000099990002e-05,1.7160184353346974e-160,0.4653202449041014,3.4135574758622713,0.42137868305095294,3.7724562833425725,3.713442198051787,
chronos_base,dgs10,0.05,e1,rates,2625,131.25,0.12914285714285714,245.66061371832507,2.2934939132779e-55,9.999000099990002e-05,246.18098994113916,3.487203240192125e-54,9.999000099990002e-05,2.349674633081678e-138,0.7067235774089053,3.4242286332737852,0.2988911792154725,3.3028336465591246,2.461792518559356,
chronos_base,dgs10,0.01,e2,rates,2625,26.25,0.04038095238095238,138.8766787905722,4.68667636687847e-32,9.999000099990002e-05,138.89726898966614,6.899875638136765e-31,9.999000099990002e-05,1.711738522462971e-96,0.22502671669670526,3.42135350456475,0.6677798269374918,3.6260726541645902,3.555065528146386,
chronos_base,dgs10,0.025,e2,rates,2625,65.625,0.072,159.13997462074713,1.7440406153248514e-36,9.999000099990002e-05,159.75769720274502,2.0373086618303474e-35,9.999000099990002e-05,1.1325969138310163e-88,0.4257928273578857,3.3932413111182544,0.4188708012282461,3.2290760451519196,2.326555891713182,
chronos_base,dgs10,0.05,e2,rates,2625,131.25,0.11314285714285714,164.84647073504334,9.882076298420984e-38,9.999000099990002e-05,164.9465153952051,1.5216657914107647e-36,9.999000099990002e-05,4.76048829117606e-95,0.6798898824062611,3.4031502940049174,0.29705131092550013,2.955336026438461,1.681688604098242,
chronos_base,dgs10,0.01,e3,rates,2625,26.25,0.02857142857142857,60.89359347407242,6.0244573790431265e-15,9.999000099990002e-05,61.21799362899128,5.089575801087394e-14,9.999000099990002e-05,8.58128678209016e-33,0.19448222178902594,3.5395450437698686,0.6908484532839267,3.222886116251916,2.2053801927698613,
chronos_base,dgs10,0.025,e3,rates,2625,65.625,0.06133333333333333,101.82727650321976,6.058021438887646e-24,9.999000099990002e-05,101.82896856099455,7.72894875876284e-23,9.999000099990002e-05,5.7159133005828204e-46,0.38654551398613135,3.3276038915073265,0.41076834224517916,2.9254738324028593,1.6685412993481474,
chronos_base,dgs10,0.05,e3,rates,2625,131.25,0.10780952380952381,140.80967175835872,1.7707643230321487e-32,9.999000099990002e-05,140.90624914737577,2.5269506752645644e-31,9.999000099990002e-05,6.987393718949515e-55,0.6477266345113556,3.320820069702351,0.2898649397855153,2.743376861652854,1.3511647936885582,
moirai_1_1,dgs10,0.01,e0,rates,2625,26.25,0.01180952380952381,0.820602710961623,0.3650040062471387,0.36996300369963003,1.5618467477262357,0.45798292653845685,0.37716228377162286,0.00042718147696995263,0.17558902048114605,3.2800848087283168,0.640207000823068,,,
moirai_1_1,dgs10,0.025,e0,rates,2625,65.625,0.03123809523809524,3.888046485969994,0.048630958362949686,0.052894710528947106,5.193139669814741,0.0745287863023346,0.07589241075892411,0.002888714302388217,0.34737598341135767,3.288816557646571,0.405980329804529,,,
moirai_1_1,dgs10,0.05,e0,rates,2625,131.25,0.06247619047619048,7.998104167295423,0.00468263523677902,0.0051994800519948,13.488571872444254,0.0011775892529976894,0.0016998300169983002,7.785314017059021e-06,0.5826396034208935,3.247554110704984,0.28346976258610646,,,
moirai_1_1,dgs10,0.01,e1,rates,2625,26.25,0.02666666666666667,50.55679573076657,1.1576563872871541e-12,9.999000099990002e-05,51.06477543045628,8.155017652555798e-12,9.999000099990002e-05,2.621454452868727e-22,0.18794112288268128,3.549344727045647,0.6927611556086677,3.0990153651547696,2.080408595908172,
moirai_1_1,dgs10,0.025,e1,rates,2625,65.625,0.045714285714285714,37.261894101292,1.03283135904426e-09,9.999000099990002e-05,37.74705302024165,6.358161904315863e-09,9.999000099990002e-05,1.6236882712194846e-13,0.36170465966988874,3.412933684820581,0.42130168061302564,2.7535333678432603,1.1067791241842335,
moirai_1_1,dgs10,0.05,e1,rates,2625,131.25,0.07161904761904762,22.912474209486618,1.695479764948415e-06,9.999000099990002e-05,25.868227819696358,2.414269237427117e-06,9.999000099990002e-05,8.16196945981813e-13,0.5945420548836751,3.3383380352748375,0.2913940331808972,2.5282083723157838,0.6554848932011099,
moirai_1_1,dgs10,0.01,e2,rates,2625,26.25,0.014857142857142857,5.442517918525198,0.019652319811581147,0.023997600239976002,5.701781496075569,0.0577928191004797,0.03849615038496151,0.0008430155091094006,0.17234387843223162,3.574272257414666,0.6976265113497783,2.863751495837877,0.5991694817995492,
moirai_1_1,dgs10,0.025,e2,rates,2625,65.625,0.03238095238095238,5.375115341781793,0.020425990401074703,0.0225977402259774,6.9317698120075875,0.031245343996761217,0.0287971202879712,0.00020648277869457417,0.3474863822562259,3.460939983099188,0.4272277067279604,2.635744478317975,0.37116838974885424,
moirai_1_1,dgs10,0.05,e2,rates,2625,131.25,0.061714285714285715,7.080289656577634,0.0077936411186387234,0.008899110088991101,12.235211432044025,0.0022037259973929787,0.0037996200379962005,1.8211683359334604e-06,0.5839454017890734,3.337074300056284,0.2912837253276134,2.4572440608253867,0.28729393630004174,
moirai_1_1,dgs10,0.01,e3,rates,2625,26.25,0.014476190476190476,4.667139725779521,0.03074509082003955,0.040195980401959805,5.783962596083768,0.05546620858163053,0.036196380361963806,9.543427709914062e-05,0.16638999840959842,3.5039149063820996,0.6838941625487488,2.8212277770065377,0.529385022738952,
moirai_1_1,dgs10,0.025,e3,rates,2625,65.625,0.03276190476190476,5.919815018729992,0.014971530326233457,0.0193980601939806,7.564825701116206,0.02276769006306819,0.019598040195980403,0.0004678076015830723,0.3465254233172418,3.1947066870768874,0.3943631551698082,2.623286691132202,0.35131713558222266,
moirai_1_1,dgs10,0.05,e3,rates,2625,131.25,0.06514285714285714,11.616404677786022,0.000653726472732989,0.0008999100089991,20.87514540278812,2.9310266776361736e-05,9.999000099990002e-05,1.1785046569561284e-07,0.5845207658482362,3.2596160642760075,0.28452261621026376,2.455019748160608,0.3202280298336144,
chronos_base,dgs2,0.01,e0,rates,2625,26.25,0.06819047619047619,390.9193442659041,5.22078127374745e-87,9.999000099990002e-05,393.7321497885098,3.177971509734351e-86,9.999000099990002e-05,1.4553012542919903e-228,0.33742560832679147,4.546008256071954,0.8872899577450509,,,
chronos_base,dgs2,0.025,e0,rates,2625,65.625,0.10628571428571429,399.1234468985051,8.545741659234883e-89,9.999000099990002e-05,400.3224805191635,1.177817124596711e-87,9.999000099990002e-05,4.940491982016843e-177,0.5288545645981235,4.938195548766257,0.6095840927540195,,,
chronos_base,dgs2,0.05,e0,rates,2625,131.25,0.15695238095238095,413.9546444126913,5.0502385743187684e-92,9.999000099990002e-05,413.96082490020945,1.2869124750656041e-90,9.999000099990002e-05,3.538083113798158e-167,0.7526422912401806,4.713342182468883,0.41141423480746697,,,
chronos_base,dgs2,0.01,e1,rates,2625,26.25,0.112,913.6431226048139,1.0616819375261023e-200,9.999000099990002e-05,921.6831435523127,7.228502673681438e-201,9.999000099990002e-05,0.0,0.4040451795653623,4.782539711630303,0.9334561706918539,,,65.0
chronos_base,dgs2,0.025,e1,rates,2625,65.625,0.14933333333333335,792.0083767119809,2.9484565678222077e-174,9.999000099990002e-05,793.6989721255195,4.471549644684311e-173,9.999000099990002e-05,0.0,0.5798299657731869,4.662010679425702,0.5754910923155472,,,65.0
chronos_base,dgs2,0.05,e1,rates,2625,131.25,0.18171428571428572,589.8737844629836,2.669085910110576e-130,9.999000099990002e-05,589.9847995298614,7.69889822763208e-129,9.999000099990002e-05,1.464871857647383e-271,0.7892186688343578,4.630096765458928,0.4041479790987759,,,66.0
chronos_base,dgs2,0.01,e2,rates,2625,26.25,0.05028571428571429,219.25872079262444,1.3124316685320931e-49,9.999000099990002e-05,234.61762544299313,1.1309149792141993e-51,9.999000099990002e-05,3.619272431793653e-238,0.2396465998796243,3.8435077685394345,0.7501759023391776,,,64.0
chronos_base,dgs2,0.025,e2,rates,2625,65.625,0.09333333333333334,299.60375213078987,4.01883912596833e-67,9.999000099990002e-05,302.9128951008279,1.6722475956017288e-66,9.999000099990002e-05,8.0443660262786e-183,0.44201198633786704,4.276091050404242,0.527852139056236,,,64.0
chronos_base,dgs2,0.05,e2,rates,2625,131.25,0.14819047619047618,357.38695865398495,1.0436908567452201e-79,9.999000099990002e-05,360.4142395353183,5.458110015746004e-79,9.999000099990002e-05,1.6130407234435913e-174,0.6934928315019864,4.405155346400072,0.3845134823412904,,,64.0
chronos_base,dgs2,0.01,e3,rates,2625,26.25,0.048,199.66994944461192,2.46522524384043e-45,9.999000099990002e-05,242.79069839689623,1.8996330391628996e-53,9.999000099990002e-05,0.0,0.2273677919534466,3.163543606325777,0.6174604872378383,,,98.0
chronos_base,dgs2,0.025,e3,rates,2625,65.625,0.08419047619047619,235.55846820233296,3.6575876045923577e-53,9.999000099990002e-05,255.03632612307524,4.164524677799376e-56,9.999000099990002e-05,8.327360307583932e-157,0.42200473549094336,3.812735694111969,0.4706543120972149,,,98.0
chronos_base,dgs2,0.05,e3,rates,2625,131.25,0.15123809523809523,376.70821523958193,6.481008906254057e-84,9.999000099990002e-05,381.7165648004893,1.2921148805748467e-83,9.999000099990002e-05,1.8565089657937968e-161,0.7025921407295591,4.085663165584765,0.3566259184835254,,,98.0
moirai_1_1,dgs2,0.01,e0,rates,2625,26.25,0.02057142857142857,22.69973095051182,1.8939438605575845e-06,9.999000099990002e-05,23.303178661138418,8.705205912027941e-06,9.999000099990002e-05,1.477817615732644e-16,0.21801471238469622,4.514728781653874,0.8811848294717716,,,
moirai_1_1,dgs2,0.025,e0,rates,2625,65.625,0.038476190476190476,16.836298993845276,4.074642465452663e-05,9.999000099990002e-05,17.07290976323975,0.00019618452616184233,0.00019998000199980003,5.213147841179442e-09,0.39552125985653636,5.161976354182419,0.6372081951003625,,,
moirai_1_1,dgs2,0.05,e0,rates,2625,131.25,0.0739047619047619,27.70503740773097,1.4129430036700736e-07,9.999000099990002e-05,28.173792841981594,7.623222876614743e-07,9.999000099990002e-05,3.036399970478324e-10,0.6175049737484115,5.081864686853349,0.443581516171972,,,
moirai_1_1,dgs2,0.01,e1,rates,2625,26.25,0.0419047619047619,150.44764699498535,1.3839350004730017e-34,9.999000099990002e-05,150.4824650767,2.1044949938739897e-33,9.999000099990002e-05,2.9640636855630126e-71,0.2685646302848112,5.341500645311027,1.0425541738827337,4.132931711609057,4.7020389447936735,
moirai_1_1,dgs2,0.025,e1,rates,2625,65.625,0.05828571428571429,87.29069574178993,9.368759975689848e-21,9.999000099990002e-05,88.38519213057953,6.417995198718386e-20,9.999000099990002e-05,1.5722785187093366e-31,0.4307210121610204,5.308949353432368,0.6553509360109571,3.196580326745342,2.251267418009423,
moirai_1_1,dgs2,0.05,e1,rates,2625,131.25,0.09028571428571429,73.16246194419864,1.1940526459061066e-17,9.999000099990002e-05,74.28249400731329,7.409030375536876e-17,9.999000099990002e-05,1.920014338276188e-24,0.6364950895965701,5.0540772177585485,0.4411560270196259,2.721027246784328,1.4301649231842317,
moirai_1_1,dgs2,0.01,e2,rates,2625,26.25,0.012952380952380953,2.1143635017359657,0.1459227117429421,0.16318368163183683,2.653808816882531,0.26529724338739263,0.17638236176382363,0.0001404449461419867,0.19351993671883824,3.6137733200048405,0.7053363293224374,2.909274265450698,0.3225128701430462,
moirai_1_1,dgs2,0.025,e2,rates,2625,65.625,0.02819047619047619,1.0534744133967706,0.30470825309919675,0.3200679932006799,2.5363900970728537,0.2813389669540971,0.3591640835916408,5.821556357742025e-05,0.3730719009505767,4.738868026932111,0.5849785692670988,2.592923975299513,0.13452631604482246,
moirai_1_1,dgs2,0.05,e2,rates,2625,131.25,0.05904761904761905,4.2864887689449915,0.03841642468756572,0.0410958904109589,4.289500962825741,0.11709725133993094,0.12248775122487751,0.0024111680663609237,0.6039359684897536,4.902367781524042,0.4279137417780316,2.367302193209655,0.1461002473492734,
moirai_1_1,dgs2,0.01,e3,rates,2625,26.25,0.01180952380952381,0.820602710961623,0.3650040062471387,0.36996300369963003,1.5885964252287863,0.45189826016598467,0.34336566343365665,9.593329021513222e-05,0.1846231467131992,3.481331192398404,0.6794862729239213,2.8138191899502543,0.17951515224241232,
moirai_1_1,dgs2,0.025,e3,rates,2625,65.625,0.025142857142857144,0.002193734871070774,0.9626428818246575,1.0,0.3222787529062998,0.8511734293058144,0.8489151084891511,0.046811000426540975,0.36154090674241274,4.312120664268684,0.5322997311499352,2.5419361241887346,-0.0009769656439093666,
moirai_1_1,dgs2,0.05,e3,rates,2625,131.25,0.06476190476190476,11.061415685796419,0.0008814281738796426,0.0012998700129987,11.17106977676599,0.0037517424695143933,0.004899510048995101,0.0006064996971535756,0.5935842905836416,4.564073327401686,0.39838498095518465,2.3510875346753406,0.1985149735384275,
