asset,config,alpha,erule,n,n_alpha,hit_rate,kupiec_stat,kupiec_p_asym,kupiec_p_mc,cc_stat,cc_p_asym,cc_p_mc,dq_p_asym,qs_mean,sigma_tail,prec_floor
aapl,topk50,0.01,e0,2639,26.39,0.3724895793861311,5602.1599914826875,0.0,9.999000099990002e-05,5602.435212217069,0.0,9.999000099990002e-05,0.0,0.4565703333995683,1.366719683241606,0.2660478502149905
aapl,topk50,0.025,e0,2639,65.97500000000001,0.3819628647214854,4009.40861726438,0.0,9.999000099990002e-05,4010.1121548232445,0.0,9.999000099990002e-05,0.0,0.47050703314351955,1.3673545403490488,0.16834159496654305
aapl,topk50,0.05,e0,2639,131.95000000000002,0.38537324744221296,2741.223660187121,0.0,9.999000099990002e-05,2741.780360505151,0.0,9.999000099990002e-05,0.0,0.48608056123259546,1.3683548916751076,0.11912256925869223
aapl,topk500,0.01,e0,2639,26.39,0.0867752936718454,600.5327432159768,1.282103923753433e-132,9.999000099990002e-05,610.8279260411198,2.2929847373210023e-133,9.999000099990002e-05,0.0,0.13990744974194827,1.551253491401802,0.3019694979054385
aapl,topk500,0.025,e0,2639,65.97500000000001,0.09814323607427056,337.19884245993194,2.599681813490756e-75,9.999000099990002e-05,345.1096970182175,1.149162556596072e-75,9.999000099990002e-05,1.3120730126614669e-145,0.18240079066437911,1.5226165938351357,0.187456653241741
aapl,topk500,0.05,e0,2639,131.95000000000002,0.11708980674497915,184.57606692903164,4.856761843178731e-42,9.999000099990002e-05,191.68605088922095,2.3763090417988532e-42,9.999000099990002e-05,1.0783661418825032e-60,0.2441131198207657,1.4824418341948333,0.12905444423827558
aapl,untruncated,0.01,e0,2639,26.39,0.014399393709738537,4.541346183555731,0.03308556283514009,0.036996300369963,4.852386989978527,0.0883725838407454,0.06329367063293671,0.05224520982192109,0.06483297347551242,1.284626304033575,0.2500674210728724
aapl,untruncated,0.025,e0,2639,65.97500000000001,0.027661993179234557,0.7419970602164767,0.38902189860501757,0.413958604139586,1.1825639418126457,0.553617108592734,0.5506449355064493,0.7726277181403602,0.1265516973134859,1.4026139591826217,0.17268255163058557
aapl,untruncated,0.05,e0,2639,131.95000000000002,0.05267146646456991,0.3899856130110493,0.5323069642507776,0.5641435856414359,0.45766763571919,0.7954607138858222,0.788021197880212,0.010628568052781081,0.2051518609710314,1.4020913012747924,0.12205950310058349
audusd,topk50,0.01,e0,2734,27.34,0.3792977322604243,5956.016751190752,0.0,9.999000099990002e-05,5962.430127243706,0.0,9.999000099990002e-05,0.0,0.16984874419609838,0.4183626218071778,0.08001172265186024
audusd,topk50,0.025,e0,2734,68.35000000000001,0.387710314557425,4254.134566523029,0.0,9.999000099990002e-05,4262.939473016757,0.0,9.999000099990002e-05,0.0,0.17572060592885608,0.4188388325795171,0.050661457609785576
audusd,topk50,0.05,e0,2734,136.70000000000002,0.3917337234820775,2926.53949327206,0.0,9.999000099990002e-05,2933.7184833654687,0.0,9.999000099990002e-05,0.0,0.18171742572984917,0.4190974354494546,0.03584517838513846
audusd,topk500,0.01,e0,2734,27.34,0.08266276517922458,572.3386690626185,1.74018379247586e-126,9.999000099990002e-05,572.6674860033397,4.434405780077497e-125,9.999000099990002e-05,0.0,0.038953660057142306,0.462574607282742,0.08846725126595648
audusd,topk500,0.025,e0,2734,68.35000000000001,0.09217264081931237,303.26649136009746,6.399197854871055e-68,9.999000099990002e-05,304.8985566641977,6.196117576086817e-67,9.999000099990002e-05,7.676477834042296e-114,0.05454013530308501,0.45274847213766634,0.0547630633669646
audusd,topk500,0.05,e0,2734,136.70000000000002,0.1141185076810534,176.44091179931934,2.9010535734581486e-40,9.999000099990002e-05,176.64059553976222,4.3952343729182236e-39,9.999000099990002e-05,2.7995987135625196e-52,0.07791538103722831,0.43668128592117456,0.03734911566449797
audusd,untruncated,0.01,e0,2734,27.34,0.011338697878566204,0.4744064955079921,0.4909669287487204,0.49945005499450057,1.1857470460203103,0.5527366989136168,0.5186481351864813,0.07710208146501006,0.020316947163119853,0.7732311071821338,0.14788021125405962
audusd,untruncated,0.025,e0,2734,68.35000000000001,0.024140453547915143,0.08381072786585264,0.7721981483988959,0.8055194480551945,2.8169248388272763,0.2445189618700416,0.3301669833016698,0.24929607586337807,0.04073024099975804,0.6052276936141057,0.07320648125070434
audusd,untruncated,0.05,e0,2734,136.70000000000002,0.04754937820043892,0.35115223913408045,0.5534615990878907,0.5711428857114289,0.46552064041816266,0.7923434594821961,0.8156184381561844,0.00496423430219667,0.06911424670966167,0.4953377371036243,0.042365970405733096
brent,topk50,0.01,e0,2641,26.41,0.38356683074592957,5846.131326812707,0.0,9.999000099990002e-05,5846.224118746173,0.0,9.999000099990002e-05,0.0,0.6986274565222111,2.201426601555104,0.4283709480599515
brent,topk50,0.025,e0,2641,66.025,0.39227565316168117,4186.981754042863,0.0,9.999000099990002e-05,4188.596061824181,0.0,9.999000099990002e-05,0.0,0.7197857424661466,2.197403457995281,0.2704304548878579
brent,topk50,0.05,e0,2641,132.05,0.39681938659598637,2894.5508906984123,0.0,9.999000099990002e-05,2896.47001576429,0.0,9.999000099990002e-05,0.0,0.7399623158658155,2.1959725778185115,0.1910986899378307
brent,topk500,0.01,e0,2641,26.41,0.09238924649753881,668.484137911943,2.13432760745151e-147,9.999000099990002e-05,673.7656959507258,4.9389891994231417e-147,9.999000099990002e-05,0.0,0.22522487026349686,3.0545386517807094,0.594376218232646
brent,topk500,0.025,e0,2641,66.025,0.10412722453616055,384.1936708628741,1.5203591681254274e-85,9.999000099990002e-05,387.7220457900835,6.415455554206416e-85,9.999000099990002e-05,1.1264533696383035e-178,0.28179689800269003,2.9530655667168673,0.3634284189438221
brent,topk500,0.05,e0,2641,132.05,0.12305944717909882,214.7534399995527,1.2614026560312683e-48,9.999000099990002e-05,218.44694234269946,3.6715477094512845e-48,9.999000099990002e-05,1.427191130519315e-79,0.36455451172461883,2.818539592500676,0.24527593336336329
brent,untruncated,0.01,e0,2641,26.41,0.015903067020068155,7.883002638317123,0.004990155961547945,0.0053994600539946005,12.500536762032425,0.0019299361085023904,0.0010998900109989002,1.2200144745879532e-09,0.10753445697619111,3.4848617397469592,0.6781118781151834
brent,untruncated,0.025,e0,2641,66.025,0.02953426732298372,2.107134121596687,0.14661366742030743,0.1501849815018498,4.658976725046614,0.09734553997693396,0.09609039096090391,0.0002321697551959076,0.19411312953676546,3.376153827755305,0.4154971232475464
brent,untruncated,0.05,e0,2641,132.05,0.047330556607345704,0.40306619068110194,0.5255099817444651,0.5375462453754625,0.609813583221694,0.7371920836760529,0.7413258674132587,0.4311078702844352,0.3037242687048939,3.1339629219777665,0.272724812118844
btc,topk50,0.01,e0,3796,37.96,0.36406743940990516,7798.967366066833,0.0,9.999000099990002e-05,7802.910913369083,0.0,9.999000099990002e-05,0.0,0.8741822690147619,2.890703989918043,0.46918111175786925
btc,topk50,0.025,e0,3796,94.9,0.3719704952581665,5527.420581187496,0.0,9.999000099990002e-05,5531.886086638675,0.0,9.999000099990002e-05,0.0,0.8963415848977098,2.883590935079557,0.2960060212284691
btc,topk50,0.05,e0,3796,189.8,0.3775026343519494,3795.988364753388,0.0,9.999000099990002e-05,3801.234831013746,0.0,9.999000099990002e-05,0.0,0.9201983840487314,2.8790480572771333,0.208978116289832
btc,topk500,0.01,e0,3796,37.96,0.08561643835616438,844.1646583453339,1.3495440292065835e-185,9.999000099990002e-05,859.0784312838955,2.8411154749812676e-187,9.999000099990002e-05,0.0,0.2875475139180379,3.553077241856249,0.5766888399192206
btc,topk500,0.025,e0,3796,94.9,0.09668071654373024,469.0765202698699,5.0900854794052506e-104,9.999000099990002e-05,483.07084846816724,1.2661876434212299e-105,9.999000099990002e-05,5.265411499085032e-209,0.3648685530612303,3.490651367419311,0.3583219139010777
btc,topk500,0.05,e0,3796,189.8,0.11986301369863013,285.2364304361745,5.426555129134306e-64,9.999000099990002e-05,290.5366592296018,8.142655349387547e-64,9.999000099990002e-05,3.389332827009881e-100,0.47756907499020224,3.3646044041796856,0.24422263069513642
btc,untruncated,0.01,e0,3796,37.96,0.012908324552160169,2.9706218189253377,0.08478925736091585,0.08789121087891211,3.1571991192979567,0.2062637561206346,0.1872812718728127,0.47922837802413654,0.1294981796658621,5.67273718461659,0.9207242070690458
btc,untruncated,0.025,e0,3796,94.9,0.025816649104320338,0.10277676932037139,0.7485225101778318,0.7461253874612539,0.8726252564373453,0.6464156065833708,0.7204279572042795,0.7469066674617271,0.24545916261362224,4.649244449958856,0.47725366819857007
btc,untruncated,0.05,e0,3796,189.8,0.04873551106427819,0.12881355786498716,0.7196653681688941,0.7397260273972602,5.087444744668801,0.07857337539727481,0.0795920407959204,0.01213063488334276,0.39522606652778025,3.900750115408108,0.28313921651112745
dgs10,topk50,0.01,e0,2625,26.25,0.05409523809523809,253.17161897636765,5.284637557291901e-57,9.999000099990002e-05,253.41157421773664,9.383737133885086e-56,9.999000099990002e-05,1.3324650935290988e-128,0.25267371190661475,3.281115940113106,0.640408257061795
dgs10,topk50,0.025,e0,2625,65.625,0.08457142857142858,238.1170724147953,1.0122187785040438e-53,9.999000099990002e-05,239.18485590810087,1.152573054393627e-52,9.999000099990002e-05,8.479500096398999e-97,0.4316940550985791,3.397089578980182,0.41934584172636363
dgs10,topk50,0.05,e0,2625,131.25,0.12114285714285715,203.6745800613371,3.296034877880205e-46,9.999000099990002e-05,204.32537277637903,4.278672494056535e-45,9.999000099990002e-05,2.453594554565459e-75,0.6702112469812492,3.413598198272163,0.29796327877613454
dgs10,topk500,0.01,e0,2625,26.25,0.022095238095238095,28.85162677726305,7.814024315273994e-08,9.999000099990002e-05,28.921620917072232,5.245052191019992e-07,9.999000099990002e-05,4.850509971345947e-09,0.17742099035717201,3.6915477433929307,0.7205163424140308
dgs10,topk500,0.025,e0,2625,65.625,0.04076190476190476,22.541136626279467,2.056913596643459e-06,9.999000099990002e-05,22.63794913294339,1.2140366704693579e-05,9.999000099990002e-05,1.6460808129231323e-09,0.349457813365119,3.4054471299023,0.4203775202101729
dgs10,topk500,0.05,e0,2625,131.25,0.06476190476190476,11.061415685796419,0.0008814281738796426,0.0012998700129987,12.091151060060838,0.0023683174088811308,0.0038996100389961006,4.074802659873541e-06,0.579673111270723,3.2772048420568405,0.286057890601929
dgs10,untruncated,0.01,e0,2625,26.25,0.010285714285714285,0.021443827243899705,0.8835763333511086,0.9183081691830817,0.5828709612029002,0.7471902203114367,0.8720127987201279,0.3656721240737747,0.16706693156106134,4.213696348490196,0.8224293147749101
dgs10,untruncated,0.025,e0,2625,65.625,0.029714285714285714,2.2592603376256193,0.1328174848422202,0.1316868313168683,2.307913917205269,0.31538632639767383,0.39616038396160386,0.11934241262192676,0.33641464846020663,3.5035094505660047,0.4324825958769461
dgs10,untruncated,0.05,e0,2625,131.25,0.05561904761904762,1.6862099354982547,0.19410133750498454,0.2106789321067893,3.224592907607075,0.1994291080739487,0.20467953204679531,0.0018405285391578704,0.5754399306251891,3.238143322506271,0.2826483216476341
dgs2,topk50,0.01,e0,2625,26.25,0.06476190476190476,355.7673795112091,2.3509308396352104e-79,9.999000099990002e-05,359.0254221269024,1.0929999791127198e-78,9.999000099990002e-05,2.464622763060783e-201,0.3321457298095951,4.5911390155129475,0.8960985800311885
dgs2,topk50,0.025,e0,2625,65.625,0.10552380952380952,393.002297147827,1.8377222696064373e-87,9.999000099990002e-05,393.1489530879194,4.253922308844805e-86,9.999000099990002e-05,2.254567108233352e-174,0.5275313621425963,5.028077134921837,0.6206793166289893
dgs2,topk50,0.05,e0,2625,131.25,0.15352380952380953,391.4488023536792,4.00380314139256e-87,9.999000099990002e-05,391.45032746313245,9.945838932091822e-86,9.999000099990002e-05,4.329293970083697e-152,0.754758689838368,4.751718171848,0.41476396578267893
dgs2,topk500,0.01,e0,2625,26.25,0.032,81.2022826071925,2.0375649488566752e-19,9.999000099990002e-05,81.23935546888231,2.2861151580451744e-18,9.999000099990002e-05,9.098841726428127e-39,0.22920463373729166,4.213326062159954,0.8223570422835711
dgs2,topk500,0.025,e0,2625,65.625,0.049523809523809526,50.61315899086867,1.1248829434074439e-12,9.999000099990002e-05,52.50610222025989,3.966840784739981e-12,9.999000099990002e-05,4.082212184107328e-17,0.4059837428461937,5.189672924808021,0.6406271340043562
dgs2,topk500,0.05,e0,2625,131.25,0.08457142857142858,55.197911900250574,1.0898445693223766e-13,9.999000099990002e-05,55.237222529976634,1.0124871726596985e-12,9.999000099990002e-05,4.612649126905475e-22,0.6284956655603375,4.988359830647985,0.43541974319279025
dgs2,untruncated,0.01,e0,2625,26.25,0.01638095238095238,9.052128150671422,0.0026238922251951868,0.0030996900309969004,10.71506241783868,0.0047125260002945715,0.0024997500249975004,2.2762685665881962e-05,0.18748746432622274,3.6600667692438504,0.7143718854203152
dgs2,untruncated,0.025,e0,2625,65.625,0.03580952380952381,11.121309451022398,0.000853415149399916,0.000999900009999,11.813936668278643,0.002720421808237859,0.0014998500149985001,2.5479248456463606e-07,0.3731881547161512,4.436682933513274,0.5476760314885915
dgs2,untruncated,0.05,e0,2625,131.25,0.06857142857142857,17.16634080485801,3.424507199065528e-05,9.999000099990002e-05,17.412109324549874,0.00016558023743835953,0.00029997000299970003,1.0480112167239988e-07,0.59775298804775,4.527180896191726,0.3951647455534591
eth,topk50,0.01,e0,2647,26.47,0.3732527389497544,5635.607156885792,0.0,9.999000099990002e-05,5642.676578378751,0.0,9.999000099990002e-05,0.0,1.078490439513748,3.46971351609116,0.6743985800665897
eth,topk50,0.025,e0,2647,66.175,0.38005289006422366,3989.4259793763686,0.0,9.999000099990002e-05,3996.2017751201056,0.0,9.999000099990002e-05,0.0,1.1076848282959153,3.4608670234021166,0.4254396255736757
eth,topk50,0.05,e0,2647,132.35,0.38571968265961465,2754.0789414779583,0.0,9.999000099990002e-05,2761.8810393691965,0.0,9.999000099990002e-05,0.0,1.1391090094918221,3.4527616650738078,0.30012669678014414
eth,topk500,0.01,e0,2647,26.47,0.0808462410275784,533.1966776897402,5.695058276735746e-118,9.999000099990002e-05,536.8344705955972,2.6784026280252277e-117,9.999000099990002e-05,0.0,0.31556478704552227,4.64202273171559,0.9022570665812791
eth,topk500,0.025,e0,2647,66.175,0.09293539856441255,299.1914855075231,4.9421989676041604e-67,9.999000099990002e-05,301.69713190797415,3.071144162760821e-66,9.999000099990002e-05,2.786873047249167e-130,0.4138511041540346,4.484468418754499,0.5512695379715584
eth,topk500,0.05,e0,2647,132.35,0.1106913486966377,154.8965356305598,1.4750405737826168e-35,9.999000099990002e-05,155.3761005097133,1.8218325806562713e-34,9.999000099990002e-05,1.05528492490618e-52,0.5570893776324017,4.303560812908606,0.37408127651438167
eth,untruncated,0.01,e0,2647,26.47,0.014355874574990555,4.470440011045639,0.03448610959666042,0.0372962703729627,6.872261469619389,0.03218899243212805,0.0206979302069793,1.0394586633923258e-05,0.16412121528554066,7.166136626580511,1.3928620743805824
eth,untruncated,0.025,e0,2647,66.175,0.026445032111824706,0.22262092590699467,0.6370501198897345,0.6552344765523448,6.555623986423257,0.037710677824495935,0.0336966303369663,0.0002399673610560568,0.30747837721973476,6.019353710510738,0.7399508768984151
eth,untruncated,0.05,e0,2647,132.35,0.05137891953154514,0.10504884028819106,0.745852948205469,0.761023897610239,2.3186089768846614,0.3137042899844871,0.32936706329367066,0.0009382107691833531,0.4910785865582689,5.02686181376755,0.43695325008888164
gbpusd,topk50,0.01,e0,2734,27.34,0.38514996342355523,6087.696561395972,0.0,9.999000099990002e-05,6088.857231566104,0.0,9.999000099990002e-05,0.0,0.15304042654504935,0.43773351094751783,0.08371639923774118
gbpusd,topk50,0.025,e0,2734,68.35000000000001,0.39246525237746893,4337.766549964826,0.0,9.999000099990002e-05,4339.1933227276395,0.0,9.999000099990002e-05,0.0,0.15785400089960136,0.437515024892122,0.052920472418250375
gbpusd,topk50,0.05,e0,2734,136.70000000000002,0.3986832479882955,3022.260020398002,0.0,9.999000099990002e-05,3024.1742462168686,0.0,9.999000099990002e-05,0.0,0.162967235026386,0.4367153633507465,0.037352030288732324
gbpusd,topk500,0.01,e0,2734,27.34,0.0822970007315289,567.96667115787,1.5546109783555097e-125,9.999000099990002e-05,570.4341866851503,1.354534954872434e-124,9.999000099990002e-05,0.0,0.039228186977739096,0.6223081332337805,0.11901623893935512
gbpusd,topk500,0.025,e0,2734,68.35000000000001,0.091441111923921,297.7793346348453,1.0036573231081086e-66,9.999000099990002e-05,298.643185338786,1.4140223523289378e-65,9.999000099990002e-05,4.495756013747756e-123,0.052715290443559375,0.6015138569058702,0.07275726697941726
gbpusd,topk500,0.05,e0,2734,136.70000000000002,0.11119239209948793,162.35271957709529,3.464416882594145e-37,9.999000099990002e-05,162.98900012070658,4.049377993340718e-36,9.999000099990002e-05,3.89780676544615e-54,0.07265255500122951,0.5675860078670412,0.04854532616999618
gbpusd,untruncated,0.01,e0,2734,27.34,0.012801755669348939,1.9915048234781239,0.15818362574020514,0.1790820917908209,5.012804614270635,0.08156114398004725,0.05089491050894911,0.0009880872649847352,0.021121272945063222,1.1661102082729415,0.22301821841254363
gbpusd,untruncated,0.025,e0,2734,68.35000000000001,0.028163862472567667,1.079333786842085,0.298846640223838,0.31926807319268075,1.0936992939937227,0.5787702719909987,0.5781421857814218,0.07110199624585042,0.039491244230553064,0.8676516635244682,0.10494847791688366
gbpusd,untruncated,0.05,e0,2734,136.70000000000002,0.04937820043891734,0.02234182257006978,0.881181350279144,0.8943105689431057,0.8437126719752541,0.6558282515438763,0.6513348665133487,0.2209116801168956,0.06409909630331574,0.7087580055612837,0.0606196912514947
gold,topk50,0.01,e0,2639,26.39,0.3724895793861311,5602.1599914826875,0.0,9.999000099990002e-05,5614.077023191421,0.0,9.999000099990002e-05,0.0,0.2751658403978562,0.8692348472492544,0.16920665245276814
gold,topk50,0.025,e0,2639,65.97500000000001,0.38006820765441457,3977.62540742058,0.0,9.999000099990002e-05,3991.150110722458,0.0,9.999000099990002e-05,0.0,0.28413728341536276,0.8692243203264094,0.10701438738054274
gold,topk50,0.05,e0,2639,131.95000000000002,0.38651004168245545,2756.103870028435,0.0,9.999000099990002e-05,2772.6653251513717,0.0,9.999000099990002e-05,0.0,0.2929406652063206,0.8672975856950418,0.07550286650664051
gold,topk500,0.01,e0,2639,26.39,0.09018567639257294,641.2618389563813,1.7762687563145577e-141,9.999000099990002e-05,641.3861549993735,5.3059854815521775e-140,9.999000099990002e-05,0.0,0.08926778314429695,1.0683937346662047,0.2079752415776547
gold,topk500,0.025,e0,2639,65.97500000000001,0.10041682455475559,354.6983236032718,4.018206574762424e-79,9.999000099990002e-05,354.8222549909349,8.93976907279403e-78,9.999000099990002e-05,1.2138582668280922e-132,0.11228005487343054,1.0491519143942984,0.1291661390075561
gold,topk500,0.05,e0,2639,131.95000000000002,0.11936339522546419,195.79716938088836,1.7259622345423822e-44,9.999000099990002e-05,196.9212221402081,1.7342029770672563e-43,9.999000099990002e-05,2.792440443526828e-57,0.1467489265273039,1.0178787654427057,0.08861175888732098
gold,untruncated,0.01,e0,2639,26.39,0.017430845017051912,12.047935063128534,0.0005184978353012016,0.0005999400059994001,12.094918312559685,0.0023638605828577904,0.0012998700129987,2.2561362891151156e-05,0.04067344997302681,1.3740831759874401,0.26748123954794895
gold,untruncated,0.025,e0,2639,65.97500000000001,0.030693444486547934,3.275978828514667,0.07030097819185764,0.07079292070792921,3.384430118148771,0.18411125468421657,0.24417558244175583,0.0036374465009563917,0.07617533308679358,1.238955988995658,0.15253383166273618
gold,untruncated,0.05,e0,2639,131.95000000000002,0.05380826070481243,0.7870758121616745,0.3749858028468174,0.39706029397060294,7.192614590766198,0.02742480740690639,0.0306969303069693,0.17659380091621357,0.12312122482875855,1.1029528392323633,0.09601790937414498
hsi,topk50,0.01,e0,2580,25.8,0.3872093023255814,5788.694894524317,0.0,9.999000099990002e-05,5789.203028705184,0.0,9.999000099990002e-05,0.0,0.3735851284948524,0.9621573979628602,0.18942455273911363
hsi,topk50,0.025,e0,2580,64.5,0.3941860465116279,4122.111997842121,0.0,9.999000099990002e-05,4123.77997759219,0.0,9.999000099990002e-05,0.0,0.3856077546148226,0.9626028928055402,0.11985807687774287
hsi,topk50,0.05,e0,2580,129.0,0.39689922480620154,2828.7351173411926,0.0,9.999000099990002e-05,2829.7412634257653,0.0,9.999000099990002e-05,0.0,0.39751413421414195,0.963650446029273,0.0848446908587565
hsi,topk500,0.01,e0,2580,25.8,0.08217054263565891,534.5501089516981,2.8910516959732067e-118,9.999000099990002e-05,535.9444396425529,4.179685728024123e-117,9.999000099990002e-05,0.0,0.09008067798218011,1.231902314992425,0.24253053141802725
hsi,topk500,0.025,e0,2580,64.5,0.0941860465116279,300.6056382712511,2.431216453477196e-67,9.999000099990002e-05,302.5456715002397,2.0092879136524264e-66,9.999000099990002e-05,8.06925630675257e-138,0.12207372571076514,1.190895467508511,0.14828382665875273
hsi,topk500,0.05,e0,2580,129.0,0.1189922480620155,189.61148645533467,3.864876326277676e-43,9.999000099990002e-05,192.98811971009468,1.2392595333192737e-42,9.999000099990002e-05,1.1562998735421233e-69,0.17079558583009227,1.1228361086036553,0.0988602069475225
hsi,untruncated,0.01,e0,2580,25.8,0.01317829457364341,2.3934037078524852,0.12184807184236093,0.13288671132886712,2.9476340459194716,0.2290495271702024,0.14028597140285973,1.035299127214272e-09,0.04776519971713286,2.0798174887853453,0.4094636682379466
hsi,untruncated,0.025,e0,2580,64.5,0.025193798449612403,0.003965382613955626,0.9497893709386928,1.0,2.681344783857071,0.26166966484462734,0.35736426357364265,0.0005637925196491784,0.09262806827492434,1.672762986728334,0.20828334940608803
hsi,untruncated,0.05,e0,2580,129.0,0.04186046511627907,3.800280601284385,0.05124399450362952,0.051594840515948405,5.1342980687879844,0.07675405696799525,0.0744925507449255,0.01920347496733744,0.1505695688831425,1.4531981629096915,0.12794696396045693
nvda,topk50,0.01,e0,2639,26.39,0.3819628647214854,5806.848238632046,0.0,9.999000099990002e-05,5808.262327036466,0.0,9.999000099990002e-05,0.0,0.7869026937560551,2.1821487232025287,0.42478057774103894
nvda,topk50,0.025,e0,2639,65.97500000000001,0.3861311102690413,4079.6139804503027,0.0,9.999000099990002e-05,4080.910011788736,0.0,9.999000099990002e-05,0.0,0.8121760333458623,2.1816304097196397,0.26859101422661424
nvda,topk50,0.05,e0,2639,131.95000000000002,0.39067828723001136,2810.910505157459,0.0,9.999000099990002e-05,2813.373086087642,0.0,9.999000099990002e-05,0.0,0.8399055601682612,2.180215632963349,0.1897993636859994
nvda,topk500,0.01,e0,2639,26.39,0.08639636225843123,596.0546116244409,1.2076944772121553e-131,9.999000099990002e-05,596.3650106692053,3.1694458269924105e-130,9.999000099990002e-05,0.0,0.22634999360943314,2.434016194879399,0.47380950459441085
nvda,topk500,0.025,e0,2639,65.97500000000001,0.0989010989010989,342.99806378311746,1.41890706730436e-76,9.999000099990002e-05,342.9995558379135,3.3005992919202206e-75,9.999000099990002e-05,7.224523542130627e-161,0.2981585268944211,2.3956020233328266,0.2949340888647499
nvda,topk500,0.05,e0,2639,131.95000000000002,0.11822660098522167,190.15390391478877,2.94264053331435e-43,9.999000099990002e-05,190.15555639627178,5.1079375267006245e-42,9.999000099990002e-05,3.402895404351751e-68,0.4035550892361241,2.344639735004275,0.2041133560591264
nvda,untruncated,0.01,e0,2639,26.39,0.012504736642667677,1.5492167890343467,0.21325110126795882,0.23897610238976102,2.165787973093586,0.33861416147464807,0.24527547245275472,0.46463928213348005,0.103352263484804,2.925828831591928,0.5695465429281186
nvda,untruncated,0.025,e0,2639,65.97500000000001,0.026525198938992044,0.247009972179967,0.6191883616232297,0.6684331566843316,0.25828245398690797,0.8788498394602882,0.9246075392460754,0.03489787038728744,0.2048293011229349,2.6214455889249724,0.32273877661969586
nvda,untruncated,0.05,e0,2639,131.95000000000002,0.05646078059871163,2.230144180884963,0.1353412176644807,0.1431856814318568,3.0514042802165022,0.217468310023925,0.22557744225577442,0.013954109670551131,0.34030509383362745,2.3254415887973696,0.20244205534972418
spx,topk50,0.01,e0,2639,26.39,0.36225843122394846,5383.373621428103,0.0,9.999000099990002e-05,5383.557674896631,0.0,9.999000099990002e-05,0.0,0.2691265986434617,0.8376709574098908,0.16306237492522999
spx,topk50,0.025,e0,2639,65.97500000000001,0.37059492231906027,3819.9187330295936,0.0,9.999000099990002e-05,3820.3888610023605,0.0,9.999000099990002e-05,0.0,0.28163252229659813,0.8801657912038481,0.10836144449297082
spx,topk50,0.05,e0,2639,131.95000000000002,0.3740053050397878,2594.010760712564,0.0,9.999000099990002e-05,2594.8352312708053,0.0,9.999000099990002e-05,0.0,0.2913298571523909,0.88259231151312,0.07683435371558113
spx,topk500,0.01,e0,2639,26.39,0.08791208791208792,614.0243689735621,1.4908886997959966e-135,9.999000099990002e-05,621.1136188738085,1.3393415562857233e-135,9.999000099990002e-05,0.0,0.09313738807202558,1.0306823459593657,0.2006342820399389
spx,topk500,0.025,e0,2639,65.97500000000001,0.09738537324744222,331.433870819548,4.682636005905253e-74,9.999000099990002e-05,335.96907127029044,1.109795932047164e-73,9.999000099990002e-05,8.867753860144724e-168,0.12020501446366635,1.0898862229758166,0.13418113568480533
spx,topk500,0.05,e0,2639,131.95000000000002,0.1178476695718075,188.28732814174236,7.519327544480588e-43,9.999000099990002e-05,190.66909951837943,3.9512190302733036e-42,9.999000099990002e-05,6.538559407884428e-75,0.15530996910773107,1.065283754163038,0.0927386152214496
spx,untruncated,0.01,e0,2639,26.39,0.017430845017051912,12.047935063128534,0.0005184978353012016,0.0005999400059994001,13.371369963109373,0.0012486591523052577,0.000999900009999,2.0639429256847817e-05,0.04070435967893894,0.8249828512926659,0.16059248779535346
spx,untruncated,0.025,e0,2639,65.97500000000001,0.03220917014020462,5.164832836342612,0.02304867570074784,0.025197480251974803,5.712127180816992,0.05749463784433347,0.05499450054994501,3.2218729890642796e-10,0.0788163918052018,0.9271572680907799,0.11414679125969907
spx,untruncated,0.05,e0,2639,131.95000000000002,0.054187192118226604,0.9493436195593858,0.32988642958693126,0.35006499350064996,5.708429477535901,0.057601035226013605,0.0613938606139386,1.1661433928668074e-08,0.1273100792185254,0.9488980674271346,0.08260662233476074
