layer,asset,state,n,hit_rate,uc_p_mc,uc_pass,fz0_mean
chronos_bolt:e3,aapl,low,1946,0.0632065775950668,0.0117988201179882,False,1.3106962688286268
chronos_bolt:e3,aapl,high,692,0.07225433526011561,0.0143985601439856,False,1.5329890651517477
chronos_bolt:e3,amzn,low,2014,0.06852035749751738,0.000999900009999,False,1.417794502885508
chronos_bolt:e3,amzn,high,624,0.08333333333333333,0.0007999200079992001,False,1.8331951802849438
chronos_bolt:e3,audusd,low,2017,0.07139315815567675,0.00019998000199980003,False,0.32067553496626483
chronos_bolt:e3,audusd,high,716,0.06005586592178771,0.2645735426457354,True,0.4739333066117216
chronos_bolt:e3,brent,low,2216,0.06498194945848375,0.0018998100189981002,False,1.6777079388408829
chronos_bolt:e3,brent,high,424,0.06367924528301887,0.2176782321767823,True,2.293023243872924
chronos_bolt:e3,csi300,low,1756,0.056378132118451024,0.24247575242475752,True,1.0909021959025254
chronos_bolt:e3,csi300,high,423,0.0851063829787234,0.0036996300369963003,False,1.843741738298305
chronos_bolt:e3,dax,low,2075,0.07759036144578313,9.999000099990002e-05,False,0.864549766837444
chronos_bolt:e3,dax,high,589,0.09507640067911714,9.999000099990002e-05,False,1.538709100530382
chronos_bolt:e3,dgs10,low,1997,0.05608412618928393,0.23947605239476052,True,2.2981035236138445
chronos_bolt:e3,dgs10,high,627,0.05582137161084529,0.5241475852414759,True,2.536548514694939
chronos_bolt:e3,dgs2,low,2146,0.06104380242311277,0.024897510248975102,False,2.1762393088602843
chronos_bolt:e3,dgs2,high,478,0.05439330543933055,0.67003299670033,True,
chronos_bolt:e3,dgs30,low,2032,0.06299212598425197,0.011898810118988102,False,
chronos_bolt:e3,dgs30,high,592,0.0625,0.18758124187581243,True,
chronos_bolt:e3,dgs5,low,1993,0.05870546914199699,0.08769123087691232,True,2.29868450160501
chronos_bolt:e3,dgs5,high,631,0.0491283676703645,0.9284071592840716,True,2.6296273212657884
chronos_bolt:e3,eth,low,1546,0.0666235446313066,0.005499450054994501,False,2.150357378196983
chronos_bolt:e3,eth,high,612,0.07516339869281045,0.008899110088991101,False,2.450021199094658
chronos_bolt:e3,ftse,low,2156,0.05658627087198516,0.18418158184181582,True,0.5250934269599513
chronos_bolt:e3,ftse,high,495,0.11717171717171718,9.999000099990002e-05,False,1.7786949428687857
chronos_bolt:e3,gold,low,1981,0.06814740030287733,0.0004999500049995,False,0.8323838635018164
chronos_bolt:e3,gold,high,657,0.0669710806697108,0.059394060593940604,True,1.0934359563662184
chronos_bolt:e3,hsi,low,2066,0.0755082284607938,9.999000099990002e-05,False,1.1278062281670775
chronos_bolt:e3,hsi,high,513,0.04873294346978557,0.9212078792120788,True,1.1699225559466906
chronos_bolt:e3,jnj,low,2147,0.0680018630647415,0.0005999400059994001,False,0.9087681425353068
chronos_bolt:e3,jnj,high,491,0.07535641547861507,0.017198280171982803,False,1.2816439875301908
chronos_bolt:e3,jpm,low,2206,0.057116953762466005,0.14478552144785523,True,1.1696129488803948
chronos_bolt:e3,jpm,high,432,0.09490740740740741,0.00029997000299970003,False,1.923271622943396
chronos_bolt:e3,ltc,low,2491,0.06463267763950221,0.0020997900209979003,False,2.3467508304487876
chronos_bolt:e3,ltc,high,816,0.0784313725490196,0.0005999400059994001,False,2.6795390853659518
chronos_bolt:e3,msft,low,1992,0.07630522088353414,9.999000099990002e-05,False,1.2560652156654912
chronos_bolt:e3,msft,high,646,0.07739938080495357,0.0031996800319968005,False,1.6049319473281614
chronos_bolt:e3,ndx,low,1968,0.06605691056910569,0.0013998600139986002,False,1.087539315231913
chronos_bolt:e3,ndx,high,670,0.07611940298507462,0.0038996100389961006,False,1.411071895169992
chronos_bolt:e3,nikkei,low,2040,0.07009803921568628,0.00039996000399960006,False,1.0242282394935043
chronos_bolt:e3,nikkei,high,525,0.07809523809523809,0.007599240075992401,False,1.505719102932551
chronos_bolt:e3,nvda,low,1947,0.07601438109912687,9.999000099990002e-05,False,1.8240260945836126
chronos_bolt:e3,nvda,high,691,0.07525325615050651,0.004999500049995001,False,2.1294268424234533
chronos_bolt:e3,rut,low,2163,0.06796116504854369,0.0004999500049995,False,1.0393657474378417
chronos_bolt:e3,rut,high,475,0.07578947368421053,0.019198080191980802,False,1.7347659685556025
chronos_bolt:e3,spx,low,2134,0.061855670103092786,0.0173982601739826,False,0.7497302183853916
chronos_bolt:e3,spx,high,504,0.07738095238095238,0.0108989101089891,False,1.3829037331051857
chronos_bolt:e3,usdcad,low,1902,0.07097791798107256,0.00019998000199980003,False,-0.135726230098481
chronos_bolt:e3,usdcad,high,831,0.07821901323706378,0.0004999500049995,False,0.21540658364467788
chronos_bolt:e3,usdchf,low,2083,0.071531445031205,9.999000099990002e-05,False,0.049985501473876696
chronos_bolt:e3,usdchf,high,649,0.09090909090909091,9.999000099990002e-05,False,0.4608789862082217
chronos_bolt:e3,wmt,low,2257,0.07443509082853345,9.999000099990002e-05,False,1.0866464177895039
chronos_bolt:e3,wmt,high,381,0.09448818897637795,0.0004999500049995,False,1.4822347793160253
chronos_bolt:e3,xom,low,2016,0.056051587301587304,0.24127587241275872,True,1.1320079356928086
chronos_bolt:e3,xom,high,622,0.0932475884244373,9.999000099990002e-05,False,1.8626554999442981
chronos_bolt:e3,xrp,low,1707,0.06678383128295255,0.0033996600339966003,False,2.1493098460599294
chronos_bolt:e3,xrp,high,451,0.07317073170731707,0.039196080391960805,False,2.7949291889060075
chronos_2:e3,aapl,low,1946,0.04881808838643371,0.8349165083491651,True,1.2908859728248618
chronos_2:e3,aapl,high,692,0.046242774566473986,0.6668333166683331,True,1.508504423477036
chronos_2:e3,amzn,low,2014,0.05312810327706058,0.5473452654734526,True,1.38542445622482
chronos_2:e3,amzn,high,624,0.05929487179487179,0.3123687631236876,True,1.7240869115333912
chronos_2:e3,audusd,low,2017,0.056023797719385225,0.23987601239876014,True,0.2771149923828774
chronos_2:e3,audusd,high,716,0.04189944134078212,0.34766523347665235,True,0.43527152511244155
chronos_2:e3,brent,low,2216,0.05415162454873646,0.38586141385861417,True,1.6589990930056941
chronos_2:e3,brent,high,424,0.04716981132075472,0.8254174582541746,True,2.373843181450353
chronos_2:e3,csi300,low,1756,0.0489749430523918,0.8675132486751325,True,1.1158693211121709
chronos_2:e3,csi300,high,423,0.06619385342789598,0.14458554144585542,True,1.6387805172455199
chronos_2:e3,dax,low,2075,0.061204819277108434,0.023397660233976603,False,0.8256325880747167
chronos_2:e3,dax,high,589,0.04923599320882852,1.0,True,1.412895369994964
chronos_2:e3,dgs10,low,1997,0.0485728592889334,0.8022197780221978,True,2.2941115119805113
chronos_2:e3,dgs10,high,627,0.0430622009569378,0.46595340465953405,True,2.5345034481267303
chronos_2:e3,dgs2,low,2146,0.05358807082945014,0.45595440455954406,True,2.1892144462297694
chronos_2:e3,dgs2,high,478,0.03138075313807531,0.048795120487951205,False,
chronos_2:e3,dgs30,low,2032,0.04921259842519685,0.8765123487651235,True,
chronos_2:e3,dgs30,high,592,0.0472972972972973,0.785921407859214,True,
chronos_2:e3,dgs5,low,1993,0.04515805318615153,0.3277672232776722,True,2.3142050679465225
chronos_2:e3,dgs5,high,631,0.04120443740095087,0.3271672832716728,True,2.654501418522002
chronos_2:e3,eth,low,1546,0.057567917205692105,0.20167983201679832,True,2.1337303570097323
chronos_2:e3,eth,high,612,0.05718954248366013,0.459054094590541,True,2.4979630288232104
chronos_2:e3,ftse,low,2156,0.04452690166975881,0.24187581241875813,True,0.5380495008678703
chronos_2:e3,ftse,high,495,0.07272727272727272,0.028197180281971802,False,1.4749439986829158
chronos_2:e3,gold,low,1981,0.04543160020191822,0.35666433356664334,True,0.7923570763667922
chronos_2:e3,gold,high,657,0.0471841704718417,0.793920607939206,True,1.004134421648708
chronos_2:e3,hsi,low,2066,0.057115198451113264,0.1620837916208379,True,1.0930403907592758
chronos_2:e3,hsi,high,513,0.037037037037037035,0.18598140185981402,True,1.2083595917447327
chronos_2:e3,jnj,low,2147,0.05216581276199348,0.6581341865813418,True,0.8732124271320981
chronos_2:e3,jnj,high,491,0.04684317718940937,0.7636236376362364,True,1.2370990331473712
chronos_2:e3,jpm,low,2206,0.04941069809610154,0.9163083691630837,True,1.1642313820693686
chronos_2:e3,jpm,high,432,0.05787037037037037,0.5055494450554945,True,1.7171324894064792
chronos_2:e3,ltc,low,2491,0.04656764351665998,0.43645635436456354,True,2.349784835058582
chronos_2:e3,ltc,high,816,0.04534313725490196,0.5705429457054294,True,2.6652324466631434
chronos_2:e3,msft,low,1992,0.05973895582329317,0.05849415058494151,True,1.2077778083180597
chronos_2:e3,msft,high,646,0.05572755417956656,0.5257474252574742,True,1.5533710789472965
chronos_2:e3,ndx,low,1968,0.059959349593495935,0.047595240475952406,False,1.0884721781589695
chronos_2:e3,ndx,high,670,0.05522388059701493,0.5898410158984102,True,1.3354311455526027
chronos_2:e3,nikkei,low,2040,0.058823529411764705,0.07789221077892211,True,1.022717323520881
chronos_2:e3,nikkei,high,525,0.05714285714285714,0.47865213478652135,True,1.4672961588592015
chronos_2:e3,nvda,low,1947,0.05752439650744735,0.1478852114788521,True,1.7825362888009626
chronos_2:e3,nvda,high,691,0.05065123010130246,1.0,True,2.070026963313793
chronos_2:e3,rut,low,2163,0.05640314378178456,0.18848115188481152,True,1.0091055348666693
chronos_2:e3,rut,high,475,0.05263157894736842,0.8313168683131686,True,1.5426132269168598
chronos_2:e3,spx,low,2134,0.05295220243673852,0.5521447855214479,True,0.7752348107383493
chronos_2:e3,spx,high,504,0.041666666666666664,0.42005799420057993,True,1.3064223103921384
chronos_2:e3,usdcad,low,1902,0.054679284963196635,0.37036296370362964,True,-0.1545369971649984
chronos_2:e3,usdcad,high,831,0.052948255114320095,0.7482251774822518,True,0.1507077527604414
chronos_2:e3,usdchf,low,2083,0.0585693710993759,0.09119088091190881,True,0.017100112220214025
chronos_2:e3,usdchf,high,649,0.0724191063174114,0.0143985601439856,False,0.40960465716870686
chronos_2:e3,wmt,low,2257,0.05316792202038104,0.5044495550444955,True,1.0364320675847885
chronos_2:e3,wmt,high,381,0.05249343832020997,0.9131086891310869,True,1.3271490335402152
chronos_2:e3,xom,low,2016,0.04861111111111111,0.7984201579842016,True,1.1247847332487646
chronos_2:e3,xom,high,622,0.0594855305466238,0.3126687331266873,True,1.697619473119275
chronos_2:e3,xrp,low,1707,0.04803749267721148,0.7372262773722628,True,2.1617425293269825
chronos_2:e3,xrp,high,451,0.04212860310421286,0.45655434456554345,True,2.7021474430318433
timesfm_2_5:e3,aapl,low,1946,0.05960945529290853,0.06359364063593641,True,1.2986398197671096
timesfm_2_5:e3,aapl,high,692,0.06213872832369942,0.16428357164283572,True,1.4824232766312626
timesfm_2_5:e3,amzn,low,2014,0.054121151936444886,0.41605839416058393,True,1.390122990554126
timesfm_2_5:e3,amzn,high,624,0.08012820512820513,0.001999800019998,False,1.831638891974194
timesfm_2_5:e3,audusd,low,2017,0.05453644025780863,0.3551644835516448,True,0.2714102855558942
timesfm_2_5:e3,audusd,high,716,0.06005586592178771,0.2645735426457354,True,0.44648737044743103
timesfm_2_5:e3,brent,low,2216,0.05595667870036101,0.22557744225577442,True,1.626662454926278
timesfm_2_5:e3,brent,high,424,0.08254716981132075,0.004999500049995001,False,2.4579043297434664
timesfm_2_5:e3,csi300,low,1756,0.043849658314350795,0.22347765223477653,True,1.08590550283536
timesfm_2_5:e3,csi300,high,423,0.07328605200945626,0.04229577042295771,False,2.0868610246696986
timesfm_2_5:e3,dax,low,2075,0.056385542168674696,0.21087891210878912,True,0.805036343821961
timesfm_2_5:e3,dax,high,589,0.07979626485568761,0.0025997400259974,False,1.4659140041873284
timesfm_2_5:e3,dgs10,low,1997,0.03805708562844266,0.0124987501249875,False,2.3149065907967548
timesfm_2_5:e3,dgs10,high,627,0.04784688995215311,0.853014698530147,True,2.5580288066174117
timesfm_2_5:e3,dgs2,low,2146,0.04380242311276794,0.17998200179982002,True,2.189787812728899
timesfm_2_5:e3,dgs2,high,478,0.03556485355648536,0.14928507149285072,True,
timesfm_2_5:e3,dgs30,low,2032,0.04478346456692913,0.2880711928807119,True,
timesfm_2_5:e3,dgs30,high,592,0.05912162162162162,0.34526547345265474,True,
timesfm_2_5:e3,dgs5,low,1993,0.04315102860010035,0.1623837616238376,True,2.332536131310238
timesfm_2_5:e3,dgs5,high,631,0.04120443740095087,0.3271672832716728,True,2.641699860167619
timesfm_2_5:e3,eth,low,1546,0.054333764553686936,0.4520547945205479,True,2.1226483202748465
timesfm_2_5:e3,eth,high,612,0.06699346405228758,0.0791920807919208,True,2.408424250216907
timesfm_2_5:e3,ftse,low,2156,0.044990723562152134,0.3037696230376962,True,0.5078079458405836
timesfm_2_5:e3,ftse,high,495,0.10909090909090909,9.999000099990002e-05,False,1.6207395654878585
timesfm_2_5:e3,gold,low,1981,0.05451792024230187,0.384961503849615,True,0.8013414830239167
timesfm_2_5:e3,gold,high,657,0.0654490106544901,0.0877912208779122,True,1.099695341632178
timesfm_2_5:e3,hsi,low,2066,0.05614714424007745,0.23027697230276972,True,1.0889647876672184
timesfm_2_5:e3,hsi,high,513,0.04873294346978557,0.9212078792120788,True,1.160132608222921
timesfm_2_5:e3,jnj,low,2147,0.05263157894736842,0.5886411358864113,True,0.8929393433925842
timesfm_2_5:e3,jnj,high,491,0.06313645621181263,0.21327867213278673,True,1.2628864119425902
timesfm_2_5:e3,jpm,low,2206,0.04805077062556664,0.6991300869913009,True,1.1466272948405212
timesfm_2_5:e3,jpm,high,432,0.09027777777777778,0.0005999400059994001,False,1.782067682755042
timesfm_2_5:e3,ltc,low,2491,0.0541951023685267,0.35996400359964004,True,2.3199621085842113
timesfm_2_5:e3,ltc,high,816,0.06004901960784314,0.22947705229477053,True,2.657156625050384
timesfm_2_5:e3,msft,low,1992,0.05923694779116466,0.0731926807319268,True,1.2300171691555897
timesfm_2_5:e3,msft,high,646,0.0804953560371517,0.0013998600139986002,False,1.5875334192253285
timesfm_2_5:e3,ndx,low,1968,0.06097560975609756,0.032096790320967905,False,1.0565445711222912
timesfm_2_5:e3,ndx,high,670,0.08059701492537313,0.0007999200079992001,False,1.4485142675228737
timesfm_2_5:e3,nikkei,low,2040,0.057352941176470586,0.1461853814618538,True,0.9758726943447597
timesfm_2_5:e3,nikkei,high,525,0.06857142857142857,0.0690930906909309,True,1.4999617084622285
timesfm_2_5:e3,nvda,low,1947,0.06111967128916281,0.030996900309969003,False,1.7781189136831508
timesfm_2_5:e3,nvda,high,691,0.0723589001447178,0.015398460153984602,False,2.1440994229522827
timesfm_2_5:e3,rut,low,2163,0.05177993527508091,0.7299270072992701,True,1.0058868405680204
timesfm_2_5:e3,rut,high,475,0.07578947368421053,0.019198080191980802,False,1.6505770495612055
timesfm_2_5:e3,spx,low,2134,0.053420805998125584,0.48575142485751427,True,0.729904335847226
timesfm_2_5:e3,spx,high,504,0.0873015873015873,0.0007999200079992001,False,1.4181871397555705
timesfm_2_5:e3,usdcad,low,1902,0.050473186119873815,0.9592040795920408,True,-0.1572338033236108
timesfm_2_5:e3,usdcad,high,831,0.06738868832731648,0.0327967203279672,False,0.19153688644681638
timesfm_2_5:e3,usdchf,low,2083,0.0556889102256361,0.2515748425157484,True,0.003085604230504796
timesfm_2_5:e3,usdchf,high,649,0.0847457627118644,0.0004999500049995,False,0.45261740534083594
timesfm_2_5:e3,wmt,low,2257,0.06335844040762073,0.0059994000599940004,False,1.0557117000798073
timesfm_2_5:e3,wmt,high,381,0.07611548556430446,0.0374962503749625,False,1.4415487869630057
timesfm_2_5:e3,xom,low,2016,0.049107142857142856,0.8769123087691231,True,1.1318200499185511
timesfm_2_5:e3,xom,high,622,0.08681672025723473,0.00039996000399960006,False,1.8500009095145078
timesfm_2_5:e3,xrp,low,1707,0.05506736965436438,0.35006499350064996,True,2.146706640145286
timesfm_2_5:e3,xrp,high,451,0.07538802660753881,0.021497850214978503,False,2.828341393892639
moirai_2_0:e3,aapl,low,1946,0.052415210688591986,0.6381361863813618,True,1.2712002101538267
moirai_2_0:e3,aapl,high,692,0.05057803468208093,1.0,True,1.4804331241133166
moirai_2_0:e3,amzn,low,2014,0.04716981132075472,0.5813418658134186,True,1.3964317417888639
moirai_2_0:e3,amzn,high,624,0.07371794871794872,0.012898710128987101,False,1.7861156400785403
moirai_2_0:e3,audusd,low,2017,0.0495785820525533,0.9588041195880412,True,0.2668719755603341
moirai_2_0:e3,audusd,high,716,0.051675977653631286,0.8609139086091391,True,0.44437108127071834
moirai_2_0:e3,brent,low,2216,0.04648014440433213,0.47365263473652636,True,1.6215182939828345
moirai_2_0:e3,brent,high,424,0.0660377358490566,0.18198180181981802,True,2.294987424401266
moirai_2_0:e3,csi300,low,1756,0.042710706150341685,0.1511848815118488,True,1.0852918778790817
moirai_2_0:e3,csi300,high,423,0.07801418439716312,0.0182981701829817,False,1.824885481296441
moirai_2_0:e3,dax,low,2075,0.047710843373493975,0.6576342365763423,True,0.8233278722518231
moirai_2_0:e3,dax,high,589,0.06960950764006792,0.045795420457954206,False,1.3906221130921703
moirai_2_0:e3,dgs10,low,1997,0.03755633450175263,0.008799120087991202,False,2.317727485155477
moirai_2_0:e3,dgs10,high,627,0.05582137161084529,0.5241475852414759,True,2.5722853860624286
moirai_2_0:e3,dgs2,low,2146,0.04287045666356011,0.1254874512548745,True,2.2101721059666932
moirai_2_0:e3,dgs2,high,478,0.0397489539748954,0.3026697330266973,True,
moirai_2_0:e3,dgs30,low,2032,0.04773622047244094,0.6498350164983502,True,
moirai_2_0:e3,dgs30,high,592,0.05912162162162162,0.34526547345265474,True,
moirai_2_0:e3,dgs5,low,1993,0.04264927245358756,0.12098790120987901,True,2.3352699883153827
moirai_2_0:e3,dgs5,high,631,0.039619651347068144,0.23847615238476152,True,2.6472833133841305
moirai_2_0:e3,eth,low,1546,0.0536869340232859,0.5255474452554745,True,2.1483741717647478
moirai_2_0:e3,eth,high,612,0.06372549019607843,0.1381861813818618,True,2.3988985663048816
moirai_2_0:e3,ftse,low,2156,0.037569573283859,0.007399260073992601,False,0.5318854982846657
moirai_2_0:e3,ftse,high,495,0.10707070707070707,9.999000099990002e-05,False,1.501029617244901
moirai_2_0:e3,gold,low,1981,0.05350832912670368,0.5074492550744926,True,0.8156105086921657
moirai_2_0:e3,gold,high,657,0.060882800608828,0.24327567243275672,True,1.0327459407704993
moirai_2_0:e3,hsi,low,2066,0.0484027105517909,0.7672232776722328,True,1.0774057146810545
moirai_2_0:e3,hsi,high,513,0.04678362573099415,0.7633236676332367,True,1.1359703320087502
moirai_2_0:e3,jnj,low,2147,0.04564508616674429,0.37736226377362264,True,0.8934101101987668
moirai_2_0:e3,jnj,high,491,0.06109979633401222,0.29757024297570245,True,1.2064065775213253
moirai_2_0:e3,jpm,low,2206,0.03989120580235721,0.024197580241975804,False,1.1452050914310512
moirai_2_0:e3,jpm,high,432,0.07407407407407407,0.0375962403759624,False,1.8126970193700909
moirai_2_0:e3,ltc,low,2491,0.04897631473303894,0.8188181181881812,True,2.3432708634841335
moirai_2_0:e3,ltc,high,816,0.0625,0.12618738126187382,True,2.649672592110157
moirai_2_0:e3,msft,low,1992,0.04919678714859438,0.8768123187681232,True,1.218202548558179
moirai_2_0:e3,msft,high,646,0.07275541795665634,0.014798520147985201,False,1.574085557411585
moirai_2_0:e3,ndx,low,1968,0.04878048780487805,0.8418158184181582,True,1.037190605868601
moirai_2_0:e3,ndx,high,670,0.0626865671641791,0.15748425157484253,True,1.398433296596409
moirai_2_0:e3,nikkei,low,2040,0.05,1.0,True,0.9919634698150591
moirai_2_0:e3,nikkei,high,525,0.06285714285714286,0.23227677232276772,True,1.3867201932213535
moirai_2_0:e3,nvda,low,1947,0.05290190035952748,0.5641435856414359,True,1.798054482759174
moirai_2_0:e3,nvda,high,691,0.06222865412445731,0.15648435156484353,True,2.097780123803523
moirai_2_0:e3,rut,low,2163,0.045307443365695796,0.33136686331366866,True,1.010160715361749
moirai_2_0:e3,rut,high,475,0.06947368421052631,0.06989301069893011,True,1.6476324869594474
moirai_2_0:e3,spx,low,2134,0.03889409559512652,0.015298470152984701,False,0.7391173721813669
moirai_2_0:e3,spx,high,504,0.06944444444444445,0.0633936606339366,True,1.315223988617015
moirai_2_0:e3,usdcad,low,1902,0.03785488958990536,0.012098790120987902,False,-0.14694586264005002
moirai_2_0:e3,usdcad,high,831,0.056558363417569195,0.42655734426557346,True,0.23513022572858752
moirai_2_0:e3,usdchf,low,2083,0.04752760441670667,0.6243375662433757,True,0.001235632029430696
moirai_2_0:e3,usdchf,high,649,0.07395993836671803,0.008999100089991,False,0.3891767902718126
moirai_2_0:e3,wmt,low,2257,0.05582631812140009,0.23417658234176583,True,1.0473519961641435
moirai_2_0:e3,wmt,high,381,0.07874015748031496,0.0198980101989801,False,1.348086173615898
moirai_2_0:e3,xom,low,2016,0.040674603174603176,0.05319468053194681,True,1.1361064753682428
moirai_2_0:e3,xom,high,622,0.07877813504823152,0.0038996100389961006,False,1.7497424672712114
moirai_2_0:e3,xrp,low,1707,0.04979496192149971,1.0,True,2.180712542359957
moirai_2_0:e3,xrp,high,451,0.06430155210643015,0.20057994200579943,True,2.7357557279030447
lag_llama:e3,aapl,low,1946,0.08016443987667009,9.999000099990002e-05,False,1.4834347088899216
lag_llama:e3,aapl,high,692,0.09393063583815028,9.999000099990002e-05,False,1.8202949233008185
lag_llama:e3,amzn,low,2014,0.07646474677259185,9.999000099990002e-05,False,1.503181845417345
lag_llama:e3,amzn,high,624,0.11057692307692307,9.999000099990002e-05,False,2.150128670965265
lag_llama:e3,audusd,low,2017,0.09221616261774913,9.999000099990002e-05,False,0.41587686174281285
lag_llama:e3,audusd,high,716,0.10754189944134078,9.999000099990002e-05,False,0.7683750715588112
lag_llama:e3,brent,low,2216,0.08348375451263539,9.999000099990002e-05,False,1.8352248051928841
lag_llama:e3,brent,high,424,0.1320754716981132,9.999000099990002e-05,False,2.5132509027769356
lag_llama:e3,csi300,low,1756,0.08200455580865604,9.999000099990002e-05,False,1.2028767088914467
lag_llama:e3,csi300,high,423,0.1111111111111111,9.999000099990002e-05,False,2.0953168654335235
lag_llama:e3,dax,low,2075,0.08,9.999000099990002e-05,False,1.0431017478394808
lag_llama:e3,dax,high,589,0.11544991511035653,9.999000099990002e-05,False,1.785420690155652
lag_llama:e3,dgs10,low,1997,0.08612919379068602,9.999000099990002e-05,False,2.4912914155433143
lag_llama:e3,dgs10,high,627,0.11642743221690591,9.999000099990002e-05,False,2.9248491043995526
lag_llama:e3,dgs2,low,2146,0.081547064305685,9.999000099990002e-05,False,2.4686010214086145
lag_llama:e3,dgs2,high,478,0.09414225941422594,0.00029997000299970003,False,
lag_llama:e3,dgs30,low,2032,0.0984251968503937,9.999000099990002e-05,False,
lag_llama:e3,dgs30,high,592,0.11486486486486487,9.999000099990002e-05,False,
lag_llama:e3,dgs5,low,1993,0.08730556949322629,9.999000099990002e-05,False,2.573928795597342
lag_llama:e3,dgs5,high,631,0.09033280507131537,9.999000099990002e-05,False,2.873809750090714
lag_llama:e3,eth,low,1546,0.08732212160413971,9.999000099990002e-05,False,2.3473996698562534
lag_llama:e3,eth,high,612,0.08823529411764706,0.00019998000199980003,False,2.5417238108204425
lag_llama:e3,ftse,low,2156,0.0640074211502783,0.005599440055994401,False,0.6023181410959927
lag_llama:e3,ftse,high,495,0.13535353535353536,9.999000099990002e-05,False,2.302844664241949
lag_llama:e3,gold,low,1981,0.08632004038364463,9.999000099990002e-05,False,0.9717285918795983
lag_llama:e3,gold,high,657,0.0928462709284627,9.999000099990002e-05,False,1.3653757109836249
lag_llama:e3,hsi,low,2066,0.10939012584704744,9.999000099990002e-05,False,1.35117604693461
lag_llama:e3,hsi,high,513,0.08382066276803118,0.0021997800219978004,False,1.319599674127282
lag_llama:e3,jnj,low,2147,0.07545412203074056,9.999000099990002e-05,False,1.018323635296138
lag_llama:e3,jnj,high,491,0.0855397148676171,0.0017998200179982,False,1.4718812944751531
lag_llama:e3,jpm,low,2206,0.06527651858567543,0.0023997600239976003,False,1.2100622405856725
lag_llama:e3,jpm,high,432,0.12037037037037036,9.999000099990002e-05,False,2.1482044685770654
lag_llama:e3,ltc,low,2491,0.07426736250501806,9.999000099990002e-05,False,2.4747051251527568
lag_llama:e3,ltc,high,816,0.08823529411764706,9.999000099990002e-05,False,2.8963505677317807
lag_llama:e3,msft,low,1992,0.08132530120481928,9.999000099990002e-05,False,1.3901977637426086
lag_llama:e3,msft,high,646,0.10371517027863777,9.999000099990002e-05,False,1.8808364267138629
lag_llama:e3,ndx,low,1968,0.07977642276422764,9.999000099990002e-05,False,1.2168191483852775
lag_llama:e3,ndx,high,670,0.12835820895522387,9.999000099990002e-05,False,2.014357374980533
lag_llama:e3,nikkei,low,2040,0.07990196078431372,9.999000099990002e-05,False,1.1820521075783872
lag_llama:e3,nikkei,high,525,0.11047619047619048,9.999000099990002e-05,False,1.8116454602831376
lag_llama:e3,nvda,low,1947,0.09347714432460195,9.999000099990002e-05,False,1.9934884216622757
lag_llama:e3,nvda,high,691,0.10274963820549927,9.999000099990002e-05,False,2.4635193918794647
lag_llama:e3,rut,low,2163,0.08645399907535829,9.999000099990002e-05,False,1.128761300206383
lag_llama:e3,rut,high,475,0.10947368421052632,9.999000099990002e-05,False,2.2486883728395353
lag_llama:e3,spx,low,2134,0.06701030927835051,0.0004999500049995,False,0.8937560924163452
lag_llama:e3,spx,high,504,0.1111111111111111,9.999000099990002e-05,False,1.7115182529696418
lag_llama:e3,usdcad,low,1902,0.07676130389064142,9.999000099990002e-05,False,-0.07590966193708154
lag_llama:e3,usdcad,high,831,0.11552346570397112,9.999000099990002e-05,False,0.5082651731457435
lag_llama:e3,usdchf,low,2083,0.08305328852616418,9.999000099990002e-05,False,0.07978051334045569
lag_llama:e3,usdchf,high,649,0.12942989214175654,9.999000099990002e-05,False,1.0503371144699951
lag_llama:e3,wmt,low,2257,0.07532122286220647,9.999000099990002e-05,False,1.1488405167407436
lag_llama:e3,wmt,high,381,0.10761154855643044,9.999000099990002e-05,False,1.4931082090792795
lag_llama:e3,xom,low,2016,0.07490079365079365,9.999000099990002e-05,False,1.2326970204096168
lag_llama:e3,xom,high,622,0.11736334405144695,9.999000099990002e-05,False,2.1697597833921365
lag_llama:e3,xrp,low,1707,0.06795547744581136,0.0013998600139986002,False,2.2460255591973355
lag_llama:e3,xrp,high,451,0.09090909090909091,0.0004999500049995,False,2.799897648014661
gjr_t,aapl,low,1946,0.0565262076053443,0.21547845215478453,True,1.247094919121059
gjr_t,aapl,high,692,0.044797687861271675,0.547045295470453,True,1.4690148365013487
gjr_t,amzn,low,2014,0.054121151936444886,0.41605839416058393,True,1.3603507002489201
gjr_t,amzn,high,624,0.07371794871794872,0.012898710128987101,False,1.7754865486780058
gjr_t,audusd,low,2017,0.05503222607833416,0.33096690330966905,True,0.24861256931487213
gjr_t,audusd,high,716,0.04748603351955307,0.7909209079092091,True,0.4666068906867674
gjr_t,brent,low,2216,0.06678700361010831,0.0007999200079992001,False,1.5850227089501387
gjr_t,brent,high,424,0.06367924528301887,0.2176782321767823,True,2.180548837413364
gjr_t,csi300,low,1756,0.0387243735763098,0.024697530246975304,False,1.0570519750659029
gjr_t,csi300,high,423,0.0591016548463357,0.43525647435256476,True,1.5713214826084443
gjr_t,dax,low,2075,0.06650602409638554,0.0015998400159984002,False,0.7943103786152436
gjr_t,dax,high,589,0.06451612903225806,0.13108689131086892,True,1.2330918286964072
gjr_t,dgs10,low,1997,0.049073610415623435,0.8813118688131187,True,2.3011727217865725
gjr_t,dgs10,high,627,0.05263157894736842,0.7835216478352165,True,2.536637887969063
gjr_t,dgs2,low,2146,0.05079217148182665,0.8816118388161184,True,2.1436148977799685
gjr_t,dgs2,high,478,0.03765690376569038,0.21607839216078392,True,2.7560998656000284
gjr_t,dgs30,low,2032,0.04232283464566929,0.11698830116988301,True,2.2198609063513044
gjr_t,dgs30,high,592,0.052364864864864864,0.8553144685531446,True,2.5698609643579475
gjr_t,dgs5,low,1993,0.05820371299548419,0.1070892910708929,True,2.3113657429225705
gjr_t,dgs5,high,631,0.05071315372424723,1.0,True,2.639959510286997
gjr_t,eth,low,1546,0.057567917205692105,0.20167983201679832,True,2.1192674422177546
gjr_t,eth,high,612,0.06209150326797386,0.1917808219178082,True,2.3642647006340756
gjr_t,ftse,low,2156,0.05148423005565863,0.7691230876912308,True,0.5149300763430839
gjr_t,ftse,high,495,0.08484848484848485,0.0012998700129987,False,1.2437183755717653
gjr_t,gold,low,1981,0.05906108026249369,0.0817918208179182,True,0.7718380608641271
gjr_t,gold,high,657,0.0654490106544901,0.0877912208779122,True,1.0938336352577254
gjr_t,hsi,low,2066,0.060019361084220714,0.044795520447955206,False,1.07282620855981
gjr_t,hsi,high,513,0.03508771929824561,0.10848915108489152,True,1.1454338570215687
gjr_t,jnj,low,2147,0.05589194224499301,0.23997600239976002,True,0.8675568319879758
gjr_t,jnj,high,491,0.059063136456211814,0.40735926407359263,True,1.221324682579642
gjr_t,jpm,low,2206,0.05122393472348141,0.8044195580441956,True,1.1155001591228424
gjr_t,jpm,high,432,0.06018518518518518,0.37836216378362164,True,1.6826688451828997
gjr_t,ltc,low,2491,0.059012444801284626,0.050994900509949,True,2.3589114509151003
gjr_t,ltc,high,816,0.061274509803921566,0.17168283171682833,True,2.6775806869696495
gjr_t,msft,low,1992,0.06224899598393574,0.013898610138986101,False,1.214522296368953
gjr_t,msft,high,646,0.06656346749226007,0.06939306069393061,True,1.5313930660854458
gjr_t,ndx,low,1968,0.07113821138211382,0.00039996000399960006,False,1.0064018655341422
gjr_t,ndx,high,670,0.05223880597014925,0.8583141685831417,True,1.3225737864004206
gjr_t,nikkei,low,2040,0.06470588235294118,0.004399560043995601,False,0.9533653482414061
gjr_t,nikkei,high,525,0.05904761904761905,0.36106389361063895,True,1.3508735390079096
gjr_t,nvda,low,1947,0.062146892655367235,0.016798320167983202,False,1.7567202437257061
gjr_t,nvda,high,691,0.05065123010130246,1.0,True,2.0868820483420176
gjr_t,rut,low,2163,0.05409153952843273,0.4046595340465953,True,0.967334887573736
gjr_t,rut,high,475,0.05052631578947368,1.0,True,1.4191565577119216
gjr_t,spx,low,2134,0.06888472352389878,9.999000099990002e-05,False,0.6753644601633817
gjr_t,spx,high,504,0.0496031746031746,1.0,True,1.243067205557653
gjr_t,usdcad,low,1902,0.050473186119873815,0.9592040795920408,True,-0.16270454198430465
gjr_t,usdcad,high,831,0.06979542719614922,0.013398660133986601,False,0.18296329631802305
gjr_t,usdchf,low,2083,0.05376860297647624,0.4557544245575442,True,-0.01615446233961668
gjr_t,usdchf,high,649,0.07704160246533127,0.0044995500449955,False,0.39161017016555355
gjr_t,wmt,low,2257,0.06335844040762073,0.0059994000599940004,False,1.0291936751127486
gjr_t,wmt,high,381,0.05511811023622047,0.7328267173282672,True,1.2733376228186915
gjr_t,xom,low,2016,0.051587301587301584,0.7574242575742426,True,1.1033046200299363
gjr_t,xom,high,622,0.07717041800643087,0.004999500049995001,False,1.6574748561342347
gjr_t,xrp,low,1707,0.050966608084358524,0.8671132886711329,True,2.190057328549186
gjr_t,xrp,high,451,0.050997782705099776,1.0,True,2.726437957277158
fhs,aapl,low,1946,0.050359712230215826,0.9588041195880412,True,1.2983174915726534
fhs,aapl,high,692,0.044797687861271675,0.547045295470453,True,1.4912668649490377
fhs,amzn,low,2014,0.055114200595829194,0.30886911308869114,True,1.3861021688384865
fhs,amzn,high,624,0.05929487179487179,0.3123687631236876,True,1.7504835601234852
fhs,audusd,low,2017,0.05205751115518096,0.6807319268073193,True,0.2575620223743768
fhs,audusd,high,716,0.0335195530726257,0.0392960703929607,False,0.449907645623602
fhs,brent,low,2216,0.05054151624548736,0.9233076692330767,True,1.6228926568810271
fhs,brent,high,424,0.05188679245283019,0.9135086491350864,True,2.1743357239827636
fhs,csi300,low,1756,0.04783599088838269,0.6990300969903009,True,1.090153127515888
fhs,csi300,high,423,0.0591016548463357,0.43525647435256476,True,1.6006784130047478
fhs,dax,low,2075,0.0491566265060241,0.8794120587941205,True,0.8166258103513521
fhs,dax,high,589,0.04584040747028863,0.7077292270772922,True,1.2986080282693302
fhs,dgs10,low,1997,0.05358037055583375,0.47655234476552344,True,2.2883992605298364
fhs,dgs10,high,627,0.044657097288676235,0.5832416758324167,True,2.499505146368691
fhs,dgs2,low,2146,0.057315936626281455,0.135986401359864,True,2.1316672054987027
fhs,dgs2,high,478,0.03138075313807531,0.048795120487951205,False,2.7529783556625365
fhs,dgs30,low,2032,0.04970472440944882,0.9551044895510449,True,2.2399306303257496
fhs,dgs30,high,592,0.048986486486486486,0.9276072392760724,True,2.53655144619108
fhs,dgs5,low,1993,0.05218263923733066,0.6865313468653135,True,2.2931566086016235
fhs,dgs5,high,631,0.039619651347068144,0.23847615238476152,True,2.6413676050263373
fhs,eth,low,1546,0.050452781371280724,0.9555044495550445,True,2.1475777520887975
fhs,eth,high,612,0.05392156862745098,0.7132286771322868,True,2.3839145749603214
fhs,ftse,low,2156,0.040352504638218926,0.03949605039496051,False,0.5321132096960642
fhs,ftse,high,495,0.08080808080808081,0.0047995200479952005,False,1.4254725331374445
fhs,gold,low,1981,0.04946996466431095,0.9142085791420858,True,0.7834961143708399
fhs,gold,high,657,0.0471841704718417,0.793920607939206,True,0.9969256749715167
fhs,hsi,low,2066,0.04743465634075508,0.6159384061593841,True,1.0358399055988605
fhs,hsi,high,513,0.031189083820662766,0.043995600439956005,False,1.193449858363938
fhs,jnj,low,2147,0.05216581276199348,0.6581341865813418,True,0.8887319812356286
fhs,jnj,high,491,0.04684317718940937,0.7636236376362364,True,1.2179381486786938
fhs,jpm,low,2206,0.048504079782411606,0.7687231276872313,True,1.1681930742761784
fhs,jpm,high,432,0.0787037037037037,0.0182981701829817,False,1.8045569612310848
fhs,ltc,low,2491,0.055399437976716176,0.23637636236376364,True,2.3381211389079413
fhs,ltc,high,816,0.049019607843137254,0.934906509349065,True,2.6843809131949348
fhs,msft,low,1992,0.051706827309236945,0.7568243175682432,True,1.1956125141593945
fhs,msft,high,646,0.06191950464396285,0.20677932206779323,True,1.542240905377233
fhs,ndx,low,1968,0.049796747967479675,1.0,True,1.0122148147835708
fhs,ndx,high,670,0.056716417910447764,0.48095190480951905,True,1.3576138834126914
fhs,nikkei,low,2040,0.049019607843137254,0.8428157184281572,True,0.9852594720756792
fhs,nikkei,high,525,0.05333333333333334,0.7606239376062394,True,1.4074215225591158
fhs,nvda,low,1947,0.055983564458140726,0.25507449255074494,True,1.7948500093853246
fhs,nvda,high,691,0.053545586107091175,0.7330266973302669,True,2.0574681191686386
fhs,rut,low,2163,0.047156726768377254,0.5540445955404459,True,0.9983261909535459
fhs,rut,high,475,0.05263157894736842,0.8313168683131686,True,1.500279553887293
fhs,spx,low,2134,0.04920337394564199,0.8819118088191181,True,0.7241433604829073
fhs,spx,high,504,0.05357142857142857,0.7613238676132387,True,1.3133023834471305
fhs,usdcad,low,1902,0.052576235541535225,0.634936506349365,True,-0.15566743309219236
fhs,usdcad,high,831,0.061371841155234655,0.14758524147585242,True,0.14600311115575065
fhs,usdchf,low,2083,0.05472875660105617,0.3404659534046595,True,0.020210087729758623
fhs,usdchf,high,649,0.05546995377503852,0.5797420257974203,True,0.2977663559520447
fhs,wmt,low,2257,0.04962339388568897,0.9614038596140386,True,1.0528884338901932
fhs,wmt,high,381,0.049868766404199474,1.0,True,1.2757658328182713
fhs,xom,low,2016,0.049107142857142856,0.8769123087691231,True,1.1211498571473975
fhs,xom,high,622,0.05466237942122187,0.6477352264773523,True,1.6240743472824932
fhs,xrp,low,1707,0.04979496192149971,1.0,True,2.1844739010485137
fhs,xrp,high,451,0.050997782705099776,1.0,True,2.6999863387878724
