forecaster,asset,erule,alpha,n_full,hit_full,ucp_full,pass_full,n_matched,hit_matched,ucp_matched,pass_matched
chronos_2,btc,e0,0.01,3796,0.012908324552160169,0.08789121087891211,True,3308,0.012696493349455865,0.13488651134886512,True
chronos_2,btc,e0,0.025,3796,0.020021074815595362,0.043495650434956505,False,3308,0.019649334945586457,0.0438956104389561,False
chronos_2,btc,e0,0.05,3796,0.05400421496311907,0.2645735426457354,True,3308,0.05380894800483676,0.3381661833816618,True
chronos_2,btc,e1,0.01,3796,0.05795574288724974,9.999000099990002e-05,False,3308,0.0562273276904474,9.999000099990002e-05,False
chronos_2,btc,e1,0.025,3796,0.08113804004214963,9.999000099990002e-05,False,3308,0.07859733978234583,9.999000099990002e-05,False
chronos_2,btc,e1,0.05,3796,0.10458377239199157,9.999000099990002e-05,False,3308,0.10368802902055622,9.999000099990002e-05,False
chronos_2,btc,e2,0.01,3796,0.011591148577449948,0.37816218378162186,True,3308,0.011487303506650543,0.43215678432156784,True
chronos_2,btc,e2,0.025,3796,0.0345100105374078,0.0004999500049995,False,3308,0.034461910519951636,0.0010998900109989002,False
chronos_2,btc,e2,0.05,3796,0.0642781875658588,0.00029997000299970003,False,3308,0.06348246674727932,0.0010998900109989002,False
chronos_2,btc,e3,0.01,3796,0.01238145416227608,0.1658834116588341,True,3308,0.013301088270858524,0.07879212078792121,True
chronos_2,btc,e3,0.025,3796,0.0273972602739726,0.3735626437356264,True,3308,0.0281136638452237,0.26887311268873115,True
chronos_2,btc,e3,0.05,3796,0.052950474183350894,0.41215878412158785,True,3308,0.05259975816203144,0.49435056494350565,True
chronos_bolt,btc,e0,0.01,3796,0.12197049525816649,9.999000099990002e-05,False,3308,0.12454655380894801,9.999000099990002e-05,False
chronos_bolt,btc,e0,0.025,3796,0.12197049525816649,9.999000099990002e-05,False,3308,0.12454655380894801,9.999000099990002e-05,False
chronos_bolt,btc,e0,0.05,3796,0.12197049525816649,9.999000099990002e-05,False,3308,0.12454655380894801,9.999000099990002e-05,False
chronos_bolt,btc,e1,0.01,3796,0.04899894625922023,9.999000099990002e-05,False,3308,0.0471584038694075,9.999000099990002e-05,False
chronos_bolt,btc,e1,0.025,3796,0.06981032665964172,9.999000099990002e-05,False,3308,0.06862152357920194,9.999000099990002e-05,False
chronos_bolt,btc,e1,0.05,3796,0.08904109589041095,9.999000099990002e-05,False,3308,0.08857315598548972,9.999000099990002e-05,False
chronos_bolt,btc,e2,0.01,3796,0.01053740779768177,0.7449255074492551,True,3308,0.010882708585247884,0.6627337266273373,True
chronos_bolt,btc,e2,0.025,3796,0.03029504741833509,0.0481951804819518,False,3308,0.02871825876662636,0.17868213178682132,True
chronos_bolt,btc,e2,0.05,3796,0.05663856691253952,0.06879312068793121,True,3308,0.0562273276904474,0.1100889911008899,True
chronos_bolt,btc,e3,0.01,3796,0.0160695468914647,0.0004999500049995,False,3308,0.016928657799274487,0.0004999500049995,False
chronos_bolt,btc,e3,0.025,3796,0.0368809272918862,9.999000099990002e-05,False,3308,0.035973397823458285,0.00019998000199980003,False
chronos_bolt,btc,e3,0.05,3796,0.06770284510010538,9.999000099990002e-05,False,3308,0.06771463119709795,9.999000099990002e-05,False
lag_llama,btc,e0,0.01,3796,0.0410958904109589,9.999000099990002e-05,False,3308,0.04201934703748488,9.999000099990002e-05,False
lag_llama,btc,e0,0.025,3796,0.06296101159114857,9.999000099990002e-05,False,3308,0.06499395405078598,9.999000099990002e-05,False
lag_llama,btc,e0,0.05,3796,0.09325605900948367,9.999000099990002e-05,False,3308,0.09764207980652963,9.999000099990002e-05,False
lag_llama,btc,e1,0.01,3796,0.05821917808219178,9.999000099990002e-05,False,3308,0.05985489721886336,9.999000099990002e-05,False
lag_llama,btc,e1,0.025,3796,0.07850368809272919,9.999000099990002e-05,False,3308,0.0813180169286578,9.999000099990002e-05,False
lag_llama,btc,e1,0.05,3796,0.10432033719704953,9.999000099990002e-05,False,3308,0.10973397823458284,9.999000099990002e-05,False
lag_llama,btc,e2,0.01,3796,0.010800842992623814,0.6253374662533746,True,3308,0.010580411124546553,0.7892210778922107,True
lag_llama,btc,e2,0.025,3796,0.0345100105374078,0.0004999500049995,False,3308,0.036275695284159616,9.999000099990002e-05,False
lag_llama,btc,e2,0.05,3796,0.0642781875658588,0.00029997000299970003,False,3308,0.06680773881499395,9.999000099990002e-05,False
lag_llama,btc,e3,0.01,3796,0.02107481559536354,9.999000099990002e-05,False,3308,0.02267230955259976,9.999000099990002e-05,False
lag_llama,btc,e3,0.025,3796,0.045574288724973655,9.999000099990002e-05,False,3308,0.047762998790810154,9.999000099990002e-05,False
lag_llama,btc,e3,0.05,3796,0.07665964172813487,9.999000099990002e-05,False,3308,0.0804111245465538,9.999000099990002e-05,False
moirai_2_0,btc,e0,0.01,3796,0.019230769230769232,9.999000099990002e-05,False,3308,0.018742442563482467,9.999000099990002e-05,False
moirai_2_0,btc,e0,0.025,3796,0.03977871443624868,9.999000099990002e-05,False,3308,0.03688029020556227,9.999000099990002e-05,False
moirai_2_0,btc,e0,0.05,3796,0.0666491043203372,9.999000099990002e-05,False,3308,0.06469165659008465,0.00029997000299970003,False
moirai_2_0,btc,e1,0.01,3796,0.03556375131717598,9.999000099990002e-05,False,3308,0.03295042321644498,9.999000099990002e-05,False
moirai_2_0,btc,e1,0.025,3796,0.05321390937829294,9.999000099990002e-05,False,3308,0.051390568319226115,9.999000099990002e-05,False
moirai_2_0,btc,e1,0.05,3796,0.0779768177028451,9.999000099990002e-05,False,3308,0.07587666263603386,9.999000099990002e-05,False
moirai_2_0,btc,e2,0.01,3796,0.004214963119072708,9.999000099990002e-05,False,3308,0.004534461910519952,0.0007999200079992001,False
moirai_2_0,btc,e2,0.025,3796,0.017123287671232876,0.0012998700129987,False,3308,0.016626360338573155,0.0013998600139986002,False
moirai_2_0,btc,e2,0.05,3796,0.04135932560590095,0.012098790120987902,False,3308,0.039600967351874246,0.004299570042995701,False
moirai_2_0,btc,e3,0.01,3796,0.010273972602739725,0.8717128287171283,True,3308,0.010882708585247884,0.6627337266273373,True
moirai_2_0,btc,e3,0.025,3796,0.02713382507903056,0.43245675432456754,True,3308,0.02781136638452237,0.31966803319668036,True
moirai_2_0,btc,e3,0.05,3796,0.052160168598524764,0.5513448655134486,True,3308,0.0501813784764208,0.9704029597040296,True
timesfm_2_5,btc,e1,0.01,3796,0.04399367755532139,9.999000099990002e-05,False,3308,0.04171704957678356,9.999000099990002e-05,False
timesfm_2_5,btc,e1,0.025,3796,0.06085353003161222,9.999000099990002e-05,False,3308,0.06015719467956469,9.999000099990002e-05,False
timesfm_2_5,btc,e1,0.05,3796,0.08587987355110643,9.999000099990002e-05,False,3308,0.08464328899637243,9.999000099990002e-05,False
timesfm_2_5,btc,e2,0.01,3796,0.007112750263435195,0.0643935606439356,True,3308,0.007557436517533253,0.1615838416158384,True
timesfm_2_5,btc,e2,0.025,3796,0.023972602739726026,0.708929107089291,True,3308,0.02176541717049577,0.24527547245275472,True
timesfm_2_5,btc,e2,0.05,3796,0.05347734457323498,0.33486651334866513,True,3308,0.05229746070133011,0.5473452654734526,True
timesfm_2_5,btc,e3,0.01,3796,0.013171759747102213,0.0740925907409259,True,3308,0.014207980652962516,0.0212978702129787,False
timesfm_2_5,btc,e3,0.025,3796,0.029241306638566913,0.10768923107689231,True,3308,0.0281136638452237,0.26887311268873115,True
timesfm_2_5,btc,e3,0.05,3796,0.05874604847207587,0.0170982901709829,False,3308,0.05773881499395405,0.0451954804519548,False
chronos_2,csi300,e0,0.01,2639,0.009852216748768473,1.0,True,2180,0.010091743119266056,1.0,True
chronos_2,csi300,e0,0.025,2639,0.0162940507768094,0.0029997000299970002,False,2180,0.01651376146788991,0.007899210078992101,False
chronos_2,csi300,e0,0.05,2639,0.05191360363774157,0.6552344765523448,True,2180,0.05229357798165138,0.6544345565443456,True
chronos_2,csi300,e1,0.01,2639,0.03675634710117469,9.999000099990002e-05,False,2180,0.03256880733944954,9.999000099990002e-05,False
chronos_2,csi300,e1,0.025,2639,0.055323986358469114,9.999000099990002e-05,False,2180,0.051834862385321104,9.999000099990002e-05,False
chronos_2,csi300,e1,0.05,2639,0.08071239105721864,9.999000099990002e-05,False,2180,0.07660550458715597,9.999000099990002e-05,False
chronos_2,csi300,e2,0.01,2639,0.007957559681697613,0.288971102889711,True,2180,0.007798165137614679,0.33036696330366966,True
chronos_2,csi300,e2,0.025,2639,0.02425161045850701,0.8494150584941506,True,2180,0.02522935779816514,1.0,True
chronos_2,csi300,e2,0.05,2639,0.05267146646456991,0.5641435856414359,True,2180,0.051834862385321104,0.7312268773122688,True
chronos_2,csi300,e3,0.01,2639,0.0071996968548692685,0.14058594140585942,True,2180,0.006880733944954129,0.1332866713328667,True
chronos_2,csi300,e3,0.025,2639,0.021220159151193633,0.21777822217778223,True,2180,0.021559633027522937,0.31216878312168783,True
chronos_2,csi300,e3,0.05,2639,0.05191360363774157,0.6552344765523448,True,2180,0.05229357798165138,0.6544345565443456,True
chronos_bolt,csi300,e0,0.01,2639,0.11936339522546419,9.999000099990002e-05,False,2180,0.12064220183486239,9.999000099990002e-05,False
chronos_bolt,csi300,e0,0.025,2639,0.11936339522546419,9.999000099990002e-05,False,2180,0.12064220183486239,9.999000099990002e-05,False
chronos_bolt,csi300,e0,0.05,2639,0.11936339522546419,9.999000099990002e-05,False,2180,0.12064220183486239,9.999000099990002e-05,False
chronos_bolt,csi300,e1,0.01,2639,0.030693444486547934,9.999000099990002e-05,False,2180,0.029357798165137616,9.999000099990002e-05,False
chronos_bolt,csi300,e1,0.025,2639,0.04964001515725654,9.999000099990002e-05,False,2180,0.047706422018348627,9.999000099990002e-05,False
chronos_bolt,csi300,e1,0.05,2639,0.07654414550966275,9.999000099990002e-05,False,2180,0.07614678899082569,9.999000099990002e-05,False
chronos_bolt,csi300,e2,0.01,2639,0.008715422508525956,0.5623437656234377,True,2180,0.00963302752293578,0.9144085591440856,True
chronos_bolt,csi300,e2,0.025,2639,0.023872679045092837,0.7589241075892411,True,2180,0.02522935779816514,1.0,True
chronos_bolt,csi300,e2,0.05,2639,0.04888215233042819,0.8264173582641736,True,2180,0.05045871559633028,0.959004099590041,True
chronos_bolt,csi300,e3,0.01,2639,0.011746873815839333,0.4373562643735626,True,2180,0.012385321100917432,0.27847215278472154,True
chronos_bolt,csi300,e3,0.025,2639,0.029556650246305417,0.1571842815718428,True,2180,0.030733944954128442,0.10078992100789921,True
chronos_bolt,csi300,e3,0.05,2639,0.0610079575596817,0.014098590140985901,False,2180,0.06192660550458716,0.014198580141985802,False
lag_llama,csi300,e0,0.01,2639,0.03296703296703297,9.999000099990002e-05,False,2180,0.03761467889908257,9.999000099990002e-05,False
lag_llama,csi300,e0,0.025,2639,0.051534672224327394,9.999000099990002e-05,False,2180,0.05688073394495413,9.999000099990002e-05,False
lag_llama,csi300,e0,0.05,2639,0.08639636225843123,9.999000099990002e-05,False,2180,0.09541284403669725,9.999000099990002e-05,False
lag_llama,csi300,e1,0.01,2639,0.045850701023114816,9.999000099990002e-05,False,2180,0.05137614678899083,9.999000099990002e-05,False
lag_llama,csi300,e1,0.025,2639,0.06707086017430845,9.999000099990002e-05,False,2180,0.07339449541284404,9.999000099990002e-05,False
lag_llama,csi300,e1,0.05,2639,0.09738537324744222,9.999000099990002e-05,False,2180,0.10733944954128441,9.999000099990002e-05,False
lag_llama,csi300,e2,0.01,2639,0.017430845017051912,0.0005999400059994001,False,2180,0.02018348623853211,9.999000099990002e-05,False
lag_llama,csi300,e2,0.025,2639,0.03978779840848806,9.999000099990002e-05,False,2180,0.045871559633027525,9.999000099990002e-05,False
lag_llama,csi300,e2,0.05,2639,0.06782872300113679,9.999000099990002e-05,False,2180,0.07706422018348624,9.999000099990002e-05,False
lag_llama,csi300,e3,0.01,2639,0.02046229632436529,9.999000099990002e-05,False,2180,0.023394495412844038,9.999000099990002e-05,False
lag_llama,csi300,e3,0.025,2639,0.03940886699507389,9.999000099990002e-05,False,2180,0.04541284403669725,9.999000099990002e-05,False
lag_llama,csi300,e3,0.05,2639,0.07843880257673361,9.999000099990002e-05,False,2180,0.08761467889908257,9.999000099990002e-05,False
moirai_2_0,csi300,e0,0.01,2639,0.013262599469496022,0.11358864113588642,True,2180,0.015137614678899083,0.029697030296970302,False
moirai_2_0,csi300,e0,0.025,2639,0.025009473285335353,1.0,True,2180,0.02706422018348624,0.5848415158484151,True
moirai_2_0,csi300,e0,0.05,2639,0.045850701023114816,0.3264673532646735,True,2180,0.04954128440366973,0.9182081791820818,True
moirai_2_0,csi300,e1,0.01,2639,0.021220159151193633,9.999000099990002e-05,False,2180,0.022935779816513763,9.999000099990002e-05,False
moirai_2_0,csi300,e1,0.025,2639,0.03637741568776052,0.0007999200079992001,False,2180,0.0389908256880734,0.00029997000299970003,False
moirai_2_0,csi300,e1,0.05,2639,0.05001894657067071,1.0,True,2180,0.052752293577981654,0.5897410258974103,True
moirai_2_0,csi300,e2,0.01,2639,0.0037893141341417205,0.00039996000399960006,False,2180,0.0045871559633027525,0.0057994200579942,False
moirai_2_0,csi300,e2,0.025,2639,0.0162940507768094,0.0029997000299970002,False,2180,0.01926605504587156,0.0770922907709229,True
moirai_2_0,csi300,e2,0.05,2639,0.03334596438044714,9.999000099990002e-05,False,2180,0.037155963302752296,0.0052994700529947,False
moirai_2_0,csi300,e3,0.01,2639,0.006820765441455097,0.0953904609539046,True,2180,0.007798165137614679,0.33036696330366966,True
moirai_2_0,csi300,e3,0.025,2639,0.018946570670708603,0.04129587041295871,False,2180,0.022018348623853212,0.38006199380061995,True
moirai_2_0,csi300,e3,0.05,2639,0.0447139067828723,0.21447855214478553,True,2180,0.04954128440366973,0.9182081791820818,True
timesfm_2_5,csi300,e1,0.01,2639,0.027661993179234557,9.999000099990002e-05,False,2180,0.028440366972477066,9.999000099990002e-05,False
timesfm_2_5,csi300,e1,0.025,2639,0.04092459264873058,9.999000099990002e-05,False,2180,0.04220183486238532,9.999000099990002e-05,False
timesfm_2_5,csi300,e1,0.05,2639,0.06328154604016673,0.0037996200379962005,False,2180,0.06467889908256881,0.0036996300369963003,False
timesfm_2_5,csi300,e2,0.01,2639,0.007957559681697613,0.288971102889711,True,2180,0.009174311926605505,0.7525247475252475,True
timesfm_2_5,csi300,e2,0.025,2639,0.021220159151193633,0.21777822217778223,True,2180,0.023853211009174313,0.7363263673632636,True
timesfm_2_5,csi300,e2,0.05,2639,0.04092459264873058,0.030496950304969503,False,2180,0.044036697247706424,0.20437956204379562,True
timesfm_2_5,csi300,e3,0.01,2639,0.00909435392194013,0.702029797020298,True,2180,0.010091743119266056,1.0,True
timesfm_2_5,csi300,e3,0.025,2639,0.025388404698749527,0.8975102489751025,True,2180,0.02889908256880734,0.27917208279172084,True
timesfm_2_5,csi300,e3,0.05,2639,0.046229632436528986,0.3745625437456254,True,2180,0.04954128440366973,0.9182081791820818,True
chronos_2,eth,e0,0.01,2647,0.011711371363808084,0.4403559644035596,True,2159,0.012505789717461788,0.2743725627437256,True
chronos_2,eth,e0,0.025,2647,0.018133736305251228,0.018998100189981004,False,2159,0.019453450671607225,0.09769023097690231,True
chronos_2,eth,e0,0.05,2647,0.055156781261805815,0.24417558244175583,True,2159,0.058360352014821676,0.08549145085491451,True
chronos_2,eth,e1,0.01,2647,0.056667925953910084,9.999000099990002e-05,False,2159,0.05697081982399259,9.999000099990002e-05,False
chronos_2,eth,e1,0.025,2647,0.07517944843218738,9.999000099990002e-05,False,2159,0.07549791570171376,9.999000099990002e-05,False
chronos_2,eth,e1,0.05,2647,0.09633547412164714,9.999000099990002e-05,False,2159,0.09865678554886521,9.999000099990002e-05,False
chronos_2,eth,e2,0.01,2647,0.014733660748016623,0.0235976402359764,False,2159,0.015748031496062992,0.0156984301569843,False
chronos_2,eth,e2,0.025,2647,0.036267472610502456,0.0004999500049995,False,2159,0.03798054654932839,0.0006999300069993001,False
chronos_2,eth,e2,0.05,2647,0.06837929731771818,9.999000099990002e-05,False,2159,0.07086614173228346,9.999000099990002e-05,False
chronos_2,eth,e3,0.01,2647,0.011711371363808084,0.4403559644035596,True,2159,0.01157943492357573,0.5142485751424858,True
chronos_2,eth,e3,0.025,2647,0.02568945976577257,0.8493150684931506,True,2159,0.026864289022695692,0.626937306269373,True
chronos_2,eth,e3,0.05,2647,0.05402342274272762,0.34766523347665235,True,2159,0.05743399722093562,0.12988701129887012,True
chronos_bolt,eth,e0,0.01,2647,0.11938043067623726,9.999000099990002e-05,False,2159,0.12413154238073182,9.999000099990002e-05,False
chronos_bolt,eth,e0,0.025,2647,0.11938043067623726,9.999000099990002e-05,False,2159,0.12413154238073182,9.999000099990002e-05,False
chronos_bolt,eth,e0,0.05,2647,0.11938043067623726,9.999000099990002e-05,False,2159,0.12413154238073182,9.999000099990002e-05,False
chronos_bolt,eth,e1,0.01,2647,0.049867774839440875,9.999000099990002e-05,False,2159,0.05141269106067624,9.999000099990002e-05,False
chronos_bolt,eth,e1,0.025,2647,0.0680015111446921,9.999000099990002e-05,False,2159,0.06901343214451135,9.999000099990002e-05,False
chronos_bolt,eth,e1,0.05,2647,0.08991310918020401,9.999000099990002e-05,False,2159,0.09309865678554886,9.999000099990002e-05,False
chronos_bolt,eth,e2,0.01,2647,0.011711371363808084,0.4403559644035596,True,2159,0.012042612320518759,0.38516148385161486,True
chronos_bolt,eth,e2,0.025,2647,0.03286739705326785,0.015398460153984602,False,2159,0.03427512737378416,0.0108989101089891,False
chronos_bolt,eth,e2,0.05,2647,0.05969021533811863,0.028397160283971604,False,2159,0.06252894858730894,0.0105989401059894,False
chronos_bolt,eth,e3,0.01,2647,0.015867019267094825,0.0064993500649935,False,2159,0.015748031496062992,0.0156984301569843,False
chronos_bolt,eth,e3,0.025,2647,0.037778617302606725,0.00029997000299970003,False,2159,0.03937007874015748,0.00019998000199980003,False
chronos_bolt,eth,e3,0.05,2647,0.06535700793350964,0.0011998800119988001,False,2159,0.06901343214451135,0.00029997000299970003,False
lag_llama,eth,e0,0.01,2647,0.04004533434076313,9.999000099990002e-05,False,2159,0.041685965724872626,9.999000099990002e-05,False
lag_llama,eth,e0,0.025,2647,0.06535700793350964,9.999000099990002e-05,False,2159,0.06901343214451135,9.999000099990002e-05,False
lag_llama,eth,e0,0.05,2647,0.09633547412164714,9.999000099990002e-05,False,2159,0.10050949513663733,9.999000099990002e-05,False
lag_llama,eth,e1,0.01,2647,0.05742349829996222,9.999000099990002e-05,False,2159,0.05974988420565076,9.999000099990002e-05,False
lag_llama,eth,e1,0.025,2647,0.0808462410275784,9.999000099990002e-05,False,2159,0.08476146364057434,9.999000099990002e-05,False
lag_llama,eth,e1,0.05,2647,0.10578012844729882,9.999000099990002e-05,False,2159,0.11023622047244094,9.999000099990002e-05,False
lag_llama,eth,e2,0.01,2647,0.014355874574990555,0.0372962703729627,False,2159,0.015284854099119963,0.020997900209979003,False
lag_llama,eth,e2,0.025,2647,0.039289761994710994,9.999000099990002e-05,False,2159,0.04307549791570171,9.999000099990002e-05,False
lag_llama,eth,e2,0.05,2647,0.07404608991310918,9.999000099990002e-05,False,2159,0.08012968967114405,9.999000099990002e-05,False
lag_llama,eth,e3,0.01,2647,0.019644880997355497,9.999000099990002e-05,False,2159,0.019916628068550254,9.999000099990002e-05,False
lag_llama,eth,e3,0.025,2647,0.044956554590102005,9.999000099990002e-05,False,2159,0.04863362667901806,9.999000099990002e-05,False
lag_llama,eth,e3,0.05,2647,0.08122402720060445,9.999000099990002e-05,False,2159,0.08754052802223251,9.999000099990002e-05,False
moirai_2_0,eth,e0,0.01,2647,0.018511522478277295,0.00039996000399960006,False,2159,0.018063918480778138,0.0005999400059994001,False
moirai_2_0,eth,e0,0.025,2647,0.03815640347563279,0.00019998000199980003,False,2159,0.03751736915238536,0.0008999100089991,False
moirai_2_0,eth,e0,0.05,2647,0.0634680770683793,0.0032996700329967,False,2159,0.06438165817508106,0.0038996100389961006,False
moirai_2_0,eth,e1,0.01,2647,0.03324518322629392,9.999000099990002e-05,False,2159,0.0333487725798981,9.999000099990002e-05,False
moirai_2_0,eth,e1,0.025,2647,0.04911220249338874,9.999000099990002e-05,False,2159,0.05002315886984715,9.999000099990002e-05,False
moirai_2_0,eth,e1,0.05,2647,0.07215715904797884,9.999000099990002e-05,False,2159,0.07318202871699861,9.999000099990002e-05,False
moirai_2_0,eth,e2,0.01,2647,0.006044578768417076,0.031296870312968704,False,2159,0.006484483557202408,0.08769123087691232,True
moirai_2_0,eth,e2,0.025,2647,0.021533811862485833,0.2638736126387361,True,2159,0.02269569245020843,0.49345065493450657,True
moirai_2_0,eth,e2,0.05,2647,0.0426898375519456,0.08399160083991601,True,2159,0.0444650301065308,0.24167583241675833,True
moirai_2_0,eth,e3,0.01,2647,0.012844729882886286,0.17078292170782922,True,2159,0.012968967114404817,0.18968103189681032,True
moirai_2_0,eth,e3,0.025,2647,0.026822818284850773,0.5681431856814319,True,2159,0.02825382121352478,0.36846315368463156,True
moirai_2_0,eth,e3,0.05,2647,0.05477899508877975,0.2822717728227177,True,2159,0.05650764242704956,0.1852814718528147,True
timesfm_2_5,eth,e1,0.01,2647,0.03853418964865886,9.999000099990002e-05,False,2159,0.03844372394627142,9.999000099990002e-05,False
timesfm_2_5,eth,e1,0.025,2647,0.06006800151114469,9.999000099990002e-05,False,2159,0.06021306160259379,9.999000099990002e-05,False
timesfm_2_5,eth,e1,0.05,2647,0.0831129580657348,9.999000099990002e-05,False,2159,0.08522464103751737,9.999000099990002e-05,False
timesfm_2_5,eth,e2,0.01,2647,0.009066868152625614,0.6303369663033697,True,2159,0.009263547938860583,0.7528247175282472,True
timesfm_2_5,eth,e2,0.025,2647,0.025311673592746504,0.9478052194780522,True,2159,0.026864289022695692,0.626937306269373,True
timesfm_2_5,eth,e2,0.05,2647,0.05591235360785795,0.18188181181881813,True,2159,0.05743399722093562,0.12988701129887012,True
timesfm_2_5,eth,e3,0.01,2647,0.013222516055912353,0.1141885811418858,True,2159,0.013432144511347846,0.12788721127887212,True
timesfm_2_5,eth,e3,0.025,2647,0.026822818284850773,0.5681431856814319,True,2159,0.02871699861046781,0.29927007299270075,True
timesfm_2_5,eth,e3,0.05,2647,0.05629013978088402,0.1541845815418458,True,2159,0.05789717461787865,0.10548945105489452,True
chronos_2,ltc,e0,0.01,3796,0.009747102212855638,0.9365063493650635,True,3308,0.010580411124546553,0.7892210778922107,True
chronos_2,ltc,e0,0.025,3796,0.01554267650158061,9.999000099990002e-05,False,3308,0.016021765417170496,0.0004999500049995,False
chronos_2,ltc,e0,0.05,3796,0.04636459430979979,0.31686831316868314,True,3308,0.04746070133010883,0.5226477352264773,True
chronos_2,ltc,e1,0.01,3796,0.051106427818756586,9.999000099990002e-05,False,3308,0.04836759371221282,9.999000099990002e-05,False
chronos_2,ltc,e1,0.025,3796,0.07639620653319283,9.999000099990002e-05,False,3308,0.07345828295042321,9.999000099990002e-05,False
chronos_2,ltc,e1,0.05,3796,0.10036880927291886,9.999000099990002e-05,False,3308,0.09764207980652963,9.999000099990002e-05,False
chronos_2,ltc,e2,0.01,3796,0.012644889357218124,0.12038796120387961,True,3308,0.012998790810157194,0.11408859114088592,True
chronos_2,ltc,e2,0.025,3796,0.031348788198103265,0.0168983101689831,False,3308,0.03143893591293833,0.0254974502549745,False
chronos_2,ltc,e2,0.05,3796,0.06138040042149631,0.0022997700229977,False,3308,0.060459492140266025,0.007699230076992301,False
chronos_2,ltc,e3,0.01,3796,0.009747102212855638,0.9365063493650635,True,3308,0.010278113663845224,0.9255074492550744,True
chronos_2,ltc,e3,0.025,3796,0.021338250790305584,0.1476852314768523,True,3308,0.02176541717049577,0.24527547245275472,True
chronos_2,ltc,e3,0.05,3796,0.045047418335089566,0.16128387161283872,True,3308,0.046251511487303505,0.31916808319168083,True
chronos_bolt,ltc,e0,0.01,3796,0.12460484720758694,9.999000099990002e-05,False,3308,0.12696493349455865,9.999000099990002e-05,False
chronos_bolt,ltc,e0,0.025,3796,0.12460484720758694,9.999000099990002e-05,False,3308,0.12696493349455865,9.999000099990002e-05,False
chronos_bolt,ltc,e0,0.05,3796,0.12460484720758694,9.999000099990002e-05,False,3308,0.12696493349455865,9.999000099990002e-05,False
chronos_bolt,ltc,e1,0.01,3796,0.05136986301369863,9.999000099990002e-05,False,3308,0.049576783555018135,9.999000099990002e-05,False
chronos_bolt,ltc,e1,0.025,3796,0.07244467860906217,9.999000099990002e-05,False,3308,0.07255139056831923,9.999000099990002e-05,False
chronos_bolt,ltc,e1,0.05,3796,0.0940463645943098,9.999000099990002e-05,False,3308,0.09401451027811367,9.999000099990002e-05,False
chronos_bolt,ltc,e2,0.01,3796,0.01185458377239199,0.2956704329567043,True,3308,0.012091898428053204,0.251974802519748,True
chronos_bolt,ltc,e2,0.025,3796,0.028187565858798735,0.23317668233176683,True,3308,0.028415961305925032,0.22077792220777923,True
chronos_bolt,ltc,e2,0.05,3796,0.06322444678609063,0.00039996000399960006,False,3308,0.06348246674727932,0.0010998900109989002,False
chronos_bolt,ltc,e3,0.01,3796,0.013435194942044258,0.050094990500949906,True,3308,0.014207980652962516,0.0212978702129787,False
chronos_bolt,ltc,e3,0.025,3796,0.03161222339304531,0.011698830116988301,False,3308,0.032648125755743655,0.008599140085991401,False
chronos_bolt,ltc,e3,0.05,3796,0.0666491043203372,9.999000099990002e-05,False,3308,0.06801692865779928,9.999000099990002e-05,False
lag_llama,ltc,e0,0.01,3796,0.03609062170706007,9.999000099990002e-05,False,3308,0.037484885126964934,9.999000099990002e-05,False
lag_llama,ltc,e0,0.025,3796,0.06269757639620653,9.999000099990002e-05,False,3308,0.06529625151148731,9.999000099990002e-05,False
lag_llama,ltc,e0,0.05,3796,0.08930453108535301,9.999000099990002e-05,False,3308,0.093409915356711,9.999000099990002e-05,False
lag_llama,ltc,e1,0.01,3796,0.05742887249736565,9.999000099990002e-05,False,3308,0.05894800483675937,9.999000099990002e-05,False
lag_llama,ltc,e1,0.025,3796,0.07903055848261328,9.999000099990002e-05,False,3308,0.08162031438935913,9.999000099990002e-05,False
lag_llama,ltc,e1,0.05,3796,0.09931506849315068,9.999000099990002e-05,False,3308,0.10308343409915356,9.999000099990002e-05,False
lag_llama,ltc,e2,0.01,3796,0.013171759747102213,0.0740925907409259,True,3308,0.013301088270858524,0.07879212078792121,True
lag_llama,ltc,e2,0.025,3796,0.03292939936775553,0.0025997400259974,False,3308,0.034461910519951636,0.0010998900109989002,False
lag_llama,ltc,e2,0.05,3796,0.06717597471022128,9.999000099990002e-05,False,3308,0.07043530834340991,9.999000099990002e-05,False
lag_llama,ltc,e3,0.01,3796,0.0160695468914647,0.0004999500049995,False,3308,0.017533252720677146,9.999000099990002e-05,False
lag_llama,ltc,e3,0.025,3796,0.03609062170706007,9.999000099990002e-05,False,3308,0.03839177750906892,9.999000099990002e-05,False
lag_llama,ltc,e3,0.05,3796,0.0737618545837724,9.999000099990002e-05,False,3308,0.07769044740024184,9.999000099990002e-05,False
moirai_2_0,ltc,e0,0.01,3796,0.021865121180189673,9.999000099990002e-05,False,3308,0.018137847642079808,9.999000099990002e-05,False
moirai_2_0,ltc,e0,0.025,3796,0.038724973656480505,9.999000099990002e-05,False,3308,0.036275695284159616,9.999000099990002e-05,False
moirai_2_0,ltc,e0,0.05,3796,0.06533192834562697,9.999000099990002e-05,False,3308,0.062273276904474005,0.0020997900209979003,False
moirai_2_0,ltc,e1,0.01,3796,0.03345626975763962,9.999000099990002e-05,False,3308,0.03143893591293833,9.999000099990002e-05,False
moirai_2_0,ltc,e1,0.025,3796,0.051633298208640675,9.999000099990002e-05,False,3308,0.04897218863361548,9.999000099990002e-05,False
moirai_2_0,ltc,e1,0.05,3796,0.07349841938883035,9.999000099990002e-05,False,3308,0.0722490931076179,9.999000099990002e-05,False
moirai_2_0,ltc,e2,0.01,3796,0.007112750263435195,0.0643935606439356,True,3308,0.006952841596130592,0.06729327067293271,True
moirai_2_0,ltc,e2,0.025,3796,0.01738672286617492,0.0018998100189981002,False,3308,0.016626360338573155,0.0013998600139986002,False
moirai_2_0,ltc,e2,0.05,3796,0.04293993677555322,0.0466953304669533,False,3308,0.04232164449818621,0.038196180381961806,False
moirai_2_0,ltc,e3,0.01,3796,0.011064278187565859,0.5701429857014298,True,3308,0.011185006045949214,0.5441455854414559,True
moirai_2_0,ltc,e3,0.025,3796,0.02291886195995785,0.40375962403759624,True,3308,0.022370012091898428,0.35036496350364965,True
moirai_2_0,ltc,e3,0.05,3796,0.052950474183350894,0.41215878412158785,True,3308,0.05229746070133011,0.5473452654734526,True
timesfm_2_5,ltc,e1,0.01,3796,0.04083245521601686,9.999000099990002e-05,False,3308,0.03869407496977025,9.999000099990002e-05,False
timesfm_2_5,ltc,e1,0.025,3796,0.06111696522655427,9.999000099990002e-05,False,3308,0.06076178960096735,9.999000099990002e-05,False
timesfm_2_5,ltc,e1,0.05,3796,0.08192834562697576,9.999000099990002e-05,False,3308,0.08192261185006046,9.999000099990002e-05,False
timesfm_2_5,ltc,e2,0.01,3796,0.00869336143308746,0.42895710428957107,True,3308,0.008766626360338573,0.48805119488051196,True
timesfm_2_5,ltc,e2,0.025,3796,0.025816649104320338,0.7461253874612539,True,3308,0.025695284159613058,0.8193180681931806,True
timesfm_2_5,ltc,e2,0.05,3796,0.05505795574288725,0.17218278172182783,True,3308,0.05471584038694075,0.23447655234476553,True
timesfm_2_5,ltc,e3,0.01,3796,0.010273972602739725,0.8717128287171283,True,3308,0.010580411124546553,0.7892210778922107,True
timesfm_2_5,ltc,e3,0.025,3796,0.02344573234984194,0.5641435856414359,True,3308,0.02357920193470375,0.6163383661633837,True
timesfm_2_5,ltc,e3,0.05,3796,0.0547945205479452,0.19668033196680332,True,3308,0.05562273276904474,0.15298470152984703,True
chronos_2,xrp,e0,0.01,2647,0.01095579901775595,0.6945305469453055,True,2159,0.010653080129689671,0.8316168383161684,True
chronos_2,xrp,e0,0.025,2647,0.017000377786173027,0.006399360063993601,False,2159,0.015748031496062992,0.0044995500449955,False
chronos_2,xrp,e0,0.05,2647,0.044578768417075934,0.19788021197880212,True,2159,0.0444650301065308,0.24167583241675833,True
chronos_2,xrp,e1,0.01,2647,0.051756705704571214,9.999000099990002e-05,False,2159,0.05094951366373321,9.999000099990002e-05,False
chronos_2,xrp,e1,0.025,2647,0.06951265583679637,9.999000099990002e-05,False,2159,0.0666975451597962,9.999000099990002e-05,False
chronos_2,xrp,e1,0.05,2647,0.09935776350585569,9.999000099990002e-05,False,2159,0.09865678554886521,9.999000099990002e-05,False
chronos_2,xrp,e2,0.01,2647,0.010578012844729883,0.7704229577042295,True,2159,0.009726725335803613,0.9151084891510849,True
chronos_2,xrp,e2,0.025,2647,0.026445032111824706,0.6552344765523448,True,2159,0.025011579434923575,1.0,True
chronos_2,xrp,e2,0.05,2647,0.05629013978088402,0.1541845815418458,True,2159,0.0555812876331635,0.2606739326067393,True
chronos_2,xrp,e3,0.01,2647,0.01095579901775595,0.6945305469453055,True,2159,0.009726725335803613,0.9151084891510849,True
chronos_2,xrp,e3,0.025,2647,0.023800528900642236,0.7037296270372962,True,2159,0.023622047244094488,0.6787321267873213,True
chronos_2,xrp,e3,0.05,2647,0.04722327162825841,0.535946405359464,True,2159,0.04678091709124595,0.49265073492650735,True
chronos_bolt,xrp,e0,0.01,2647,0.13184737438609748,9.999000099990002e-05,False,2159,0.13571097730430756,9.999000099990002e-05,False
chronos_bolt,xrp,e0,0.025,2647,0.13184737438609748,9.999000099990002e-05,False,2159,0.13571097730430756,9.999000099990002e-05,False
chronos_bolt,xrp,e0,0.05,2647,0.13184737438609748,9.999000099990002e-05,False,2159,0.13571097730430756,9.999000099990002e-05,False
chronos_bolt,xrp,e1,0.01,2647,0.04722327162825841,9.999000099990002e-05,False,2159,0.047707271885132005,9.999000099990002e-05,False
chronos_bolt,xrp,e1,0.025,2647,0.0691348696637703,9.999000099990002e-05,False,2159,0.07179249652616952,9.999000099990002e-05,False
chronos_bolt,xrp,e1,0.05,2647,0.09406875708349074,9.999000099990002e-05,False,2159,0.0968040759610931,9.999000099990002e-05,False
chronos_bolt,xrp,e2,0.01,2647,0.008689081979599547,0.5054494550544946,True,2159,0.008337193144974525,0.45415458454154584,True
chronos_bolt,xrp,e2,0.025,2647,0.02342274272761617,0.6118388161183882,True,2159,0.024085224641037517,0.8383161683831617,True
chronos_bolt,xrp,e2,0.05,2647,0.05062334718549301,0.8946105389461054,True,2159,0.05187586845761927,0.6953304669533047,True
chronos_bolt,xrp,e3,0.01,2647,0.01775595013222516,0.0007999200079992001,False,2159,0.01760074108383511,0.0017998200179982,False
chronos_bolt,xrp,e3,0.025,2647,0.03362296939931998,0.007699230076992301,False,2159,0.03473830477072719,0.007399260073992601,False
chronos_bolt,xrp,e3,0.05,2647,0.0657347941065357,0.0007999200079992001,False,2159,0.06808707735062529,0.00039996000399960006,False
lag_llama,xrp,e0,0.01,2647,0.03551190026445032,9.999000099990002e-05,False,2159,0.036591014358499305,9.999000099990002e-05,False
lag_llama,xrp,e0,0.025,2647,0.05629013978088402,9.999000099990002e-05,False,2159,0.058823529411764705,9.999000099990002e-05,False
lag_llama,xrp,e0,0.05,2647,0.08349074423876086,9.999000099990002e-05,False,2159,0.08800370541917554,9.999000099990002e-05,False
lag_llama,xrp,e1,0.01,2647,0.049867774839440875,9.999000099990002e-05,False,2159,0.052802223251505326,9.999000099990002e-05,False
lag_llama,xrp,e1,0.025,2647,0.06686815262561391,9.999000099990002e-05,False,2159,0.07086614173228346,9.999000099990002e-05,False
lag_llama,xrp,e1,0.05,2647,0.09255761239138648,9.999000099990002e-05,False,2159,0.0968040759610931,9.999000099990002e-05,False
lag_llama,xrp,e2,0.01,2647,0.00680015111446921,0.0932906709329067,True,2159,0.006484483557202408,0.08769123087691232,True
lag_llama,xrp,e2,0.025,2647,0.021533811862485833,0.2638736126387361,True,2159,0.02176933765632237,0.3364663533646635,True
lag_llama,xrp,e2,0.05,2647,0.05402342274272762,0.34766523347665235,True,2159,0.05697081982399259,0.1563843615638436,True
lag_llama,xrp,e3,0.01,2647,0.014733660748016623,0.0235976402359764,False,2159,0.013895321908290875,0.1050894910508949,True
lag_llama,xrp,e3,0.025,2647,0.03815640347563279,0.00019998000199980003,False,2159,0.03983325613710051,9.999000099990002e-05,False
lag_llama,xrp,e3,0.05,2647,0.0680015111446921,9.999000099990002e-05,False,2159,0.07271885132005558,9.999000099990002e-05,False
moirai_2_0,xrp,e0,0.01,2647,0.02040045334340763,9.999000099990002e-05,False,2159,0.021306160259379342,9.999000099990002e-05,False
moirai_2_0,xrp,e0,0.025,2647,0.03475632791839819,0.0023997600239976003,False,2159,0.03473830477072719,0.007399260073992601,False
moirai_2_0,xrp,e0,0.05,2647,0.0634680770683793,0.0032996700329967,False,2159,0.06391848077813803,0.0047995200479952005,False
moirai_2_0,xrp,e1,0.01,2647,0.036267472610502456,9.999000099990002e-05,False,2159,0.035664659564613246,9.999000099990002e-05,False
moirai_2_0,xrp,e1,0.025,2647,0.051756705704571214,9.999000099990002e-05,False,2159,0.05141269106067624,9.999000099990002e-05,False
moirai_2_0,xrp,e1,0.05,2647,0.07480166225916131,9.999000099990002e-05,False,2159,0.07410838351088467,9.999000099990002e-05,False
moirai_2_0,xrp,e2,0.01,2647,0.005289006422364941,0.0091990800919908,False,2159,0.004631773969430292,0.007399260073992601,False
moirai_2_0,xrp,e2,0.025,2647,0.01662259161314696,0.0031996800319968005,False,2159,0.01713756368689208,0.016698330166983303,False
moirai_2_0,xrp,e2,0.05,2647,0.037400831129580654,0.0031996800319968005,False,2159,0.036591014358499305,0.0034996500349965005,False
moirai_2_0,xrp,e3,0.01,2647,0.01095579901775595,0.6945305469453055,True,2159,0.010653080129689671,0.8316168383161684,True
moirai_2_0,xrp,e3,0.025,2647,0.02342274272761617,0.6118388161183882,True,2159,0.024548402037980546,0.9475052494750525,True
moirai_2_0,xrp,e3,0.05,2647,0.05251227805062335,0.5627437256274372,True,2159,0.052802223251505326,0.5884411558844116,True
timesfm_2_5,xrp,e1,0.01,2647,0.04080090668681526,9.999000099990002e-05,False,2159,0.04029643353404354,9.999000099990002e-05,False
timesfm_2_5,xrp,e1,0.025,2647,0.06044578768417076,9.999000099990002e-05,False,2159,0.06113941639647985,9.999000099990002e-05,False
timesfm_2_5,xrp,e1,0.05,2647,0.08273517189270872,9.999000099990002e-05,False,2159,0.08429828624363131,9.999000099990002e-05,False
timesfm_2_5,xrp,e2,0.01,2647,0.006044578768417076,0.031296870312968704,False,2159,0.006484483557202408,0.08769123087691232,True
timesfm_2_5,xrp,e2,0.025,2647,0.020022667170381564,0.09159084091590841,True,2159,0.019916628068550254,0.12908709129087093,True
timesfm_2_5,xrp,e2,0.05,2647,0.048734416320362677,0.794020597940206,True,2159,0.047707271885132005,0.6583341665833417,True
timesfm_2_5,xrp,e3,0.01,2647,0.013222516055912353,0.1141885811418858,True,2159,0.012968967114404817,0.18968103189681032,True
timesfm_2_5,xrp,e3,0.025,2647,0.026445032111824706,0.6552344765523448,True,2159,0.026401111625752663,0.7302269773022698,True
timesfm_2_5,xrp,e3,0.05,2647,0.05931242916509256,0.0365963403659634,False,2159,0.059286706808707734,0.06229377062293771,True
