episode,index,onset,model,alpha,window,n_assets,tau_rec,censored,post_cutoff,onset_rate
vix_ep14,vix,2016-01-15,chronos_bolt,0.025,21,24,21,False,False,0.25
vix_ep14,vix,2016-01-15,chronos_bolt,0.025,10,24,10,False,False,0.25
vix_ep14,vix,2016-01-15,chronos_bolt,0.05,21,24,21,False,False,0.292
vix_ep14,vix,2016-01-15,chronos_bolt,0.05,10,24,10,False,False,0.292
vix_ep14,vix,2016-01-15,chronos_2,0.025,21,24,21,False,False,0.167
vix_ep14,vix,2016-01-15,chronos_2,0.025,10,24,10,False,False,0.167
vix_ep14,vix,2016-01-15,chronos_2,0.05,21,24,21,False,False,0.292
vix_ep14,vix,2016-01-15,chronos_2,0.05,10,24,10,False,False,0.292
vix_ep14,vix,2016-01-15,timesfm_2_5,0.025,21,24,21,False,False,0.125
vix_ep14,vix,2016-01-15,timesfm_2_5,0.025,10,24,10,False,False,0.125
vix_ep14,vix,2016-01-15,timesfm_2_5,0.05,21,24,21,False,False,0.292
vix_ep14,vix,2016-01-15,timesfm_2_5,0.05,10,24,10,False,False,0.292
vix_ep14,vix,2016-01-15,moirai_2_0,0.025,21,24,21,False,False,0.125
vix_ep14,vix,2016-01-15,moirai_2_0,0.025,10,24,10,False,False,0.125
vix_ep14,vix,2016-01-15,moirai_2_0,0.05,21,24,21,False,False,0.292
vix_ep14,vix,2016-01-15,moirai_2_0,0.05,10,24,10,False,False,0.292
vix_ep14,vix,2016-01-15,lag_llama,0.025,21,24,21,False,False,0.417
vix_ep14,vix,2016-01-15,lag_llama,0.025,10,24,10,False,False,0.417
vix_ep14,vix,2016-01-15,lag_llama,0.05,21,24,21,False,False,0.667
vix_ep14,vix,2016-01-15,lag_llama,0.05,10,24,10,False,False,0.667
vix_ep15,vix,2018-02-05,chronos_bolt,0.025,21,24,21,False,False,0.583
vix_ep15,vix,2018-02-05,chronos_bolt,0.025,10,24,10,False,False,0.583
vix_ep15,vix,2018-02-05,chronos_bolt,0.05,21,24,21,False,False,0.667
vix_ep15,vix,2018-02-05,chronos_bolt,0.05,10,24,10,False,False,0.667
vix_ep15,vix,2018-02-05,chronos_2,0.025,21,24,21,False,False,0.542
vix_ep15,vix,2018-02-05,chronos_2,0.025,10,24,10,False,False,0.542
vix_ep15,vix,2018-02-05,chronos_2,0.05,21,24,21,False,False,0.625
vix_ep15,vix,2018-02-05,chronos_2,0.05,10,24,10,False,False,0.625
vix_ep15,vix,2018-02-05,timesfm_2_5,0.025,21,24,21,False,False,0.583
vix_ep15,vix,2018-02-05,timesfm_2_5,0.025,10,24,10,False,False,0.583
vix_ep15,vix,2018-02-05,timesfm_2_5,0.05,21,24,21,False,False,0.583
vix_ep15,vix,2018-02-05,timesfm_2_5,0.05,10,24,10,False,False,0.583
vix_ep15,vix,2018-02-05,moirai_2_0,0.025,21,24,21,False,False,0.583
vix_ep15,vix,2018-02-05,moirai_2_0,0.025,10,24,10,False,False,0.583
vix_ep15,vix,2018-02-05,moirai_2_0,0.05,21,24,21,False,False,0.583
vix_ep15,vix,2018-02-05,moirai_2_0,0.05,10,24,10,False,False,0.583
vix_ep15,vix,2018-02-05,lag_llama,0.025,21,24,21,False,False,0.458
vix_ep15,vix,2018-02-05,lag_llama,0.025,10,24,10,False,False,0.458
vix_ep15,vix,2018-02-05,lag_llama,0.05,21,24,21,False,False,0.625
vix_ep15,vix,2018-02-05,lag_llama,0.05,10,24,10,False,False,0.625
vix_ep16,vix,2018-12-18,chronos_bolt,0.025,21,24,21,False,False,0.083
vix_ep16,vix,2018-12-18,chronos_bolt,0.025,10,24,10,False,False,0.083
vix_ep16,vix,2018-12-18,chronos_bolt,0.05,21,24,21,False,False,0.125
vix_ep16,vix,2018-12-18,chronos_bolt,0.05,10,24,10,False,False,0.125
vix_ep16,vix,2018-12-18,chronos_2,0.025,21,24,21,False,False,0.083
vix_ep16,vix,2018-12-18,chronos_2,0.025,10,24,10,False,False,0.083
vix_ep16,vix,2018-12-18,chronos_2,0.05,21,24,21,False,False,0.125
vix_ep16,vix,2018-12-18,chronos_2,0.05,10,24,10,False,False,0.125
vix_ep16,vix,2018-12-18,timesfm_2_5,0.025,21,24,21,False,False,0.125
vix_ep16,vix,2018-12-18,timesfm_2_5,0.025,10,24,10,False,False,0.125
vix_ep16,vix,2018-12-18,timesfm_2_5,0.05,21,24,21,False,False,0.167
vix_ep16,vix,2018-12-18,timesfm_2_5,0.05,10,24,10,False,False,0.167
vix_ep16,vix,2018-12-18,moirai_2_0,0.025,21,24,21,False,False,0.083
vix_ep16,vix,2018-12-18,moirai_2_0,0.025,10,24,10,False,False,0.083
vix_ep16,vix,2018-12-18,moirai_2_0,0.05,21,24,21,False,False,0.167
vix_ep16,vix,2018-12-18,moirai_2_0,0.05,10,24,10,False,False,0.167
vix_ep16,vix,2018-12-18,lag_llama,0.025,21,24,21,False,False,0.167
vix_ep16,vix,2018-12-18,lag_llama,0.025,10,24,10,False,False,0.167
vix_ep16,vix,2018-12-18,lag_llama,0.05,21,24,21,False,False,0.167
vix_ep16,vix,2018-12-18,lag_llama,0.05,10,24,10,False,False,0.167
vix_ep17,vix,2020-02-24,chronos_bolt,0.025,21,24,21,False,False,0.458
vix_ep17,vix,2020-02-24,chronos_bolt,0.025,10,24,10,False,False,0.458
vix_ep17,vix,2020-02-24,chronos_bolt,0.05,21,24,21,False,False,0.75
vix_ep17,vix,2020-02-24,chronos_bolt,0.05,10,24,10,False,False,0.75
vix_ep17,vix,2020-02-24,chronos_2,0.025,21,24,21,False,False,0.417
vix_ep17,vix,2020-02-24,chronos_2,0.025,10,24,10,False,False,0.417
vix_ep17,vix,2020-02-24,chronos_2,0.05,21,24,21,False,False,0.583
vix_ep17,vix,2020-02-24,chronos_2,0.05,10,24,10,False,False,0.583
vix_ep17,vix,2020-02-24,timesfm_2_5,0.025,21,24,21,False,False,0.542
vix_ep17,vix,2020-02-24,timesfm_2_5,0.025,10,24,10,False,False,0.542
vix_ep17,vix,2020-02-24,timesfm_2_5,0.05,21,24,21,False,False,0.625
vix_ep17,vix,2020-02-24,timesfm_2_5,0.05,10,24,10,False,False,0.625
vix_ep17,vix,2020-02-24,moirai_2_0,0.025,21,24,21,False,False,0.5
vix_ep17,vix,2020-02-24,moirai_2_0,0.025,10,24,10,False,False,0.5
vix_ep17,vix,2020-02-24,moirai_2_0,0.05,21,24,21,False,False,0.625
vix_ep17,vix,2020-02-24,moirai_2_0,0.05,10,24,10,False,False,0.625
vix_ep17,vix,2020-02-24,lag_llama,0.025,21,24,21,False,False,0.625
vix_ep17,vix,2020-02-24,lag_llama,0.025,10,24,10,False,False,0.625
vix_ep17,vix,2020-02-24,lag_llama,0.05,21,24,21,False,False,0.792
vix_ep17,vix,2020-02-24,lag_llama,0.05,10,24,10,False,False,0.792
vix_ep18,vix,2020-06-08,chronos_bolt,0.025,21,24,21,False,False,0.0
vix_ep18,vix,2020-06-08,chronos_bolt,0.025,10,24,10,False,False,0.0
vix_ep18,vix,2020-06-08,chronos_bolt,0.05,21,24,21,False,False,0.0
vix_ep18,vix,2020-06-08,chronos_bolt,0.05,10,24,10,False,False,0.0
vix_ep18,vix,2020-06-08,chronos_2,0.025,21,24,21,False,False,0.0
vix_ep18,vix,2020-06-08,chronos_2,0.025,10,24,10,False,False,0.0
vix_ep18,vix,2020-06-08,chronos_2,0.05,21,24,21,False,False,0.0
vix_ep18,vix,2020-06-08,chronos_2,0.05,10,24,10,False,False,0.0
vix_ep18,vix,2020-06-08,timesfm_2_5,0.025,21,24,21,False,False,0.0
vix_ep18,vix,2020-06-08,timesfm_2_5,0.025,10,24,10,False,False,0.0
vix_ep18,vix,2020-06-08,timesfm_2_5,0.05,21,24,21,False,False,0.0
vix_ep18,vix,2020-06-08,timesfm_2_5,0.05,10,24,10,False,False,0.0
vix_ep18,vix,2020-06-08,moirai_2_0,0.025,21,24,21,False,False,0.0
vix_ep18,vix,2020-06-08,moirai_2_0,0.025,10,24,10,False,False,0.0
vix_ep18,vix,2020-06-08,moirai_2_0,0.05,21,24,21,False,False,0.0
vix_ep18,vix,2020-06-08,moirai_2_0,0.05,10,24,10,False,False,0.0
vix_ep18,vix,2020-06-08,lag_llama,0.025,21,24,21,False,False,0.042
vix_ep18,vix,2020-06-08,lag_llama,0.025,10,24,10,False,False,0.042
vix_ep18,vix,2020-06-08,lag_llama,0.05,21,24,21,False,False,0.042
vix_ep18,vix,2020-06-08,lag_llama,0.05,10,24,10,False,False,0.042
vix_ep19,vix,2022-01-21,chronos_bolt,0.025,21,24,21,False,False,0.042
vix_ep19,vix,2022-01-21,chronos_bolt,0.025,10,24,10,False,False,0.042
vix_ep19,vix,2022-01-21,chronos_bolt,0.05,21,24,21,False,False,0.167
vix_ep19,vix,2022-01-21,chronos_bolt,0.05,10,24,10,False,False,0.167
vix_ep19,vix,2022-01-21,chronos_2,0.025,21,24,21,False,False,0.042
vix_ep19,vix,2022-01-21,chronos_2,0.025,10,24,10,False,False,0.042
vix_ep19,vix,2022-01-21,chronos_2,0.05,21,24,21,False,False,0.125
vix_ep19,vix,2022-01-21,chronos_2,0.05,10,24,10,False,False,0.125
vix_ep19,vix,2022-01-21,timesfm_2_5,0.025,21,24,21,False,False,0.042
vix_ep19,vix,2022-01-21,timesfm_2_5,0.025,10,24,10,False,False,0.042
vix_ep19,vix,2022-01-21,timesfm_2_5,0.05,21,24,21,False,False,0.167
vix_ep19,vix,2022-01-21,timesfm_2_5,0.05,10,24,10,False,False,0.167
vix_ep19,vix,2022-01-21,moirai_2_0,0.025,21,24,21,False,False,0.042
vix_ep19,vix,2022-01-21,moirai_2_0,0.025,10,24,10,False,False,0.042
vix_ep19,vix,2022-01-21,moirai_2_0,0.05,21,24,21,False,False,0.083
vix_ep19,vix,2022-01-21,moirai_2_0,0.05,10,24,10,False,False,0.083
vix_ep19,vix,2022-01-21,lag_llama,0.025,21,24,21,False,False,0.167
vix_ep19,vix,2022-01-21,lag_llama,0.025,10,24,10,False,False,0.167
vix_ep19,vix,2022-01-21,lag_llama,0.05,21,24,21,False,False,0.208
vix_ep19,vix,2022-01-21,lag_llama,0.05,10,24,10,False,False,0.208
vix_ep20,vix,2022-02-22,chronos_bolt,0.025,21,24,21,False,False,0.042
vix_ep20,vix,2022-02-22,chronos_bolt,0.025,10,24,10,False,False,0.042
vix_ep20,vix,2022-02-22,chronos_bolt,0.05,21,24,21,False,False,0.083
vix_ep20,vix,2022-02-22,chronos_bolt,0.05,10,24,10,False,False,0.083
vix_ep20,vix,2022-02-22,chronos_2,0.025,21,24,21,False,False,0.042
vix_ep20,vix,2022-02-22,chronos_2,0.025,10,24,10,False,False,0.042
vix_ep20,vix,2022-02-22,chronos_2,0.05,21,24,21,False,False,0.042
vix_ep20,vix,2022-02-22,chronos_2,0.05,10,24,10,False,False,0.042
vix_ep20,vix,2022-02-22,timesfm_2_5,0.025,21,24,21,False,False,0.0
vix_ep20,vix,2022-02-22,timesfm_2_5,0.025,10,24,10,False,False,0.0
vix_ep20,vix,2022-02-22,timesfm_2_5,0.05,21,24,21,False,False,0.042
vix_ep20,vix,2022-02-22,timesfm_2_5,0.05,10,24,10,False,False,0.042
vix_ep20,vix,2022-02-22,moirai_2_0,0.025,21,24,21,False,False,0.042
vix_ep20,vix,2022-02-22,moirai_2_0,0.025,10,24,10,False,False,0.042
vix_ep20,vix,2022-02-22,moirai_2_0,0.05,21,24,21,False,False,0.042
vix_ep20,vix,2022-02-22,moirai_2_0,0.05,10,24,10,False,False,0.042
vix_ep20,vix,2022-02-22,lag_llama,0.025,21,24,21,False,False,0.042
vix_ep20,vix,2022-02-22,lag_llama,0.025,10,24,10,False,False,0.042
vix_ep20,vix,2022-02-22,lag_llama,0.05,21,24,21,False,False,0.125
vix_ep20,vix,2022-02-22,lag_llama,0.05,10,24,10,False,False,0.125
vix_ep21,vix,2022-04-26,chronos_bolt,0.025,21,24,21,False,False,0.125
vix_ep21,vix,2022-04-26,chronos_bolt,0.025,10,24,10,False,False,0.125
vix_ep21,vix,2022-04-26,chronos_bolt,0.05,21,24,21,False,False,0.292
vix_ep21,vix,2022-04-26,chronos_bolt,0.05,10,24,10,False,False,0.292
vix_ep21,vix,2022-04-26,chronos_2,0.025,21,24,21,False,False,0.125
vix_ep21,vix,2022-04-26,chronos_2,0.025,10,24,10,False,False,0.125
vix_ep21,vix,2022-04-26,chronos_2,0.05,21,24,21,False,False,0.208
vix_ep21,vix,2022-04-26,chronos_2,0.05,10,24,10,False,False,0.208
vix_ep21,vix,2022-04-26,timesfm_2_5,0.025,21,24,21,False,False,0.208
vix_ep21,vix,2022-04-26,timesfm_2_5,0.025,10,24,10,False,False,0.208
vix_ep21,vix,2022-04-26,timesfm_2_5,0.05,21,24,21,False,False,0.333
vix_ep21,vix,2022-04-26,timesfm_2_5,0.05,10,24,10,False,False,0.333
vix_ep21,vix,2022-04-26,moirai_2_0,0.025,21,24,21,False,False,0.167
vix_ep21,vix,2022-04-26,moirai_2_0,0.025,10,24,10,False,False,0.167
vix_ep21,vix,2022-04-26,moirai_2_0,0.05,21,24,21,False,False,0.292
vix_ep21,vix,2022-04-26,moirai_2_0,0.05,10,24,10,False,False,0.292
vix_ep21,vix,2022-04-26,lag_llama,0.025,21,24,21,False,False,0.333
vix_ep21,vix,2022-04-26,lag_llama,0.025,10,24,10,False,False,0.333
vix_ep21,vix,2022-04-26,lag_llama,0.05,21,24,21,False,False,0.333
vix_ep21,vix,2022-04-26,lag_llama,0.05,10,24,10,False,False,0.333
vix_ep22,vix,2024-08-05,chronos_bolt,0.025,21,24,21,False,False,0.333
vix_ep22,vix,2024-08-05,chronos_bolt,0.025,10,24,10,False,False,0.333
vix_ep22,vix,2024-08-05,chronos_bolt,0.05,21,24,21,False,False,0.5
vix_ep22,vix,2024-08-05,chronos_bolt,0.05,10,24,10,False,False,0.5
vix_ep22,vix,2024-08-05,chronos_2,0.025,21,24,21,False,False,0.292
vix_ep22,vix,2024-08-05,chronos_2,0.025,10,24,10,False,False,0.292
vix_ep22,vix,2024-08-05,chronos_2,0.05,21,24,21,False,False,0.417
vix_ep22,vix,2024-08-05,chronos_2,0.05,10,24,10,False,False,0.417
vix_ep22,vix,2024-08-05,timesfm_2_5,0.025,21,24,21,False,True,0.292
vix_ep22,vix,2024-08-05,timesfm_2_5,0.025,10,24,10,False,True,0.292
vix_ep22,vix,2024-08-05,timesfm_2_5,0.05,21,24,21,False,True,0.458
vix_ep22,vix,2024-08-05,timesfm_2_5,0.05,10,24,10,False,True,0.458
vix_ep22,vix,2024-08-05,moirai_2_0,0.025,21,24,21,False,False,0.333
vix_ep22,vix,2024-08-05,moirai_2_0,0.025,10,24,10,False,False,0.333
vix_ep22,vix,2024-08-05,moirai_2_0,0.05,21,24,21,False,False,0.417
vix_ep22,vix,2024-08-05,moirai_2_0,0.05,10,24,10,False,False,0.417
vix_ep22,vix,2024-08-05,lag_llama,0.025,21,24,21,False,True,0.458
vix_ep22,vix,2024-08-05,lag_llama,0.025,10,24,10,False,True,0.458
vix_ep22,vix,2024-08-05,lag_llama,0.05,21,24,21,False,True,0.542
vix_ep22,vix,2024-08-05,lag_llama,0.05,10,24,10,False,True,0.542
vix_ep23,vix,2025-04-03,chronos_bolt,0.025,21,24,21,False,False,0.625
vix_ep23,vix,2025-04-03,chronos_bolt,0.025,10,24,10,False,False,0.625
vix_ep23,vix,2025-04-03,chronos_bolt,0.05,21,24,21,False,False,0.667
vix_ep23,vix,2025-04-03,chronos_bolt,0.05,10,24,10,False,False,0.667
vix_ep23,vix,2025-04-03,chronos_2,0.025,21,24,21,False,False,0.542
vix_ep23,vix,2025-04-03,chronos_2,0.025,10,24,10,False,False,0.542
vix_ep23,vix,2025-04-03,chronos_2,0.05,21,24,21,False,False,0.667
vix_ep23,vix,2025-04-03,chronos_2,0.05,10,24,10,False,False,0.667
vix_ep23,vix,2025-04-03,timesfm_2_5,0.025,21,24,21,False,True,0.542
vix_ep23,vix,2025-04-03,timesfm_2_5,0.025,10,24,10,False,True,0.542
vix_ep23,vix,2025-04-03,timesfm_2_5,0.05,21,24,21,False,True,0.667
vix_ep23,vix,2025-04-03,timesfm_2_5,0.05,10,24,10,False,True,0.667
vix_ep23,vix,2025-04-03,moirai_2_0,0.025,21,24,21,False,False,0.583
vix_ep23,vix,2025-04-03,moirai_2_0,0.025,10,24,10,False,False,0.583
vix_ep23,vix,2025-04-03,moirai_2_0,0.05,21,24,21,False,False,0.667
vix_ep23,vix,2025-04-03,moirai_2_0,0.05,10,24,10,False,False,0.667
vix_ep23,vix,2025-04-03,lag_llama,0.025,21,24,21,False,True,0.625
vix_ep23,vix,2025-04-03,lag_llama,0.025,10,24,10,False,True,0.625
vix_ep23,vix,2025-04-03,lag_llama,0.05,21,24,21,False,True,0.75
vix_ep23,vix,2025-04-03,lag_llama,0.05,10,24,10,False,True,0.75
vix_ep24,vix,2026-03-20,chronos_bolt,0.025,21,24,21,False,True,0.125
vix_ep24,vix,2026-03-20,chronos_bolt,0.025,10,24,10,False,True,0.125
vix_ep24,vix,2026-03-20,chronos_bolt,0.05,21,24,21,False,True,0.333
vix_ep24,vix,2026-03-20,chronos_bolt,0.05,10,24,10,False,True,0.333
vix_ep24,vix,2026-03-20,chronos_2,0.025,21,24,21,False,True,0.0
vix_ep24,vix,2026-03-20,chronos_2,0.025,10,24,10,False,True,0.0
vix_ep24,vix,2026-03-20,chronos_2,0.05,21,24,21,False,True,0.25
vix_ep24,vix,2026-03-20,chronos_2,0.05,10,24,10,False,True,0.25
vix_ep24,vix,2026-03-20,timesfm_2_5,0.025,21,24,21,False,True,0.0
vix_ep24,vix,2026-03-20,timesfm_2_5,0.025,10,24,10,False,True,0.0
vix_ep24,vix,2026-03-20,timesfm_2_5,0.05,21,24,21,False,True,0.167
vix_ep24,vix,2026-03-20,timesfm_2_5,0.05,10,24,10,False,True,0.167
vix_ep24,vix,2026-03-20,moirai_2_0,0.025,21,24,21,False,True,0.0
vix_ep24,vix,2026-03-20,moirai_2_0,0.025,10,24,10,False,True,0.0
vix_ep24,vix,2026-03-20,moirai_2_0,0.05,21,24,21,False,True,0.167
vix_ep24,vix,2026-03-20,moirai_2_0,0.05,10,24,10,False,True,0.167
vix_ep24,vix,2026-03-20,lag_llama,0.025,21,24,21,False,True,0.167
vix_ep24,vix,2026-03-20,lag_llama,0.025,10,24,10,False,True,0.167
vix_ep24,vix,2026-03-20,lag_llama,0.05,21,24,21,False,True,0.292
vix_ep24,vix,2026-03-20,lag_llama,0.05,10,24,10,False,True,0.292
move_ep8,move,2020-02-28,chronos_bolt,0.025,21,4,21,False,False,1.0
move_ep8,move,2020-02-28,chronos_bolt,0.025,10,4,10,False,False,1.0
move_ep8,move,2020-02-28,chronos_bolt,0.05,21,4,21,False,False,1.0
move_ep8,move,2020-02-28,chronos_bolt,0.05,10,4,10,False,False,1.0
move_ep8,move,2020-02-28,chronos_2,0.025,21,4,21,False,False,1.0
move_ep8,move,2020-02-28,chronos_2,0.025,10,4,10,False,False,1.0
move_ep8,move,2020-02-28,chronos_2,0.05,21,4,21,False,False,1.0
move_ep8,move,2020-02-28,chronos_2,0.05,10,4,10,False,False,1.0
move_ep8,move,2020-02-28,timesfm_2_5,0.025,21,4,21,False,False,1.0
move_ep8,move,2020-02-28,timesfm_2_5,0.025,10,4,10,False,False,1.0
move_ep8,move,2020-02-28,timesfm_2_5,0.05,21,4,21,False,False,1.0
move_ep8,move,2020-02-28,timesfm_2_5,0.05,10,4,10,False,False,1.0
move_ep8,move,2020-02-28,moirai_2_0,0.025,21,4,21,False,False,1.0
move_ep8,move,2020-02-28,moirai_2_0,0.025,10,4,10,False,False,1.0
move_ep8,move,2020-02-28,moirai_2_0,0.05,21,4,21,False,False,1.0
move_ep8,move,2020-02-28,moirai_2_0,0.05,10,4,10,False,False,1.0
move_ep8,move,2020-02-28,lag_llama,0.025,21,4,21,False,False,1.0
move_ep8,move,2020-02-28,lag_llama,0.025,10,4,10,False,False,1.0
move_ep8,move,2020-02-28,lag_llama,0.05,21,4,21,False,False,1.0
move_ep8,move,2020-02-28,lag_llama,0.05,10,4,10,False,False,1.0
move_ep9,move,2022-02-28,chronos_bolt,0.025,21,4,21,False,False,0.5
move_ep9,move,2022-02-28,chronos_bolt,0.025,10,4,10,False,False,0.5
move_ep9,move,2022-02-28,chronos_bolt,0.05,21,4,21,False,False,0.75
move_ep9,move,2022-02-28,chronos_bolt,0.05,10,4,10,False,False,0.75
move_ep9,move,2022-02-28,chronos_2,0.025,21,4,21,False,False,0.25
move_ep9,move,2022-02-28,chronos_2,0.025,10,4,10,False,False,0.25
move_ep9,move,2022-02-28,chronos_2,0.05,21,4,21,False,False,0.75
move_ep9,move,2022-02-28,chronos_2,0.05,10,4,10,False,False,0.75
move_ep9,move,2022-02-28,timesfm_2_5,0.025,21,4,21,False,False,0.75
move_ep9,move,2022-02-28,timesfm_2_5,0.025,10,4,10,False,False,0.75
move_ep9,move,2022-02-28,timesfm_2_5,0.05,21,4,21,False,False,1.0
move_ep9,move,2022-02-28,timesfm_2_5,0.05,10,4,10,False,False,1.0
move_ep9,move,2022-02-28,moirai_2_0,0.025,21,4,21,False,False,0.75
move_ep9,move,2022-02-28,moirai_2_0,0.025,10,4,10,False,False,0.75
move_ep9,move,2022-02-28,moirai_2_0,0.05,21,4,21,False,False,1.0
move_ep9,move,2022-02-28,moirai_2_0,0.05,10,4,10,False,False,1.0
move_ep9,move,2022-02-28,lag_llama,0.025,21,4,21,False,False,1.0
move_ep9,move,2022-02-28,lag_llama,0.025,10,4,10,False,False,1.0
move_ep9,move,2022-02-28,lag_llama,0.05,21,4,21,False,False,1.0
move_ep9,move,2022-02-28,lag_llama,0.05,10,4,10,False,False,1.0
move_ep10,move,2022-06-13,chronos_bolt,0.025,21,4,21,False,False,0.0
move_ep10,move,2022-06-13,chronos_bolt,0.025,10,4,10,False,False,0.0
move_ep10,move,2022-06-13,chronos_bolt,0.05,21,4,21,False,False,0.0
move_ep10,move,2022-06-13,chronos_bolt,0.05,10,4,10,False,False,0.0
move_ep10,move,2022-06-13,chronos_2,0.025,21,4,21,False,False,0.0
move_ep10,move,2022-06-13,chronos_2,0.025,10,4,10,False,False,0.0
move_ep10,move,2022-06-13,chronos_2,0.05,21,4,21,False,False,0.0
move_ep10,move,2022-06-13,chronos_2,0.05,10,4,10,False,False,0.0
move_ep10,move,2022-06-13,timesfm_2_5,0.025,21,4,21,False,False,0.0
move_ep10,move,2022-06-13,timesfm_2_5,0.025,10,4,10,False,False,0.0
move_ep10,move,2022-06-13,timesfm_2_5,0.05,21,4,21,False,False,0.0
move_ep10,move,2022-06-13,timesfm_2_5,0.05,10,4,10,False,False,0.0
move_ep10,move,2022-06-13,moirai_2_0,0.025,21,4,21,False,False,0.0
move_ep10,move,2022-06-13,moirai_2_0,0.025,10,4,10,False,False,0.0
move_ep10,move,2022-06-13,moirai_2_0,0.05,21,4,21,False,False,0.0
move_ep10,move,2022-06-13,moirai_2_0,0.05,10,4,10,False,False,0.0
move_ep10,move,2022-06-13,lag_llama,0.025,21,4,21,False,False,0.0
move_ep10,move,2022-06-13,lag_llama,0.025,10,4,10,False,False,0.0
move_ep10,move,2022-06-13,lag_llama,0.05,21,4,21,False,False,0.0
move_ep10,move,2022-06-13,lag_llama,0.05,10,4,10,False,False,0.0
crypto_rv_ep4,crypto_rv,2016-06-22,chronos_bolt,0.025,21,4,21,False,False,0.5
crypto_rv_ep4,crypto_rv,2016-06-22,chronos_bolt,0.025,10,4,10,False,False,0.5
crypto_rv_ep4,crypto_rv,2016-06-22,chronos_bolt,0.05,21,4,21,False,False,0.5
crypto_rv_ep4,crypto_rv,2016-06-22,chronos_bolt,0.05,10,4,10,False,False,0.5
crypto_rv_ep4,crypto_rv,2016-06-22,chronos_2,0.025,21,4,21,False,False,0.5
crypto_rv_ep4,crypto_rv,2016-06-22,chronos_2,0.025,10,4,10,False,False,0.5
crypto_rv_ep4,crypto_rv,2016-06-22,chronos_2,0.05,21,4,21,False,False,0.5
crypto_rv_ep4,crypto_rv,2016-06-22,chronos_2,0.05,10,4,10,False,False,0.5
crypto_rv_ep4,crypto_rv,2016-06-22,timesfm_2_5,0.025,21,4,21,False,False,0.5
crypto_rv_ep4,crypto_rv,2016-06-22,timesfm_2_5,0.025,10,4,10,False,False,0.5
crypto_rv_ep4,crypto_rv,2016-06-22,timesfm_2_5,0.05,21,4,21,False,False,0.5
crypto_rv_ep4,crypto_rv,2016-06-22,timesfm_2_5,0.05,10,4,10,False,False,0.5
crypto_rv_ep4,crypto_rv,2016-06-22,moirai_2_0,0.025,21,4,21,False,False,0.5
crypto_rv_ep4,crypto_rv,2016-06-22,moirai_2_0,0.025,10,4,10,False,False,0.5
crypto_rv_ep4,crypto_rv,2016-06-22,moirai_2_0,0.05,21,4,21,False,False,0.5
crypto_rv_ep4,crypto_rv,2016-06-22,moirai_2_0,0.05,10,4,10,False,False,0.5
crypto_rv_ep4,crypto_rv,2016-06-22,lag_llama,0.025,21,4,21,False,False,0.0
crypto_rv_ep4,crypto_rv,2016-06-22,lag_llama,0.025,10,4,10,False,False,0.0
crypto_rv_ep4,crypto_rv,2016-06-22,lag_llama,0.05,21,4,21,False,False,0.25
crypto_rv_ep4,crypto_rv,2016-06-22,lag_llama,0.05,10,4,10,False,False,0.25
crypto_rv_ep5,crypto_rv,2017-01-06,chronos_bolt,0.025,21,4,21,False,False,0.5
crypto_rv_ep5,crypto_rv,2017-01-06,chronos_bolt,0.025,10,4,10,False,False,0.5
crypto_rv_ep5,crypto_rv,2017-01-06,chronos_bolt,0.05,21,4,21,False,False,0.5
crypto_rv_ep5,crypto_rv,2017-01-06,chronos_bolt,0.05,10,4,10,False,False,0.5
crypto_rv_ep5,crypto_rv,2017-01-06,chronos_2,0.025,21,4,21,False,False,0.0
crypto_rv_ep5,crypto_rv,2017-01-06,chronos_2,0.025,10,4,10,False,False,0.0
crypto_rv_ep5,crypto_rv,2017-01-06,chronos_2,0.05,21,4,21,False,False,0.0
crypto_rv_ep5,crypto_rv,2017-01-06,chronos_2,0.05,10,4,10,False,False,0.0
crypto_rv_ep5,crypto_rv,2017-01-06,timesfm_2_5,0.025,21,4,21,False,False,0.5
crypto_rv_ep5,crypto_rv,2017-01-06,timesfm_2_5,0.025,10,4,10,False,False,0.5
crypto_rv_ep5,crypto_rv,2017-01-06,timesfm_2_5,0.05,21,4,21,False,False,0.5
crypto_rv_ep5,crypto_rv,2017-01-06,timesfm_2_5,0.05,10,4,10,False,False,0.5
crypto_rv_ep5,crypto_rv,2017-01-06,moirai_2_0,0.025,21,4,21,False,False,0.0
crypto_rv_ep5,crypto_rv,2017-01-06,moirai_2_0,0.025,10,4,10,False,False,0.0
crypto_rv_ep5,crypto_rv,2017-01-06,moirai_2_0,0.05,21,4,21,False,False,0.5
crypto_rv_ep5,crypto_rv,2017-01-06,moirai_2_0,0.05,10,4,10,False,False,0.5
crypto_rv_ep5,crypto_rv,2017-01-06,lag_llama,0.025,21,4,21,False,False,0.0
crypto_rv_ep5,crypto_rv,2017-01-06,lag_llama,0.025,10,4,10,False,False,0.0
crypto_rv_ep5,crypto_rv,2017-01-06,lag_llama,0.05,21,4,21,False,False,0.0
crypto_rv_ep5,crypto_rv,2017-01-06,lag_llama,0.05,10,4,10,False,False,0.0
crypto_rv_ep6,crypto_rv,2017-03-30,chronos_bolt,0.025,21,4,21,False,False,0.0
crypto_rv_ep6,crypto_rv,2017-03-30,chronos_bolt,0.025,10,4,10,False,False,0.0
crypto_rv_ep6,crypto_rv,2017-03-30,chronos_bolt,0.05,21,4,21,False,False,0.0
crypto_rv_ep6,crypto_rv,2017-03-30,chronos_bolt,0.05,10,4,10,False,False,0.0
crypto_rv_ep6,crypto_rv,2017-03-30,chronos_2,0.025,21,4,21,False,False,0.0
crypto_rv_ep6,crypto_rv,2017-03-30,chronos_2,0.025,10,4,10,False,False,0.0
crypto_rv_ep6,crypto_rv,2017-03-30,chronos_2,0.05,21,4,21,False,False,0.0
crypto_rv_ep6,crypto_rv,2017-03-30,chronos_2,0.05,10,4,10,False,False,0.0
crypto_rv_ep6,crypto_rv,2017-03-30,timesfm_2_5,0.025,21,4,21,False,False,0.0
crypto_rv_ep6,crypto_rv,2017-03-30,timesfm_2_5,0.025,10,4,10,False,False,0.0
crypto_rv_ep6,crypto_rv,2017-03-30,timesfm_2_5,0.05,21,4,21,False,False,0.0
crypto_rv_ep6,crypto_rv,2017-03-30,timesfm_2_5,0.05,10,4,10,False,False,0.0
crypto_rv_ep6,crypto_rv,2017-03-30,moirai_2_0,0.025,21,4,21,False,False,0.0
crypto_rv_ep6,crypto_rv,2017-03-30,moirai_2_0,0.025,10,4,10,False,False,0.0
crypto_rv_ep6,crypto_rv,2017-03-30,moirai_2_0,0.05,21,4,21,False,False,0.0
crypto_rv_ep6,crypto_rv,2017-03-30,moirai_2_0,0.05,10,4,10,False,False,0.0
crypto_rv_ep6,crypto_rv,2017-03-30,lag_llama,0.025,21,4,21,False,False,0.0
crypto_rv_ep6,crypto_rv,2017-03-30,lag_llama,0.025,10,4,10,False,False,0.0
crypto_rv_ep6,crypto_rv,2017-03-30,lag_llama,0.05,21,4,21,False,False,0.0
crypto_rv_ep6,crypto_rv,2017-03-30,lag_llama,0.05,10,4,10,False,False,0.0
crypto_rv_ep7,crypto_rv,2017-09-18,chronos_bolt,0.025,21,4,21,False,False,0.0
crypto_rv_ep7,crypto_rv,2017-09-18,chronos_bolt,0.025,10,4,10,False,False,0.0
crypto_rv_ep7,crypto_rv,2017-09-18,chronos_bolt,0.05,21,4,21,False,False,0.0
crypto_rv_ep7,crypto_rv,2017-09-18,chronos_bolt,0.05,10,4,10,False,False,0.0
crypto_rv_ep7,crypto_rv,2017-09-18,chronos_2,0.025,21,4,21,False,False,0.0
crypto_rv_ep7,crypto_rv,2017-09-18,chronos_2,0.025,10,4,10,False,False,0.0
crypto_rv_ep7,crypto_rv,2017-09-18,chronos_2,0.05,21,4,21,False,False,0.0
crypto_rv_ep7,crypto_rv,2017-09-18,chronos_2,0.05,10,4,10,False,False,0.0
crypto_rv_ep7,crypto_rv,2017-09-18,timesfm_2_5,0.025,21,4,21,False,False,0.0
crypto_rv_ep7,crypto_rv,2017-09-18,timesfm_2_5,0.025,10,4,10,False,False,0.0
crypto_rv_ep7,crypto_rv,2017-09-18,timesfm_2_5,0.05,21,4,21,False,False,0.0
crypto_rv_ep7,crypto_rv,2017-09-18,timesfm_2_5,0.05,10,4,10,False,False,0.0
crypto_rv_ep7,crypto_rv,2017-09-18,moirai_2_0,0.025,21,4,21,False,False,0.0
crypto_rv_ep7,crypto_rv,2017-09-18,moirai_2_0,0.025,10,4,10,False,False,0.0
crypto_rv_ep7,crypto_rv,2017-09-18,moirai_2_0,0.05,21,4,21,False,False,0.0
crypto_rv_ep7,crypto_rv,2017-09-18,moirai_2_0,0.05,10,4,10,False,False,0.0
crypto_rv_ep7,crypto_rv,2017-09-18,lag_llama,0.025,21,4,21,False,False,0.0
crypto_rv_ep7,crypto_rv,2017-09-18,lag_llama,0.025,10,4,10,False,False,0.0
crypto_rv_ep7,crypto_rv,2017-09-18,lag_llama,0.05,21,4,21,False,False,0.0
crypto_rv_ep7,crypto_rv,2017-09-18,lag_llama,0.05,10,4,10,False,False,0.0
crypto_rv_ep8,crypto_rv,2017-12-14,chronos_bolt,0.025,21,4,21,False,False,0.0
crypto_rv_ep8,crypto_rv,2017-12-14,chronos_bolt,0.025,10,4,10,False,False,0.0
crypto_rv_ep8,crypto_rv,2017-12-14,chronos_bolt,0.05,21,4,21,False,False,0.0
crypto_rv_ep8,crypto_rv,2017-12-14,chronos_bolt,0.05,10,4,10,False,False,0.0
crypto_rv_ep8,crypto_rv,2017-12-14,chronos_2,0.025,21,4,21,False,False,0.0
crypto_rv_ep8,crypto_rv,2017-12-14,chronos_2,0.025,10,4,10,False,False,0.0
crypto_rv_ep8,crypto_rv,2017-12-14,chronos_2,0.05,21,4,21,False,False,0.0
crypto_rv_ep8,crypto_rv,2017-12-14,chronos_2,0.05,10,4,10,False,False,0.0
crypto_rv_ep8,crypto_rv,2017-12-14,timesfm_2_5,0.025,21,4,21,False,False,0.0
crypto_rv_ep8,crypto_rv,2017-12-14,timesfm_2_5,0.025,10,4,10,False,False,0.0
crypto_rv_ep8,crypto_rv,2017-12-14,timesfm_2_5,0.05,21,4,21,False,False,0.0
crypto_rv_ep8,crypto_rv,2017-12-14,timesfm_2_5,0.05,10,4,10,False,False,0.0
crypto_rv_ep8,crypto_rv,2017-12-14,moirai_2_0,0.025,21,4,21,False,False,0.0
crypto_rv_ep8,crypto_rv,2017-12-14,moirai_2_0,0.025,10,4,10,False,False,0.0
crypto_rv_ep8,crypto_rv,2017-12-14,moirai_2_0,0.05,21,4,21,False,False,0.0
crypto_rv_ep8,crypto_rv,2017-12-14,moirai_2_0,0.05,10,4,10,False,False,0.0
crypto_rv_ep8,crypto_rv,2017-12-14,lag_llama,0.025,21,4,21,False,False,0.0
crypto_rv_ep8,crypto_rv,2017-12-14,lag_llama,0.025,10,4,10,False,False,0.0
crypto_rv_ep8,crypto_rv,2017-12-14,lag_llama,0.05,21,4,21,False,False,0.25
crypto_rv_ep8,crypto_rv,2017-12-14,lag_llama,0.05,10,4,10,False,False,0.25
crypto_rv_ep9,crypto_rv,2018-01-16,chronos_bolt,0.025,21,4,21,False,False,0.5
crypto_rv_ep9,crypto_rv,2018-01-16,chronos_bolt,0.025,10,4,10,False,False,0.5
crypto_rv_ep9,crypto_rv,2018-01-16,chronos_bolt,0.05,21,4,21,False,False,0.5
crypto_rv_ep9,crypto_rv,2018-01-16,chronos_bolt,0.05,10,4,10,False,False,0.5
crypto_rv_ep9,crypto_rv,2018-01-16,chronos_2,0.025,21,4,21,False,False,0.25
crypto_rv_ep9,crypto_rv,2018-01-16,chronos_2,0.025,10,4,10,False,False,0.25
crypto_rv_ep9,crypto_rv,2018-01-16,chronos_2,0.05,21,4,21,False,False,0.5
crypto_rv_ep9,crypto_rv,2018-01-16,chronos_2,0.05,10,4,10,False,False,0.5
crypto_rv_ep9,crypto_rv,2018-01-16,timesfm_2_5,0.025,21,4,21,False,False,0.5
crypto_rv_ep9,crypto_rv,2018-01-16,timesfm_2_5,0.025,10,4,10,False,False,0.5
crypto_rv_ep9,crypto_rv,2018-01-16,timesfm_2_5,0.05,21,4,21,False,False,0.5
crypto_rv_ep9,crypto_rv,2018-01-16,timesfm_2_5,0.05,10,4,10,False,False,0.5
crypto_rv_ep9,crypto_rv,2018-01-16,moirai_2_0,0.025,21,4,21,False,False,0.5
crypto_rv_ep9,crypto_rv,2018-01-16,moirai_2_0,0.025,10,4,10,False,False,0.5
crypto_rv_ep9,crypto_rv,2018-01-16,moirai_2_0,0.05,21,4,21,False,False,0.5
crypto_rv_ep9,crypto_rv,2018-01-16,moirai_2_0,0.05,10,4,10,False,False,0.5
crypto_rv_ep9,crypto_rv,2018-01-16,lag_llama,0.025,21,4,21,False,False,0.5
crypto_rv_ep9,crypto_rv,2018-01-16,lag_llama,0.025,10,4,10,False,False,0.5
crypto_rv_ep9,crypto_rv,2018-01-16,lag_llama,0.05,21,4,21,False,False,0.5
crypto_rv_ep9,crypto_rv,2018-01-16,lag_llama,0.05,10,4,10,False,False,0.5
crypto_rv_ep10,crypto_rv,2020-03-12,chronos_bolt,0.025,21,4,21,False,False,1.0
crypto_rv_ep10,crypto_rv,2020-03-12,chronos_bolt,0.025,10,4,10,False,False,1.0
crypto_rv_ep10,crypto_rv,2020-03-12,chronos_bolt,0.05,21,4,21,False,False,1.0
crypto_rv_ep10,crypto_rv,2020-03-12,chronos_bolt,0.05,10,4,10,False,False,1.0
crypto_rv_ep10,crypto_rv,2020-03-12,chronos_2,0.025,21,4,21,False,False,1.0
crypto_rv_ep10,crypto_rv,2020-03-12,chronos_2,0.025,10,4,10,False,False,1.0
crypto_rv_ep10,crypto_rv,2020-03-12,chronos_2,0.05,21,4,21,False,False,1.0
crypto_rv_ep10,crypto_rv,2020-03-12,chronos_2,0.05,10,4,10,False,False,1.0
crypto_rv_ep10,crypto_rv,2020-03-12,timesfm_2_5,0.025,21,4,21,False,False,1.0
crypto_rv_ep10,crypto_rv,2020-03-12,timesfm_2_5,0.025,10,4,10,False,False,1.0
crypto_rv_ep10,crypto_rv,2020-03-12,timesfm_2_5,0.05,21,4,21,False,False,1.0
crypto_rv_ep10,crypto_rv,2020-03-12,timesfm_2_5,0.05,10,4,10,False,False,1.0
crypto_rv_ep10,crypto_rv,2020-03-12,moirai_2_0,0.025,21,4,21,False,False,1.0
crypto_rv_ep10,crypto_rv,2020-03-12,moirai_2_0,0.025,10,4,10,False,False,1.0
crypto_rv_ep10,crypto_rv,2020-03-12,moirai_2_0,0.05,21,4,21,False,False,1.0
crypto_rv_ep10,crypto_rv,2020-03-12,moirai_2_0,0.05,10,4,10,False,False,1.0
crypto_rv_ep10,crypto_rv,2020-03-12,lag_llama,0.025,21,4,21,False,False,1.0
crypto_rv_ep10,crypto_rv,2020-03-12,lag_llama,0.025,10,4,10,False,False,1.0
crypto_rv_ep10,crypto_rv,2020-03-12,lag_llama,0.05,21,4,21,False,False,1.0
crypto_rv_ep10,crypto_rv,2020-03-12,lag_llama,0.05,10,4,10,False,False,1.0
crypto_rv_ep11,crypto_rv,2020-11-25,chronos_bolt,0.025,21,4,21,False,False,0.5
crypto_rv_ep11,crypto_rv,2020-11-25,chronos_bolt,0.025,10,4,10,False,False,0.5
crypto_rv_ep11,crypto_rv,2020-11-25,chronos_bolt,0.05,21,4,21,False,False,0.75
crypto_rv_ep11,crypto_rv,2020-11-25,chronos_bolt,0.05,10,4,10,False,False,0.75
crypto_rv_ep11,crypto_rv,2020-11-25,chronos_2,0.025,21,4,21,False,False,0.0
crypto_rv_ep11,crypto_rv,2020-11-25,chronos_2,0.025,10,4,10,False,False,0.0
crypto_rv_ep11,crypto_rv,2020-11-25,chronos_2,0.05,21,4,21,False,False,0.25
crypto_rv_ep11,crypto_rv,2020-11-25,chronos_2,0.05,10,4,10,False,False,0.25
crypto_rv_ep11,crypto_rv,2020-11-25,timesfm_2_5,0.025,21,4,21,False,False,0.0
crypto_rv_ep11,crypto_rv,2020-11-25,timesfm_2_5,0.025,10,4,10,False,False,0.0
crypto_rv_ep11,crypto_rv,2020-11-25,timesfm_2_5,0.05,21,4,21,False,False,0.5
crypto_rv_ep11,crypto_rv,2020-11-25,timesfm_2_5,0.05,10,4,10,False,False,0.5
crypto_rv_ep11,crypto_rv,2020-11-25,moirai_2_0,0.025,21,4,21,False,False,0.0
crypto_rv_ep11,crypto_rv,2020-11-25,moirai_2_0,0.025,10,4,10,False,False,0.0
crypto_rv_ep11,crypto_rv,2020-11-25,moirai_2_0,0.05,21,4,21,False,False,0.25
crypto_rv_ep11,crypto_rv,2020-11-25,moirai_2_0,0.05,10,4,10,False,False,0.25
crypto_rv_ep11,crypto_rv,2020-11-25,lag_llama,0.025,21,4,21,False,False,0.0
crypto_rv_ep11,crypto_rv,2020-11-25,lag_llama,0.025,10,4,10,False,False,0.0
crypto_rv_ep11,crypto_rv,2020-11-25,lag_llama,0.05,21,4,21,False,False,0.5
crypto_rv_ep11,crypto_rv,2020-11-25,lag_llama,0.05,10,4,10,False,False,0.5
crypto_rv_ep12,crypto_rv,2021-05-20,chronos_bolt,0.025,21,4,21,False,False,0.0
crypto_rv_ep12,crypto_rv,2021-05-20,chronos_bolt,0.025,10,4,10,False,False,0.0
crypto_rv_ep12,crypto_rv,2021-05-20,chronos_bolt,0.05,21,4,21,False,False,0.0
crypto_rv_ep12,crypto_rv,2021-05-20,chronos_bolt,0.05,10,4,10,False,False,0.0
crypto_rv_ep12,crypto_rv,2021-05-20,chronos_2,0.025,21,4,21,False,False,0.0
crypto_rv_ep12,crypto_rv,2021-05-20,chronos_2,0.025,10,4,10,False,False,0.0
crypto_rv_ep12,crypto_rv,2021-05-20,chronos_2,0.05,21,4,21,False,False,0.0
crypto_rv_ep12,crypto_rv,2021-05-20,chronos_2,0.05,10,4,10,False,False,0.0
crypto_rv_ep12,crypto_rv,2021-05-20,timesfm_2_5,0.025,21,4,21,False,False,0.0
crypto_rv_ep12,crypto_rv,2021-05-20,timesfm_2_5,0.025,10,4,10,False,False,0.0
crypto_rv_ep12,crypto_rv,2021-05-20,timesfm_2_5,0.05,21,4,21,False,False,0.0
crypto_rv_ep12,crypto_rv,2021-05-20,timesfm_2_5,0.05,10,4,10,False,False,0.0
crypto_rv_ep12,crypto_rv,2021-05-20,moirai_2_0,0.025,21,4,21,False,False,0.0
crypto_rv_ep12,crypto_rv,2021-05-20,moirai_2_0,0.025,10,4,10,False,False,0.0
crypto_rv_ep12,crypto_rv,2021-05-20,moirai_2_0,0.05,21,4,21,False,False,0.0
crypto_rv_ep12,crypto_rv,2021-05-20,moirai_2_0,0.05,10,4,10,False,False,0.0
crypto_rv_ep12,crypto_rv,2021-05-20,lag_llama,0.025,21,4,21,False,False,0.0
crypto_rv_ep12,crypto_rv,2021-05-20,lag_llama,0.025,10,4,10,False,False,0.0
crypto_rv_ep12,crypto_rv,2021-05-20,lag_llama,0.05,21,4,21,False,False,0.0
crypto_rv_ep12,crypto_rv,2021-05-20,lag_llama,0.05,10,4,10,False,False,0.0
crypto_rv_ep13,crypto_rv,2022-11-22,chronos_bolt,0.025,21,4,21,False,False,0.0
crypto_rv_ep13,crypto_rv,2022-11-22,chronos_bolt,0.025,10,4,10,False,False,0.0
crypto_rv_ep13,crypto_rv,2022-11-22,chronos_bolt,0.05,21,4,21,False,False,0.0
crypto_rv_ep13,crypto_rv,2022-11-22,chronos_bolt,0.05,10,4,10,False,False,0.0
crypto_rv_ep13,crypto_rv,2022-11-22,chronos_2,0.025,21,4,21,False,False,0.0
crypto_rv_ep13,crypto_rv,2022-11-22,chronos_2,0.025,10,4,10,False,False,0.0
crypto_rv_ep13,crypto_rv,2022-11-22,chronos_2,0.05,21,4,21,False,False,0.0
crypto_rv_ep13,crypto_rv,2022-11-22,chronos_2,0.05,10,4,10,False,False,0.0
crypto_rv_ep13,crypto_rv,2022-11-22,timesfm_2_5,0.025,21,4,21,False,False,0.0
crypto_rv_ep13,crypto_rv,2022-11-22,timesfm_2_5,0.025,10,4,10,False,False,0.0
crypto_rv_ep13,crypto_rv,2022-11-22,timesfm_2_5,0.05,21,4,21,False,False,0.0
crypto_rv_ep13,crypto_rv,2022-11-22,timesfm_2_5,0.05,10,4,10,False,False,0.0
crypto_rv_ep13,crypto_rv,2022-11-22,moirai_2_0,0.025,21,4,21,False,False,0.0
crypto_rv_ep13,crypto_rv,2022-11-22,moirai_2_0,0.025,10,4,10,False,False,0.0
crypto_rv_ep13,crypto_rv,2022-11-22,moirai_2_0,0.05,21,4,21,False,False,0.0
crypto_rv_ep13,crypto_rv,2022-11-22,moirai_2_0,0.05,10,4,10,False,False,0.0
crypto_rv_ep13,crypto_rv,2022-11-22,lag_llama,0.025,21,4,21,False,False,0.0
crypto_rv_ep13,crypto_rv,2022-11-22,lag_llama,0.025,10,4,10,False,False,0.0
crypto_rv_ep13,crypto_rv,2022-11-22,lag_llama,0.05,21,4,21,False,False,0.0
crypto_rv_ep13,crypto_rv,2022-11-22,lag_llama,0.05,10,4,10,False,False,0.0
crypto_rv_ep14,crypto_rv,2023-07-13,chronos_bolt,0.025,21,4,21,False,False,0.0
crypto_rv_ep14,crypto_rv,2023-07-13,chronos_bolt,0.025,10,4,10,False,False,0.0
crypto_rv_ep14,crypto_rv,2023-07-13,chronos_bolt,0.05,21,4,21,False,False,0.0
crypto_rv_ep14,crypto_rv,2023-07-13,chronos_bolt,0.05,10,4,10,False,False,0.0
crypto_rv_ep14,crypto_rv,2023-07-13,chronos_2,0.025,21,4,21,False,False,0.0
crypto_rv_ep14,crypto_rv,2023-07-13,chronos_2,0.025,10,4,10,False,False,0.0
crypto_rv_ep14,crypto_rv,2023-07-13,chronos_2,0.05,21,4,21,False,False,0.0
crypto_rv_ep14,crypto_rv,2023-07-13,chronos_2,0.05,10,4,10,False,False,0.0
crypto_rv_ep14,crypto_rv,2023-07-13,timesfm_2_5,0.025,21,4,21,False,False,0.0
crypto_rv_ep14,crypto_rv,2023-07-13,timesfm_2_5,0.025,10,4,10,False,False,0.0
crypto_rv_ep14,crypto_rv,2023-07-13,timesfm_2_5,0.05,21,4,21,False,False,0.0
crypto_rv_ep14,crypto_rv,2023-07-13,timesfm_2_5,0.05,10,4,10,False,False,0.0
crypto_rv_ep14,crypto_rv,2023-07-13,moirai_2_0,0.025,21,4,21,False,False,0.0
crypto_rv_ep14,crypto_rv,2023-07-13,moirai_2_0,0.025,10,4,10,False,False,0.0
crypto_rv_ep14,crypto_rv,2023-07-13,moirai_2_0,0.05,21,4,21,False,False,0.0
crypto_rv_ep14,crypto_rv,2023-07-13,moirai_2_0,0.05,10,4,10,False,False,0.0
crypto_rv_ep14,crypto_rv,2023-07-13,lag_llama,0.025,21,4,21,False,False,0.0
crypto_rv_ep14,crypto_rv,2023-07-13,lag_llama,0.025,10,4,10,False,False,0.0
crypto_rv_ep14,crypto_rv,2023-07-13,lag_llama,0.05,21,4,21,False,False,0.0
crypto_rv_ep14,crypto_rv,2023-07-13,lag_llama,0.05,10,4,10,False,False,0.0
crypto_rv_ep15,crypto_rv,2024-03-20,chronos_bolt,0.025,21,4,21,False,False,0.0
crypto_rv_ep15,crypto_rv,2024-03-20,chronos_bolt,0.025,10,4,10,False,False,0.0
crypto_rv_ep15,crypto_rv,2024-03-20,chronos_bolt,0.05,21,4,21,False,False,0.0
crypto_rv_ep15,crypto_rv,2024-03-20,chronos_bolt,0.05,10,4,10,False,False,0.0
crypto_rv_ep15,crypto_rv,2024-03-20,chronos_2,0.025,21,4,21,False,False,0.0
crypto_rv_ep15,crypto_rv,2024-03-20,chronos_2,0.025,10,4,10,False,False,0.0
crypto_rv_ep15,crypto_rv,2024-03-20,chronos_2,0.05,21,4,21,False,False,0.0
crypto_rv_ep15,crypto_rv,2024-03-20,chronos_2,0.05,10,4,10,False,False,0.0
crypto_rv_ep15,crypto_rv,2024-03-20,timesfm_2_5,0.025,21,4,21,False,True,0.0
crypto_rv_ep15,crypto_rv,2024-03-20,timesfm_2_5,0.025,10,4,10,False,True,0.0
crypto_rv_ep15,crypto_rv,2024-03-20,timesfm_2_5,0.05,21,4,21,False,True,0.0
crypto_rv_ep15,crypto_rv,2024-03-20,timesfm_2_5,0.05,10,4,10,False,True,0.0
crypto_rv_ep15,crypto_rv,2024-03-20,moirai_2_0,0.025,21,4,21,False,False,0.0
crypto_rv_ep15,crypto_rv,2024-03-20,moirai_2_0,0.025,10,4,10,False,False,0.0
crypto_rv_ep15,crypto_rv,2024-03-20,moirai_2_0,0.05,21,4,21,False,False,0.0
crypto_rv_ep15,crypto_rv,2024-03-20,moirai_2_0,0.05,10,4,10,False,False,0.0
crypto_rv_ep15,crypto_rv,2024-03-20,lag_llama,0.025,21,4,21,False,True,0.0
crypto_rv_ep15,crypto_rv,2024-03-20,lag_llama,0.025,10,4,10,False,True,0.0
crypto_rv_ep15,crypto_rv,2024-03-20,lag_llama,0.05,21,4,21,False,True,0.0
crypto_rv_ep15,crypto_rv,2024-03-20,lag_llama,0.05,10,4,10,False,True,0.0
crypto_rv_ep16,crypto_rv,2024-11-27,chronos_bolt,0.025,21,4,21,False,False,0.0
crypto_rv_ep16,crypto_rv,2024-11-27,chronos_bolt,0.025,10,4,10,False,False,0.0
crypto_rv_ep16,crypto_rv,2024-11-27,chronos_bolt,0.05,21,4,21,False,False,0.0
crypto_rv_ep16,crypto_rv,2024-11-27,chronos_bolt,0.05,10,4,10,False,False,0.0
crypto_rv_ep16,crypto_rv,2024-11-27,chronos_2,0.025,21,4,21,False,False,0.0
crypto_rv_ep16,crypto_rv,2024-11-27,chronos_2,0.025,10,4,10,False,False,0.0
crypto_rv_ep16,crypto_rv,2024-11-27,chronos_2,0.05,21,4,21,False,False,0.0
crypto_rv_ep16,crypto_rv,2024-11-27,chronos_2,0.05,10,4,10,False,False,0.0
crypto_rv_ep16,crypto_rv,2024-11-27,timesfm_2_5,0.025,21,4,21,False,True,0.0
crypto_rv_ep16,crypto_rv,2024-11-27,timesfm_2_5,0.025,10,4,10,False,True,0.0
crypto_rv_ep16,crypto_rv,2024-11-27,timesfm_2_5,0.05,21,4,21,False,True,0.0
crypto_rv_ep16,crypto_rv,2024-11-27,timesfm_2_5,0.05,10,4,10,False,True,0.0
crypto_rv_ep16,crypto_rv,2024-11-27,moirai_2_0,0.025,21,4,21,False,False,0.0
crypto_rv_ep16,crypto_rv,2024-11-27,moirai_2_0,0.025,10,4,10,False,False,0.0
crypto_rv_ep16,crypto_rv,2024-11-27,moirai_2_0,0.05,21,4,21,False,False,0.0
crypto_rv_ep16,crypto_rv,2024-11-27,moirai_2_0,0.05,10,4,10,False,False,0.0
crypto_rv_ep16,crypto_rv,2024-11-27,lag_llama,0.025,21,4,21,False,True,0.0
crypto_rv_ep16,crypto_rv,2024-11-27,lag_llama,0.025,10,4,10,False,True,0.0
crypto_rv_ep16,crypto_rv,2024-11-27,lag_llama,0.05,21,4,21,False,True,0.0
crypto_rv_ep16,crypto_rv,2024-11-27,lag_llama,0.05,10,4,10,False,True,0.0
crypto_rv_ep17,crypto_rv,2026-02-06,chronos_bolt,0.025,21,4,21,False,True,0.0
crypto_rv_ep17,crypto_rv,2026-02-06,chronos_bolt,0.025,10,4,10,False,True,0.0
crypto_rv_ep17,crypto_rv,2026-02-06,chronos_bolt,0.05,21,4,21,False,True,0.0
crypto_rv_ep17,crypto_rv,2026-02-06,chronos_bolt,0.05,10,4,10,False,True,0.0
crypto_rv_ep17,crypto_rv,2026-02-06,chronos_2,0.025,21,4,21,False,True,0.0
crypto_rv_ep17,crypto_rv,2026-02-06,chronos_2,0.025,10,4,10,False,True,0.0
crypto_rv_ep17,crypto_rv,2026-02-06,chronos_2,0.05,21,4,21,False,True,0.0
crypto_rv_ep17,crypto_rv,2026-02-06,chronos_2,0.05,10,4,10,False,True,0.0
crypto_rv_ep17,crypto_rv,2026-02-06,timesfm_2_5,0.025,21,4,21,False,True,0.0
crypto_rv_ep17,crypto_rv,2026-02-06,timesfm_2_5,0.025,10,4,10,False,True,0.0
crypto_rv_ep17,crypto_rv,2026-02-06,timesfm_2_5,0.05,21,4,21,False,True,0.0
crypto_rv_ep17,crypto_rv,2026-02-06,timesfm_2_5,0.05,10,4,10,False,True,0.0
crypto_rv_ep17,crypto_rv,2026-02-06,moirai_2_0,0.025,21,4,21,False,True,0.0
crypto_rv_ep17,crypto_rv,2026-02-06,moirai_2_0,0.025,10,4,10,False,True,0.0
crypto_rv_ep17,crypto_rv,2026-02-06,moirai_2_0,0.05,21,4,21,False,True,0.0
crypto_rv_ep17,crypto_rv,2026-02-06,moirai_2_0,0.05,10,4,10,False,True,0.0
crypto_rv_ep17,crypto_rv,2026-02-06,lag_llama,0.025,21,4,21,False,True,0.0
crypto_rv_ep17,crypto_rv,2026-02-06,lag_llama,0.025,10,4,10,False,True,0.0
crypto_rv_ep17,crypto_rv,2026-02-06,lag_llama,0.05,21,4,21,False,True,0.0
crypto_rv_ep17,crypto_rv,2026-02-06,lag_llama,0.05,10,4,10,False,True,0.0
