model,asset,alpha,pair,n,stat,p,mean_diff
chronos_bolt,aapl,0.01,F1_vs_garch_evt,2139,1.7059977008171303,0.0881537447041987,0.0544873268246008
chronos_bolt,aapl,0.01,F1_vs_F4,2058,-0.9742940404587228,0.3300251206002831,-0.0318734675835631
chronos_bolt,aapl,0.025,F1_vs_garch_evt,2139,1.8629376110213085,0.0626080859097629,0.0412761777001267
chronos_bolt,aapl,0.025,F1_vs_F4,2139,-0.4232956211193563,0.672122164082267,-0.0084587496389846
chronos_bolt,aapl,0.05,F1_vs_garch_evt,2139,2.88536335312053,0.0039487960276946,0.0486562875615314
chronos_bolt,aapl,0.05,F1_vs_F4,2139,0.3543472081487451,0.7231136372227658,0.0039324858365143
chronos_bolt,amzn,0.01,F1_vs_garch_evt,2139,1.7723187908743645,0.0764840365907865,0.0636689565982679
chronos_bolt,amzn,0.01,F1_vs_F4,2082,-2.587572819186544,0.0097326878442101,-0.0853641440489125
chronos_bolt,amzn,0.025,F1_vs_garch_evt,2139,1.2855637509945956,0.1987345810766853,0.0329250254649551
chronos_bolt,amzn,0.025,F1_vs_F4,2112,-1.4480841930144532,0.1477420059618176,-0.0265444804240388
chronos_bolt,amzn,0.05,F1_vs_garch_evt,2139,0.0754465757007402,0.9398664612787846,0.0015086313420187
chronos_bolt,amzn,0.05,F1_vs_F4,2139,-2.281650353493037,0.0226078848252746,-0.0233572055682175
chronos_bolt,audusd,0.01,F1_vs_garch_evt,2234,-0.1491279894360221,0.8814661067830605,-0.0050863894552386
chronos_bolt,audusd,0.01,F1_vs_F4,2205,-1.2953104871788683,0.195348798380587,-0.035458747812113
chronos_bolt,audusd,0.025,F1_vs_garch_evt,2234,0.3941295321651025,0.6935230425075242,0.0087355300974625
chronos_bolt,audusd,0.025,F1_vs_F4,2202,-0.1327412289972565,0.8944101692409687,-0.0016932333368787
chronos_bolt,audusd,0.05,F1_vs_garch_evt,2234,0.576653924309279,0.5642313861600226,0.0087624553139389
chronos_bolt,audusd,0.05,F1_vs_F4,2234,-0.832878961240849,0.4050020662966477,-0.0069924794820198
chronos_bolt,brent,0.01,F1_vs_garch_evt,2141,0.7809812658134017,0.434899896159287,0.0343816901610181
chronos_bolt,brent,0.01,F1_vs_F4,2088,-1.0714729403859695,0.2840807204883741,-0.0328388908291316
chronos_bolt,brent,0.025,F1_vs_garch_evt,2141,1.9420062061622403,0.0522674134631021,0.0523994810569637
chronos_bolt,brent,0.025,F1_vs_F4,2136,-2.1478393852541284,0.0318387522121229,-0.032422930294415
chronos_bolt,brent,0.05,F1_vs_garch_evt,2141,2.581303316548277,0.009908788220752,0.0498193985199462
chronos_bolt,brent,0.05,F1_vs_F4,2140,-1.013253433865481,0.3110537225816762,-0.0088027551696034
chronos_bolt,btc,0.01,F1_vs_garch_evt,2808,0.6852554953063582,0.4932392932221866,0.0439720072696714
chronos_bolt,btc,0.01,F1_vs_F4,2747,0.5343332482939065,0.593154248701927,0.0340475593260587
chronos_bolt,btc,0.025,F1_vs_garch_evt,2808,0.4737621968795295,0.6357063397867238,0.0169593264770339
chronos_bolt,btc,0.025,F1_vs_F4,2808,0.6210505559127684,0.5346167858399526,0.0191405989216952
chronos_bolt,btc,0.05,F1_vs_garch_evt,2808,0.5652320967778218,0.5719610798061241,0.0134635103715529
chronos_bolt,btc,0.05,F1_vs_F4,2808,0.8249894086530969,0.4094477052145712,0.0150494837748226
chronos_bolt,copper,0.01,F1_vs_garch_evt,2140,0.0120245743479499,0.990407130337742,0.0004190686154543
chronos_bolt,copper,0.01,F1_vs_F4,2105,0.1191776910750302,0.9051459580386942,0.0057062793027079
chronos_bolt,copper,0.025,F1_vs_garch_evt,2140,-0.0688195191032539,0.9451397134129936,-0.0014139440610099
chronos_bolt,copper,0.025,F1_vs_F4,2139,-0.5406828873720678,0.5887824975704248,-0.0100328593630449
chronos_bolt,copper,0.05,F1_vs_garch_evt,2140,0.5564133921119584,0.5779864886127593,0.0084713077118951
chronos_bolt,copper,0.05,F1_vs_F4,2140,0.115742339850933,0.9078676137929882,0.0012231800043964
chronos_bolt,csi300,0.01,F1_vs_garch_evt,1680,3.0703111233549123,0.0021726400964291,0.1203948267923504
chronos_bolt,csi300,0.01,F1_vs_F4,1678,-1.1140629180613664,0.2654118374635136,-0.0917819580354809
chronos_bolt,csi300,0.025,F1_vs_garch_evt,1680,2.745644722993057,0.0061036214371003,0.0707565446988721
chronos_bolt,csi300,0.025,F1_vs_F4,1680,-1.0332780503626815,0.3016226020585754,-0.0437082471410422
chronos_bolt,csi300,0.05,F1_vs_garch_evt,1680,2.28820350428684,0.022249446050708,0.0480739385344889
chronos_bolt,csi300,0.05,F1_vs_F4,1680,-0.9717728418762028,0.3313035418380262,-0.0270939327753399
chronos_bolt,dax,0.01,F1_vs_garch_evt,2165,0.7800216383639581,0.4354634431433445,0.0633417193782171
chronos_bolt,dax,0.01,F1_vs_F4,2149,-1.8432331944550877,0.0654326612325918,-0.1953710053355247
chronos_bolt,dax,0.025,F1_vs_garch_evt,2165,1.2121578249622929,0.2255842986113563,0.0557403047743484
chronos_bolt,dax,0.025,F1_vs_F4,2151,-2.4394135246920627,0.0147914751144061,-0.0833381151042135
chronos_bolt,dax,0.05,F1_vs_garch_evt,2165,1.2388351167694782,0.2155409206771338,0.0372420125293636
chronos_bolt,dax,0.05,F1_vs_F4,2160,-1.2989102605493366,0.1941134306218344,-0.0182733623470603
chronos_bolt,dgs10,0.01,F1_vs_garch_evt,2125,-0.2761285235547807,0.7824762170258713,-0.011787535424577
chronos_bolt,dgs10,0.01,F1_vs_F4,2124,-0.2774782528485759,0.7814399185074393,-0.0078457362064128
chronos_bolt,dgs10,0.025,F1_vs_garch_evt,2125,-0.7842929416835962,0.4329556971158308,-0.0185379381530447
chronos_bolt,dgs10,0.025,F1_vs_F4,2124,-0.8169965723633704,0.4140220565672571,-0.0101980376811813
chronos_bolt,dgs10,0.05,F1_vs_garch_evt,2125,-1.187098491311119,0.2353215208284887,-0.0190967347554263
chronos_bolt,dgs10,0.05,F1_vs_F4,2124,-1.5980313322929518,0.1101848166609355,-0.012562787120809
chronos_bolt,dgs2,0.01,F1_vs_garch_evt,2125,-0.5246277329284221,0.5998967518020517,-0.0206184752352988
chronos_bolt,dgs2,0.01,F1_vs_F4,2102,-1.5448145740372965,0.1225417221544391,-0.0936067263548389
chronos_bolt,dgs2,0.025,F1_vs_garch_evt,2125,-0.8505853173595512,0.3950956229886078,-0.0211472479657212
chronos_bolt,dgs2,0.025,F1_vs_F4,2098,-1.949567302051088,0.0513608430009847,-0.0688436565666767
chronos_bolt,dgs2,0.05,F1_vs_garch_evt,2125,-0.7531129488195449,0.4514655083892916,-0.014085547181382
chronos_bolt,dgs2,0.05,F1_vs_F4,2102,-2.412536744573484,0.0159271073628089,-0.0507072365238407
chronos_bolt,dgs30,0.01,F1_vs_garch_evt,2125,0.7298222581664111,0.4655793160106485,0.0220686493022895
chronos_bolt,dgs30,0.01,F1_vs_F4,2041,-3.026023110080176,0.0025089046971325,-0.1443472762200876
chronos_bolt,dgs30,0.025,F1_vs_garch_evt,2125,0.5345641503099954,0.5930072289934805,0.0102867217958097
chronos_bolt,dgs30,0.025,F1_vs_F4,2052,-4.19114525034671,2.893330752761922e-05,-0.0724287875839149
chronos_bolt,dgs30,0.05,F1_vs_garch_evt,2125,0.9630855644974332,0.3356142158896322,0.0125719692084593
chronos_bolt,dgs30,0.05,F1_vs_F4,2064,-5.183222070495778,2.3936169572358044e-07,-0.0497541814991188
chronos_bolt,dgs5,0.01,F1_vs_garch_evt,2125,-0.5337226623948029,0.5935892755326021,-0.0214855650643766
chronos_bolt,dgs5,0.01,F1_vs_F4,2125,-0.4534572767318667,0.6502658233290202,-0.0197577661438963
chronos_bolt,dgs5,0.025,F1_vs_garch_evt,2125,-0.9040960384386,0.3660470078611403,-0.0220889591723117
chronos_bolt,dgs5,0.025,F1_vs_F4,2125,-0.5601505163455669,0.5754358480944393,-0.0108111510902917
chronos_bolt,dgs5,0.05,F1_vs_garch_evt,2125,-1.5803726209900095,0.1141704527891887,-0.0259068950734734
chronos_bolt,dgs5,0.05,F1_vs_F4,2125,-0.3037708737253031,0.7613322117598158,-0.0034617776610497
chronos_bolt,eth,0.01,F1_vs_garch_evt,1659,-0.3863243279900621,0.6993060548627968,-0.0185844764454991
chronos_bolt,eth,0.01,F1_vs_F4,1658,-2.108323667975132,0.0351527874003634,-0.1289298496510534
chronos_bolt,eth,0.025,F1_vs_garch_evt,1659,-0.3370595060003674,0.7361147033978039,-0.0085760943393397
chronos_bolt,eth,0.025,F1_vs_F4,1659,-1.4368339393404364,0.1509538539430611,-0.0350134256685288
chronos_bolt,eth,0.05,F1_vs_garch_evt,1659,-0.743301664062839,0.4574043735240536,-0.0131736220504447
chronos_bolt,eth,0.05,F1_vs_F4,1659,-0.91415145734742,0.3607701850136822,-0.0152851318600062
chronos_bolt,ftse,0.01,F1_vs_garch_evt,2152,2.061331884299076,0.0393913164141541,0.1348438771818768
chronos_bolt,ftse,0.01,F1_vs_F4,2152,-1.4358868080744152,0.1511799576180502,-0.0767734755865281
chronos_bolt,ftse,0.025,F1_vs_garch_evt,2152,2.120519116167172,0.0340764509339646,0.0783900357378792
chronos_bolt,ftse,0.025,F1_vs_F4,2152,-1.9015789261988452,0.0573597211537136,-0.0389981380468437
chronos_bolt,ftse,0.05,F1_vs_garch_evt,2152,2.273414937351414,0.0230993740436136,0.056303842205979
chronos_bolt,ftse,0.05,F1_vs_F4,2152,-1.4031277712543306,0.160723069699583,-0.0142240386139514
chronos_bolt,gbpusd,0.01,F1_vs_garch_evt,2234,0.43197069006253,0.6658044220798911,0.0165345416024435
chronos_bolt,gbpusd,0.01,F1_vs_F4,2169,-3.0874663580727333,0.0020442637937229,-0.1253763015726649
chronos_bolt,gbpusd,0.025,F1_vs_garch_evt,2234,1.3281360320738516,0.1842689023514615,0.0293780055030712
chronos_bolt,gbpusd,0.025,F1_vs_F4,2214,-1.9470857840954563,0.0516507955189259,-0.0297359227252826
chronos_bolt,gbpusd,0.05,F1_vs_garch_evt,2234,1.4147505708374808,0.1572810667711427,0.0220206844667722
chronos_bolt,gbpusd,0.05,F1_vs_F4,2234,-0.7062854933632914,0.4800842960683724,-0.0052907746258866
chronos_bolt,gold,0.01,F1_vs_garch_evt,2139,-0.5443360262679201,0.5862670238589585,-0.0160767527666382
chronos_bolt,gold,0.01,F1_vs_F4,2108,-0.1456572512470001,0.8842059025202118,-0.006155719088124
chronos_bolt,gold,0.025,F1_vs_garch_evt,2139,0.1840085649567871,0.8540241857061815,0.0031384908848269
chronos_bolt,gold,0.025,F1_vs_F4,2114,1.0106317307251838,0.3123084354152574,0.0161651344473503
chronos_bolt,gold,0.05,F1_vs_garch_evt,2139,1.6588079385679912,0.097301177091663,0.0207819445630118
chronos_bolt,gold,0.05,F1_vs_F4,2139,1.4997801520523997,0.1338190045754885,0.0139474021263152
chronos_bolt,hsi,0.01,F1_vs_garch_evt,2080,0.886225495897613,0.3755985241328942,0.0609699842769816
chronos_bolt,hsi,0.01,F1_vs_F4,2080,-1.5036912282176509,0.1328127744763728,-0.0970279623109673
chronos_bolt,hsi,0.025,F1_vs_garch_evt,2080,1.1726488828444652,0.2410709825539712,0.0468988642639523
chronos_bolt,hsi,0.025,F1_vs_F4,2080,-1.334729718606397,0.1821109723662018,-0.0446775290760337
chronos_bolt,hsi,0.05,F1_vs_garch_evt,2080,1.0114419441118965,0.3119226522473843,0.0284577822753729
chronos_bolt,hsi,0.05,F1_vs_F4,2080,-1.2089458244701945,0.2268211311753562,-0.0229501349091983
chronos_bolt,jnj,0.01,F1_vs_garch_evt,2139,-0.5127267848971024,0.6081954177421272,-0.0200272225728107
chronos_bolt,jnj,0.01,F1_vs_F4,2095,-1.7649942639782965,0.0777104730916103,-0.0802317707797203
chronos_bolt,jnj,0.025,F1_vs_garch_evt,2139,-0.0988924050899769,0.9212329699113756,-0.002579255776292
chronos_bolt,jnj,0.025,F1_vs_F4,2091,-1.5242192706134006,0.1276052387184187,-0.0337132144953464
chronos_bolt,jnj,0.05,F1_vs_garch_evt,2139,0.1711992633343314,0.8640832872682538,0.0033017656220727
chronos_bolt,jnj,0.05,F1_vs_F4,2092,-1.10983771498442,0.2671965800714772,-0.012257674319227
chronos_bolt,jpm,0.01,F1_vs_garch_evt,2139,2.9882237690200943,0.0028379925391467,0.1316957566686042
chronos_bolt,jpm,0.01,F1_vs_F4,2061,-1.025691975904351,0.3051572221840198,-0.0576526079999502
chronos_bolt,jpm,0.025,F1_vs_garch_evt,2139,2.78235299228767,0.0054440251670556,0.0824089811223006
chronos_bolt,jpm,0.025,F1_vs_F4,2072,-0.7892559419080857,0.430052777002244,-0.0165859497074415
chronos_bolt,jpm,0.05,F1_vs_garch_evt,2139,2.6031669652180778,0.0093005646575225,0.0575873689392138
chronos_bolt,jpm,0.05,F1_vs_F4,2139,-0.321769956855406,0.747658431126003,-0.0042011517282975
chronos_bolt,ltc,0.01,F1_vs_garch_evt,2808,-0.1339155275350136,0.8934789717512219,-0.0045730469106448
chronos_bolt,ltc,0.01,F1_vs_F4,2722,-0.9292947496532186,0.352818786568562,-0.0243296791248201
chronos_bolt,ltc,0.025,F1_vs_garch_evt,2808,-0.4183015939841045,0.6757586235100652,-0.0090605980473645
chronos_bolt,ltc,0.025,F1_vs_F4,2790,-0.8807459085988565,0.3785312510891145,-0.0088227657551629
chronos_bolt,ltc,0.05,F1_vs_garch_evt,2808,-0.710155512166985,0.4776666967954739,-0.0108973914831098
chronos_bolt,ltc,0.05,F1_vs_F4,2808,-1.1434401566135453,0.2529533941347767,-0.009288541681398
chronos_bolt,msft,0.01,F1_vs_garch_evt,2139,1.1973952534930634,0.2312852711015519,0.0585333277156249
chronos_bolt,msft,0.01,F1_vs_F4,2088,-0.8798428984593025,0.3790457196522817,-0.0431473978804293
chronos_bolt,msft,0.025,F1_vs_garch_evt,2139,1.0551968058146577,0.2914545484976099,0.0328984948204178
chronos_bolt,msft,0.025,F1_vs_F4,2115,-0.0729798447873597,0.9418290602942064,-0.0013038694902658
chronos_bolt,msft,0.05,F1_vs_garch_evt,2139,0.6701279375016478,0.5028486083841457,0.015111758854816
chronos_bolt,msft,0.05,F1_vs_F4,2132,0.7522599016135724,0.4519778581872052,0.0078582088512431
chronos_bolt,natgas,0.01,F1_vs_garch_evt,2141,1.0321376727007934,0.302124257319291,0.0815727591721601
chronos_bolt,natgas,0.01,F1_vs_F4,2098,-2.7712562690825733,0.005633330213666,-0.0981653389580984
chronos_bolt,natgas,0.025,F1_vs_garch_evt,2141,0.7596738133116672,0.4475332605509995,0.0321705371663642
chronos_bolt,natgas,0.025,F1_vs_F4,2103,-2.7419871644619995,0.0061586217526339,-0.0393238210689049
chronos_bolt,natgas,0.05,F1_vs_garch_evt,2141,0.1987468088552871,0.8424796855574137,0.0054572189424821
chronos_bolt,natgas,0.05,F1_vs_F4,2119,-3.273595802177494,0.001078975859986,-0.0239437697472803
chronos_bolt,ndx,0.01,F1_vs_garch_evt,2139,1.5257717320422255,0.1272146306545605,0.070285993380109
chronos_bolt,ndx,0.01,F1_vs_F4,2120,-0.4083484493725341,0.6830591332551565,-0.0165613002473819
chronos_bolt,ndx,0.025,F1_vs_garch_evt,2139,1.7963731684271542,0.0725763085023942,0.0535701069615242
chronos_bolt,ndx,0.025,F1_vs_F4,2115,0.8246174798225897,0.409681826301101,0.0144399182472904
chronos_bolt,ndx,0.05,F1_vs_garch_evt,2139,2.5959049100309177,0.009498804874596,0.0565516610794044
chronos_bolt,ndx,0.05,F1_vs_F4,2139,0.9649453221445844,0.3346813292590612,0.0104850088110417
chronos_bolt,nikkei,0.01,F1_vs_garch_evt,2066,0.9301544889550136,0.3523998231571412,0.041357721018469
chronos_bolt,nikkei,0.01,F1_vs_F4,1986,-1.3358448916421093,0.181753109354534,-0.040163228348321
chronos_bolt,nikkei,0.025,F1_vs_garch_evt,2066,0.232976286424402,0.8158029092581169,0.0059272870218369
chronos_bolt,nikkei,0.025,F1_vs_F4,2040,-1.4530402323705065,0.146366459604778,-0.029339790519691
chronos_bolt,nikkei,0.05,F1_vs_garch_evt,2066,0.5250863523211288,0.5995795320670796,0.0095313549462544
chronos_bolt,nikkei,0.05,F1_vs_F4,2066,-1.0432441095756024,0.2969573624094428,-0.0111262436153684
chronos_bolt,nvda,0.01,F1_vs_garch_evt,2139,0.556020648765914,0.5782549211475807,0.0149152346630017
chronos_bolt,nvda,0.01,F1_vs_F4,2051,-1.15786187500464,0.2470552870412365,-0.0457634631087962
chronos_bolt,nvda,0.025,F1_vs_garch_evt,2139,1.4367434141842597,0.1509372277711506,0.026708607579221
chronos_bolt,nvda,0.025,F1_vs_F4,2096,-0.2768899949257957,0.7818918907683099,-0.0052887203371818
chronos_bolt,nvda,0.05,F1_vs_garch_evt,2139,1.3658225336163163,0.172138329941677,0.0203377998805591
chronos_bolt,nvda,0.05,F1_vs_F4,2139,0.171032840415998,0.8642141274857279,0.001656190518897
chronos_bolt,rut,0.01,F1_vs_garch_evt,2139,2.7624680113810367,0.0057857099383333,0.098909980797251
chronos_bolt,rut,0.01,F1_vs_F4,2044,-3.980888641676605,7.105800324735072e-05,-0.1355598185077464
chronos_bolt,rut,0.025,F1_vs_garch_evt,2139,2.2582028295964487,0.0240334437360155,0.0582489652110272
chronos_bolt,rut,0.025,F1_vs_F4,2051,-2.4864155709822406,0.0129827862362272,-0.039743521970047
chronos_bolt,rut,0.05,F1_vs_garch_evt,2139,2.448466521655166,0.0144264115810054,0.0474760290340966
chronos_bolt,rut,0.05,F1_vs_F4,2106,-2.585502778050125,0.0097903629740368,-0.0208838314430442
chronos_bolt,spx,0.01,F1_vs_garch_evt,2139,1.67961859362118,0.0931776520632007,0.0953619824100401
chronos_bolt,spx,0.01,F1_vs_F4,2091,-0.0123564474077218,0.9901424115912444,-0.0004273545494239
chronos_bolt,spx,0.025,F1_vs_garch_evt,2139,1.7795952629710536,0.0752842353203731,0.0677593948193904
chronos_bolt,spx,0.025,F1_vs_F4,2110,-0.2292973323114169,0.8186600605101797,-0.0037330412434177
chronos_bolt,spx,0.05,F1_vs_garch_evt,2139,2.5888808792890563,0.0096941262835238,0.0699737874764878
chronos_bolt,spx,0.05,F1_vs_F4,2117,0.2040332997618205,0.8383470973886193,0.0022574571454146
chronos_bolt,usdcad,0.01,F1_vs_garch_evt,2234,-1.0762569169347616,0.2819286352456328,-0.0310239921757465
chronos_bolt,usdcad,0.01,F1_vs_F4,2202,-1.6497880445239068,0.0991289844090599,-0.0417569714275941
chronos_bolt,usdcad,0.025,F1_vs_garch_evt,2234,-0.7033314318975106,0.4819225504571542,-0.0138348902624065
chronos_bolt,usdcad,0.025,F1_vs_F4,2234,-0.9409823605327832,0.3468156801398816,-0.0120335105652798
chronos_bolt,usdcad,0.05,F1_vs_garch_evt,2234,-1.1301875436411886,0.2585185874871267,-0.0170771114592509
chronos_bolt,usdcad,0.05,F1_vs_F4,2234,-0.7003967398155783,0.4837525382930286,-0.0058557480757645
chronos_bolt,usdchf,0.01,F1_vs_garch_evt,2233,2.4596630094236507,0.0139820795026118,0.1164464676390236
chronos_bolt,usdchf,0.01,F1_vs_F4,2175,-0.7845942174040765,0.4327770049075089,-0.021794750908694
chronos_bolt,usdchf,0.025,F1_vs_garch_evt,2233,3.037816186611714,0.0024105984891405,0.0840213364107808
chronos_bolt,usdchf,0.025,F1_vs_F4,2228,0.0781790144910176,0.9376926782835876,0.001085504839212
chronos_bolt,usdchf,0.05,F1_vs_garch_evt,2233,2.865539695385319,0.0042019540158648,0.0525945362698841
chronos_bolt,usdchf,0.05,F1_vs_F4,2233,1.579114696659885,0.1144514497229558,0.0108631216728029
chronos_bolt,wmt,0.01,F1_vs_garch_evt,2139,-0.1950748718647583,0.8453528695030009,-0.0135967035325251
chronos_bolt,wmt,0.01,F1_vs_F4,2135,-2.056836811533401,0.0398232375130124,-0.1918632312619015
chronos_bolt,wmt,0.025,F1_vs_garch_evt,2139,-0.1487142599726138,0.8817931333444813,-0.0059705267452671
chronos_bolt,wmt,0.025,F1_vs_F4,2136,-2.007485410989445,0.044823808001114,-0.0646896424243359
chronos_bolt,wmt,0.05,F1_vs_garch_evt,2139,0.2509555272696536,0.8018726083703431,0.0069610980684425
chronos_bolt,wmt,0.05,F1_vs_F4,2139,-2.1330350099526583,0.0330354433288332,-0.0321409959721494
chronos_bolt,xom,0.01,F1_vs_garch_evt,2139,1.7909033240227432,0.0734502278304576,0.0841754318334036
chronos_bolt,xom,0.01,F1_vs_F4,2139,-4.118516511673975,3.958263708968091e-05,-0.1884286008800219
chronos_bolt,xom,0.025,F1_vs_garch_evt,2139,2.2375347941338792,0.0253540558554182,0.0614903725209888
chronos_bolt,xom,0.025,F1_vs_F4,2137,-3.2579972253486016,0.0011396068083138,-0.075237292758659
chronos_bolt,xom,0.05,F1_vs_garch_evt,2139,2.0380300016731683,0.0416697813576722,0.0386242010401853
chronos_bolt,xom,0.05,F1_vs_F4,2136,-2.801585966905162,0.0051310596983068,-0.0332474359552586
chronos_bolt,xrp,0.01,F1_vs_garch_evt,1659,-1.1936766141354316,0.2327752548198518,-0.0631440661174483
chronos_bolt,xrp,0.01,F1_vs_F4,1613,-1.827339097344631,0.0678335931570783,-0.02775622600552
chronos_bolt,xrp,0.025,F1_vs_garch_evt,1659,-1.5524751374836836,0.1207394261067656,-0.0484923654663759
chronos_bolt,xrp,0.025,F1_vs_F4,1659,-1.219330550560416,0.2228921916853787,-0.0159933619517557
chronos_bolt,xrp,0.05,F1_vs_garch_evt,1659,-1.9845844588002184,0.0473553231614861,-0.0438371100738896
chronos_bolt,xrp,0.05,F1_vs_F4,1659,-0.6326718771009482,0.527035179912652,-0.0056218501333262
chronos_2,aapl,0.01,F1_vs_garch_evt,2139,1.7952679752093774,0.0727521956895152,0.0695510156343002
chronos_2,aapl,0.01,F1_vs_F4,2062,0.0397280978126275,0.9683137483680266,0.0014956376711461
chronos_2,aapl,0.025,F1_vs_garch_evt,2139,1.9377574601056589,0.052784346897431,0.0462363738141051
chronos_2,aapl,0.025,F1_vs_F4,2135,-0.2936699326332792,0.7690386893105822,-0.0056452685459286
chronos_2,aapl,0.05,F1_vs_garch_evt,2139,2.0480764727723098,0.0406744179434499,0.0360841899155776
chronos_2,aapl,0.05,F1_vs_F4,2139,-0.0723333088163397,0.9423434232526406,-0.0008170477777785
chronos_2,amzn,0.01,F1_vs_garch_evt,2139,0.5148584104722295,0.6067051862900177,0.022914671288371
chronos_2,amzn,0.01,F1_vs_F4,2102,-1.770693094370673,0.0767567243490085,-0.0655191847728752
chronos_2,amzn,0.025,F1_vs_garch_evt,2139,-0.1257973286414955,0.899904184120314,-0.0034023768730519
chronos_2,amzn,0.025,F1_vs_F4,2123,-1.866616619261033,0.0620929688712269,-0.030326097410596
chronos_2,amzn,0.05,F1_vs_garch_evt,2139,-1.392861940575358,0.1638063566462069,-0.0290035589005996
chronos_2,amzn,0.05,F1_vs_F4,2139,-1.262943892229281,0.2067470616915001,-0.010927615735098
chronos_2,audusd,0.01,F1_vs_garch_evt,2234,-0.6818688495362718,0.4953925998555986,-0.0256989008128721
chronos_2,audusd,0.01,F1_vs_F4,2200,-1.99569364621378,0.0460904365503375,-0.0561655703937622
chronos_2,audusd,0.025,F1_vs_garch_evt,2234,-0.1512374421364782,0.8798020763658664,-0.0035290218061103
chronos_2,audusd,0.025,F1_vs_F4,2214,-1.9109429896721208,0.0561409868913552,-0.0261467016902046
chronos_2,audusd,0.05,F1_vs_garch_evt,2234,0.3580595740728731,0.7203325742519289,0.0058835717267369
chronos_2,audusd,0.05,F1_vs_F4,2234,-1.2832700335001384,0.1995306499677178,-0.0106477457183887
chronos_2,brent,0.01,F1_vs_garch_evt,2141,1.1187356640635011,0.2633784852931746,0.0573694968196474
chronos_2,brent,0.01,F1_vs_F4,2094,-1.661025893085016,0.0968580194048919,-0.0469547617932831
chronos_2,brent,0.025,F1_vs_garch_evt,2141,2.501335118216952,0.0124467780230975,0.0808715116801233
chronos_2,brent,0.025,F1_vs_F4,2136,-0.6168841517209837,0.5373769168037599,-0.0109115580982588
chronos_2,brent,0.05,F1_vs_garch_evt,2141,3.038525917681201,0.0024061399647637,0.078831519387317
chronos_2,brent,0.05,F1_vs_F4,2141,-0.3448070597910465,0.7302733085605995,-0.0035491686008669
chronos_2,btc,0.01,F1_vs_garch_evt,2808,1.42525722591262,0.1541940401773412,0.1282985163711557
chronos_2,btc,0.01,F1_vs_F4,2792,0.9878380642283434,0.3233175908055227,0.0848496963364395
chronos_2,btc,0.025,F1_vs_garch_evt,2808,1.3220379993738554,0.186263218002166,0.0731856808609575
chronos_2,btc,0.025,F1_vs_F4,2799,0.919320017704461,0.358007455557815,0.0427351090826814
chronos_2,btc,0.05,F1_vs_garch_evt,2808,1.330888254748907,0.1833338741362062,0.0516856343695923
chronos_2,btc,0.05,F1_vs_F4,2805,1.2685897039559084,0.2046927436461915,0.0405783959355182
chronos_2,copper,0.01,F1_vs_garch_evt,2140,-0.019976051617013,0.9840643399116832,-0.000638568524389
chronos_2,copper,0.01,F1_vs_F4,2111,0.009399587987055,0.992501212889752,0.0004875609554522
chronos_2,copper,0.025,F1_vs_garch_evt,2140,-0.5100069350197424,0.610099221875896,-0.0097221927645837
chronos_2,copper,0.025,F1_vs_F4,2137,-1.2677473149891163,0.2050263783803856,-0.030883331347796
chronos_2,copper,0.05,F1_vs_garch_evt,2140,-0.494671305607935,0.6208829619207499,-0.0070965137478938
chronos_2,copper,0.05,F1_vs_F4,2140,-0.4033987500526941,0.6866952258459278,-0.0058902712503133
chronos_2,csi300,0.01,F1_vs_garch_evt,1680,0.1156119499840442,0.9079739166463474,0.0061022416386259
chronos_2,csi300,0.01,F1_vs_F4,1662,-1.761707740225497,0.0783026307745555,-0.1730253884210203
chronos_2,csi300,0.025,F1_vs_garch_evt,1680,0.6169859611778836,0.5373276399524081,0.0168004241255268
chronos_2,csi300,0.025,F1_vs_F4,1680,-1.5488292792932634,0.1216112233944336,-0.0694994129987852
chronos_2,csi300,0.05,F1_vs_garch_evt,1680,1.7659534817696338,0.0775853618780293,0.0337067502641501
chronos_2,csi300,0.05,F1_vs_F4,1680,-0.999624572208454,0.3176362674510616,-0.0279504822352821
chronos_2,dax,0.01,F1_vs_garch_evt,2165,1.1178404783414635,0.2637592118937213,0.0755224446981976
chronos_2,dax,0.01,F1_vs_F4,2165,-1.255085385144611,0.2095832846165398,-0.0929581082507162
chronos_2,dax,0.025,F1_vs_garch_evt,2165,1.976289866428985,0.0482487638262741,0.0778611761226934
chronos_2,dax,0.025,F1_vs_F4,2165,-0.6716924628149458,0.5018511982394673,-0.0220328357138336
chronos_2,dax,0.05,F1_vs_garch_evt,2165,2.438485727749879,0.0148288708939734,0.064720405537556
chronos_2,dax,0.05,F1_vs_F4,2165,1.2486405942055816,0.2119316217111724,0.0213679303465022
chronos_2,dgs10,0.01,F1_vs_garch_evt,2125,-1.053981173409532,0.2920114160971818,-0.0517435029379928
chronos_2,dgs10,0.01,F1_vs_F4,2124,-1.0473500659711947,0.2950573752719683,-0.028825987808258
chronos_2,dgs10,0.025,F1_vs_garch_evt,2125,-1.0934576246440604,0.2743169198154218,-0.0292962858883347
chronos_2,dgs10,0.025,F1_vs_F4,2124,-0.7196617010789836,0.4718125264991032,-0.0098671872741865
chronos_2,dgs10,0.05,F1_vs_garch_evt,2125,-0.9830494181263948,0.3256950793590734,-0.0179995806889037
chronos_2,dgs10,0.05,F1_vs_F4,2124,-0.7999636853459061,0.4238213377984788,-0.007624024801245
chronos_2,dgs2,0.01,F1_vs_garch_evt,2125,-0.7574799084956532,0.4488464226006153,-0.033361859168427
chronos_2,dgs2,0.01,F1_vs_F4,2092,-2.6434658596634897,0.008267498903164,-0.1841565487278029
chronos_2,dgs2,0.025,F1_vs_garch_evt,2125,-0.7779982934841512,0.436656671158167,-0.0207495926418732
chronos_2,dgs2,0.025,F1_vs_F4,2098,-3.3792244275961942,0.0007402102154213,-0.1053942346405892
chronos_2,dgs2,0.05,F1_vs_garch_evt,2125,-0.3656976459741003,0.714627118742196,-0.0073434702907488
chronos_2,dgs2,0.05,F1_vs_F4,2100,-3.765175574418163,0.0001710075539408,-0.0730294792047983
chronos_2,dgs30,0.01,F1_vs_garch_evt,2125,0.3626247795327799,0.7169212760326098,0.0114850712266417
chronos_2,dgs30,0.01,F1_vs_F4,2039,-2.985045544386243,0.0028691046095151,-0.1556150131017128
chronos_2,dgs30,0.025,F1_vs_garch_evt,2125,0.4104028007501784,0.6815518858798079,0.0082419975713985
chronos_2,dgs30,0.025,F1_vs_F4,2064,-3.828163380151026,0.0001329503871335,-0.081939214265347
chronos_2,dgs30,0.05,F1_vs_garch_evt,2125,0.528226916438791,0.5973970323312987,0.00742395971608
chronos_2,dgs30,0.05,F1_vs_F4,2064,-4.956128270970711,7.777400606147398e-07,-0.0574289422982806
chronos_2,dgs5,0.01,F1_vs_garch_evt,2125,-0.3567379896976917,0.7213233979744829,-0.0144227607036438
chronos_2,dgs5,0.01,F1_vs_F4,2125,-1.225573317545526,0.2204951593093807,-0.0518237125296117
chronos_2,dgs5,0.025,F1_vs_garch_evt,2125,-0.1762643991660453,0.8601030331580305,-0.0042400951548453
chronos_2,dgs5,0.025,F1_vs_F4,2125,-1.2181044437949435,0.2233195766114367,-0.0271811427241829
chronos_2,dgs5,0.05,F1_vs_garch_evt,2125,-0.7561675650595002,0.4496325928111979,-0.0125679514007322
chronos_2,dgs5,0.05,F1_vs_F4,2125,-1.2771815126395,0.2016777665713099,-0.0168506819280621
chronos_2,eth,0.01,F1_vs_garch_evt,1659,0.2514303149357667,0.8015125906578611,0.0194182918821401
chronos_2,eth,0.01,F1_vs_F4,1643,-2.1012173015289544,0.0357739682523667,-0.0978798290532952
chronos_2,eth,0.025,F1_vs_garch_evt,1659,0.5740825268518925,0.5659898271952848,0.0244998625948312
chronos_2,eth,0.025,F1_vs_F4,1656,-1.8610201339711212,0.0629185406709896,-0.0538231442372734
chronos_2,eth,0.05,F1_vs_garch_evt,1659,0.6264576078831023,0.5311010725724605,0.0186543710974346
chronos_2,eth,0.05,F1_vs_F4,1659,-0.3468737464199034,0.7287301904377756,-0.0055062058755403
chronos_2,ftse,0.01,F1_vs_garch_evt,2152,1.8511772782600424,0.064281042373878,0.0910254721070745
chronos_2,ftse,0.01,F1_vs_F4,2140,0.0462922803397549,0.9630816134347416,0.0020728208474754
chronos_2,ftse,0.025,F1_vs_garch_evt,2152,1.6103263238856227,0.1074733618084812,0.0462580437009414
chronos_2,ftse,0.025,F1_vs_F4,2152,-0.7272136597171273,0.4671742182025096,-0.0234322379030221
chronos_2,ftse,0.05,F1_vs_garch_evt,2152,1.4010778690960295,0.1613350413250336,0.0283948871388953
chronos_2,ftse,0.05,F1_vs_F4,2152,-0.4158837182780165,0.677536580760181,-0.0070072457281586
chronos_2,gbpusd,0.01,F1_vs_garch_evt,2234,-0.4492913039527585,0.6532651326009764,-0.0175575608036027
chronos_2,gbpusd,0.01,F1_vs_F4,2173,-4.140716100419331,3.5945779680911375e-05,-0.1462233334030132
chronos_2,gbpusd,0.025,F1_vs_garch_evt,2234,0.8405664383538656,0.4006808613053617,0.0207010450501717
chronos_2,gbpusd,0.025,F1_vs_F4,2183,-3.670763808199431,0.000247632559054,-0.0526086871917524
chronos_2,gbpusd,0.05,F1_vs_garch_evt,2234,1.0176385514829636,0.3089600022498586,0.0177060947245562
chronos_2,gbpusd,0.05,F1_vs_F4,2234,-2.2582923270816875,0.0240235829429177,-0.0171882062071227
chronos_2,gold,0.01,F1_vs_garch_evt,2139,-0.0271620188853743,0.9783330440078076,-0.0011832267846693
chronos_2,gold,0.01,F1_vs_F4,2096,-0.1671575910757074,0.8672621845924906,-0.0088332383436718
chronos_2,gold,0.025,F1_vs_garch_evt,2139,0.0074468707373173,0.9940590064861988,0.0001811200016079
chronos_2,gold,0.025,F1_vs_F4,2104,0.3307484740133608,0.7408674329998217,0.0074288439132758
chronos_2,gold,0.05,F1_vs_garch_evt,2139,0.4177988376503925,0.6761361554045647,0.0071533960408892
chronos_2,gold,0.05,F1_vs_F4,2139,0.3597110630855273,0.7190987438931928,0.0042592811606974
chronos_2,hsi,0.01,F1_vs_garch_evt,2080,1.05965492370427,0.2894247091957243,0.0649482325181225
chronos_2,hsi,0.01,F1_vs_F4,2080,-1.1396929990927074,0.2545455129223389,-0.0991010746072125
chronos_2,hsi,0.025,F1_vs_garch_evt,2080,1.6717348069700495,0.0947271129600793,0.0559350715731722
chronos_2,hsi,0.025,F1_vs_F4,2080,-1.2392778690414072,0.2153824924054393,-0.0498619095264017
chronos_2,hsi,0.05,F1_vs_garch_evt,2080,1.7682960498735891,0.077158052904427,0.0398994040773435
chronos_2,hsi,0.05,F1_vs_F4,2080,-1.0246058624257015,0.3056683981547421,-0.0246534722651375
chronos_2,jnj,0.01,F1_vs_garch_evt,2139,-0.0170546236904044,0.9863946299915258,-0.0010098259960114
chronos_2,jnj,0.01,F1_vs_F4,2084,-1.799099133855719,0.0721476929162809,-0.1185486486685535
chronos_2,jnj,0.025,F1_vs_garch_evt,2139,0.3604604756980991,0.7185384159783161,0.0108528079962602
chronos_2,jnj,0.025,F1_vs_F4,2090,-2.106108994826461,0.0353139100815074,-0.0659873599294339
chronos_2,jnj,0.05,F1_vs_garch_evt,2139,-0.0773132179496093,0.9383816101836348,-0.0016410991956166
chronos_2,jnj,0.05,F1_vs_F4,2106,-0.6754966565610454,0.4994344706526402,-0.0092337499127953
chronos_2,jpm,0.01,F1_vs_garch_evt,2139,1.3167684334626868,0.1880573809732427,0.0674993071032366
chronos_2,jpm,0.01,F1_vs_F4,2082,-1.2305095104621775,0.218645438139111,-0.0635830991513465
chronos_2,jpm,0.025,F1_vs_garch_evt,2139,1.408482323777667,0.1591336982636316,0.0442885881110985
chronos_2,jpm,0.025,F1_vs_F4,2089,-1.020845904790602,0.307445713597961,-0.0224057410255738
chronos_2,jpm,0.05,F1_vs_garch_evt,2139,1.0856081357094298,0.2777747874174309,0.0240407582250166
chronos_2,jpm,0.05,F1_vs_F4,2114,-3.3815957659804607,0.0007337845287987,-0.0757044458945585
chronos_2,ltc,0.01,F1_vs_garch_evt,2808,0.0561412822132521,0.955233252936852,0.0024849010727782
chronos_2,ltc,0.01,F1_vs_F4,2768,-2.089739415927854,0.0367323150996424,-0.0672806206167529
chronos_2,ltc,0.025,F1_vs_garch_evt,2808,0.2058280308278906,0.8369401705186021,0.0058560603974868
chronos_2,ltc,0.025,F1_vs_F4,2791,-1.15497797773814,0.2481983536682274,-0.0174271763149846
chronos_2,ltc,0.05,F1_vs_garch_evt,2808,0.1419688306967164,0.8871148140465072,0.002799860520995
chronos_2,ltc,0.05,F1_vs_F4,2805,-0.4240661694119221,0.6715500870085575,-0.0036164350252759
chronos_2,msft,0.01,F1_vs_garch_evt,2139,0.4888164592387239,0.6250217805716844,0.0235266724425065
chronos_2,msft,0.01,F1_vs_F4,2097,-0.47067500430512,0.6379218123274382,-0.019191371686759
chronos_2,msft,0.025,F1_vs_garch_evt,2139,0.3594429181598723,0.7192992697553563,0.0105396836649942
chronos_2,msft,0.025,F1_vs_F4,2133,-0.189031373128888,0.8500862202447843,-0.0035692598809386
chronos_2,msft,0.05,F1_vs_garch_evt,2139,-0.1755858665114172,0.8606359342849268,-0.0038249987581091
chronos_2,msft,0.05,F1_vs_F4,2139,1.0797234708140468,0.2803871256434163,0.011075700915195
chronos_2,natgas,0.01,F1_vs_garch_evt,2141,0.3688345053061748,0.7122875693147025,0.0169295329251465
chronos_2,natgas,0.01,F1_vs_F4,2077,-2.383540694405813,0.0172364104790148,-0.1073854021105275
chronos_2,natgas,0.025,F1_vs_garch_evt,2141,0.1963138777809559,0.8443831398133328,0.0057424376955632
chronos_2,natgas,0.025,F1_vs_F4,2099,-1.8279700201731728,0.0676959950780123,-0.0384168534900165
chronos_2,natgas,0.05,F1_vs_garch_evt,2141,-0.0075071954753583,0.9940108806283026,-0.000161761487106
chronos_2,natgas,0.05,F1_vs_F4,2098,-0.8935794079162596,0.3716495061144388,-0.0112415621119472
chronos_2,ndx,0.01,F1_vs_garch_evt,2139,3.6875065689909223,0.0002321085108877,0.16211735786253
chronos_2,ndx,0.01,F1_vs_F4,2136,1.728616411902421,0.0840223431745503,0.0907439122262189
chronos_2,ndx,0.025,F1_vs_garch_evt,2139,3.4527192194623906,0.000565763254578,0.0963642353351617
chronos_2,ndx,0.025,F1_vs_F4,2137,1.9986216862492256,0.0457758352148724,0.0503837000876737
chronos_2,ndx,0.05,F1_vs_garch_evt,2139,3.788144820547561,0.0001559679929264,0.0763370242153013
chronos_2,ndx,0.05,F1_vs_F4,2139,3.033039904668425,0.0024501507970467,0.0437615641741935
chronos_2,nikkei,0.01,F1_vs_garch_evt,2066,2.7019641075222705,0.0069495149372676,0.1078852779378611
chronos_2,nikkei,0.01,F1_vs_F4,1998,0.3219872319288855,0.7474960680653913,0.0138546955952961
chronos_2,nikkei,0.025,F1_vs_garch_evt,2066,2.492488877751075,0.0127629618033531,0.0611942109345942
chronos_2,nikkei,0.025,F1_vs_F4,2034,-0.5610967628387966,0.5747934121385898,-0.0143247962566322
chronos_2,nikkei,0.05,F1_vs_garch_evt,2066,1.988471208898153,0.0468914036082882,0.0362834708210319
chronos_2,nikkei,0.05,F1_vs_F4,2066,-0.5642710020564607,0.572630993385927,-0.0080352546705042
chronos_2,nvda,0.01,F1_vs_garch_evt,2139,1.1646057243960404,0.2443085558762467,0.0495806835233184
chronos_2,nvda,0.01,F1_vs_F4,2055,-0.7025968873693054,0.4823866186212063,-0.0296107328560426
chronos_2,nvda,0.025,F1_vs_garch_evt,2139,1.2007041929696989,0.2299989773638713,0.0317487228204592
chronos_2,nvda,0.025,F1_vs_F4,2122,0.7879980750629232,0.4307858867468386,0.0150243553258567
chronos_2,nvda,0.05,F1_vs_garch_evt,2139,0.5947805249031269,0.552053126034929,0.011685056270079
chronos_2,nvda,0.05,F1_vs_F4,2125,0.582580812085885,0.5602373638723024,0.0062372191650514
chronos_2,rut,0.01,F1_vs_garch_evt,2139,1.751076639033445,0.0800761087485736,0.0488774977494228
chronos_2,rut,0.01,F1_vs_F4,2031,-3.308676460515862,0.0009537637337152,-0.1083408348739855
chronos_2,rut,0.025,F1_vs_garch_evt,2139,1.1288427448879164,0.2590908225264618,0.0209673347244239
chronos_2,rut,0.025,F1_vs_F4,2022,-2.0290792229719,0.0425810582057027,-0.0319521860380666
chronos_2,rut,0.05,F1_vs_garch_evt,2139,1.7504661251806024,0.0801813414148899,0.0250866809992513
chronos_2,rut,0.05,F1_vs_F4,2082,-0.4622224144018839,0.6439701511094877,-0.0052120850478882
chronos_2,spx,0.01,F1_vs_garch_evt,2139,2.613013458910918,0.0090376763936073,0.1202526295579626
chronos_2,spx,0.01,F1_vs_F4,2101,0.5501583660462019,0.5822692664150982,0.0195996447636088
chronos_2,spx,0.025,F1_vs_garch_evt,2139,3.1600678353117964,0.0015993884416223,0.0952784038954025
chronos_2,spx,0.025,F1_vs_F4,2133,0.9749474942237536,0.3296969096720994,0.0237430928447714
chronos_2,spx,0.05,F1_vs_garch_evt,2139,3.774569952705251,0.0001646504470465,0.0856063645329631
chronos_2,spx,0.05,F1_vs_F4,2124,1.2116958849136998,0.2257636594051779,0.0173252069697811
chronos_2,usdcad,0.01,F1_vs_garch_evt,2234,-1.113195504599212,0.2657442890547458,-0.0264522505829719
chronos_2,usdcad,0.01,F1_vs_F4,2182,-2.216430476107557,0.0267648662752304,-0.0450734967494684
chronos_2,usdcad,0.025,F1_vs_garch_evt,2234,-1.3335462409076446,0.1824886220044389,-0.0219095408007851
chronos_2,usdcad,0.025,F1_vs_F4,2219,-1.4167605788231,0.1566933729521058,-0.0173072989547698
chronos_2,usdcad,0.05,F1_vs_garch_evt,2234,-1.0036798322629596,0.3156417081445282,-0.0129968944567446
chronos_2,usdcad,0.05,F1_vs_F4,2234,-1.985801439447267,0.0471774825213621,-0.0151540803898002
chronos_2,usdchf,0.01,F1_vs_garch_evt,2233,2.734848506959193,0.0062902323762604,0.1073989336085112
chronos_2,usdchf,0.01,F1_vs_F4,2165,-1.5949152773411834,0.1108772078303479,-0.0475271370966664
chronos_2,usdchf,0.025,F1_vs_garch_evt,2233,3.235599320014957,0.0012316257986639,0.0701046219409718
chronos_2,usdchf,0.025,F1_vs_F4,2227,-1.4474726535494429,0.147905403922672,-0.0231232666336456
chronos_2,usdchf,0.05,F1_vs_garch_evt,2233,3.481894897802815,0.0005074526117958,0.0535095488281474
chronos_2,usdchf,0.05,F1_vs_F4,2233,0.5136271331692728,0.607563544985533,0.0037034726894986
chronos_2,wmt,0.01,F1_vs_garch_evt,2139,-1.444348614314303,0.148787463295976,-0.1068065134276935
chronos_2,wmt,0.01,F1_vs_F4,2137,-2.233552857094818,0.0256156796817459,-0.0957941753157014
chronos_2,wmt,0.025,F1_vs_garch_evt,2139,-1.0734895299677696,0.2831726772942938,-0.0483280907552623
chronos_2,wmt,0.025,F1_vs_F4,2139,-2.1978425394412944,0.0280671991899605,-0.0555019386083957
chronos_2,wmt,0.05,F1_vs_garch_evt,2139,-0.6217269093895751,0.5341877419475558,-0.0193812232247714
chronos_2,wmt,0.05,F1_vs_F4,2139,-2.426820734213113,0.0153139342590261,-0.0310057302715863
chronos_2,xom,0.01,F1_vs_garch_evt,2139,-0.8586844094160692,0.3906109116378129,-0.0222469390027968
chronos_2,xom,0.01,F1_vs_F4,2093,-4.619627629525186,4.078122998735763e-06,-0.1456911313232857
chronos_2,xom,0.025,F1_vs_garch_evt,2139,0.4121491672557264,0.6802714116908926,0.0070905533680054
chronos_2,xom,0.025,F1_vs_F4,2139,-3.492713129874869,0.0004878531746966,-0.0691176089993002
chronos_2,xom,0.05,F1_vs_garch_evt,2139,0.7666146319198717,0.443395310091756,0.0092151103414252
chronos_2,xom,0.05,F1_vs_F4,2137,-2.8514778110608483,0.0043934623346082,-0.0269536170138165
chronos_2,xrp,0.01,F1_vs_garch_evt,1659,0.4634760430328026,0.6430840170446828,0.021181686055219
chronos_2,xrp,0.01,F1_vs_F4,1643,-0.1406135510590301,0.8881924892779558,-0.0024665292656805
chronos_2,xrp,0.025,F1_vs_garch_evt,1659,0.0303623440230572,0.9757817303649572,0.0009704245079311
chronos_2,xrp,0.025,F1_vs_F4,1659,1.200048682353806,0.2302918760938736,0.0160813317032006
chronos_2,xrp,0.05,F1_vs_garch_evt,1659,-0.1378200176037816,0.8903993984205127,-0.0034032060891585
chronos_2,xrp,0.05,F1_vs_F4,1659,1.6049521157165405,0.10869478487338,0.0133386658557569
timesfm_2_5,aapl,0.01,F1_vs_garch_evt,2139,1.348430244952085,0.1776628652046051,0.0381334833795483
timesfm_2_5,aapl,0.01,F1_vs_F4,2055,-1.0579482085300609,0.2902034575690269,-0.033245515020259
timesfm_2_5,aapl,0.025,F1_vs_garch_evt,2139,1.5999858146133277,0.109749477415359,0.0361457186947212
timesfm_2_5,aapl,0.025,F1_vs_F4,2139,-1.2973337648346843,0.1946563394188503,-0.0230051370460134
timesfm_2_5,aapl,0.05,F1_vs_garch_evt,2139,2.6312202410821297,0.0085690133682691,0.0490007737710719
timesfm_2_5,aapl,0.05,F1_vs_F4,2139,1.4406743842150431,0.1498231200836247,0.0135211549680526
timesfm_2_5,amzn,0.01,F1_vs_garch_evt,2139,2.216170865091377,0.02678473113976,0.0889683988297939
timesfm_2_5,amzn,0.01,F1_vs_F4,2122,-2.4642901284338707,0.0138072707596576,-0.1181287437173247
timesfm_2_5,amzn,0.025,F1_vs_garch_evt,2139,2.2623870510576225,0.0237734759126863,0.0626751847063372
timesfm_2_5,amzn,0.025,F1_vs_F4,2123,-1.0909377183525506,0.2754241447778829,-0.0213047593852594
timesfm_2_5,amzn,0.05,F1_vs_garch_evt,2139,1.468452840927754,0.1421283624976757,0.0315734846423526
timesfm_2_5,amzn,0.05,F1_vs_F4,2139,-2.2506264324397303,0.0245104503281378,-0.0218128366374748
timesfm_2_5,audusd,0.01,F1_vs_garch_evt,2234,-0.3901404819455247,0.6964698800527407,-0.013712565460561
timesfm_2_5,audusd,0.01,F1_vs_F4,2180,-0.6145363056393286,0.5389251503601209,-0.0165047344058649
timesfm_2_5,audusd,0.025,F1_vs_garch_evt,2234,0.9527189683738329,0.3408355932308148,0.024951559171317
timesfm_2_5,audusd,0.025,F1_vs_F4,2207,1.3352558618006547,0.1819303827051855,0.017244964465398
timesfm_2_5,audusd,0.05,F1_vs_garch_evt,2234,1.4550926034561529,0.145784183516737,0.029411649547427
timesfm_2_5,audusd,0.05,F1_vs_F4,2234,0.2649406135691475,0.7910796639252311,0.0020374627592083
timesfm_2_5,brent,0.01,F1_vs_garch_evt,2141,2.3055953824746447,0.0212284586420664,0.1468897862366788
timesfm_2_5,brent,0.01,F1_vs_F4,2070,-0.0970824059469376,0.9226703557608426,-0.0038249819755434
timesfm_2_5,brent,0.025,F1_vs_garch_evt,2141,2.8618076354385966,0.0042532545089404,0.1266400924278398
timesfm_2_5,brent,0.025,F1_vs_F4,2127,0.1735004122497145,0.8622746210113698,0.0030182674008505
timesfm_2_5,brent,0.05,F1_vs_garch_evt,2141,3.034790916656031,0.0024360055888605,0.1090413674343634
timesfm_2_5,brent,0.05,F1_vs_F4,2141,0.2861906979991146,0.7747597690445349,0.0025223349954774
timesfm_2_5,btc,0.01,F1_vs_garch_evt,2808,-1.719789627262741,0.0855809187543226,-0.0607883047940606
timesfm_2_5,btc,0.01,F1_vs_F4,2696,-2.414377398418215,0.0158283508704995,-0.0677830971297607
timesfm_2_5,btc,0.025,F1_vs_garch_evt,2808,-2.1427025670082425,0.0322227474532937,-0.0488145968516595
timesfm_2_5,btc,0.025,F1_vs_F4,2807,-2.963476264311512,0.0030674382855229,-0.0466440146884837
timesfm_2_5,btc,0.05,F1_vs_garch_evt,2808,-1.3768455826402175,0.1686697918778813,-0.0238789881052336
timesfm_2_5,btc,0.05,F1_vs_F4,2808,-1.9912231808991387,0.046553131238378,-0.0149683040815949
timesfm_2_5,copper,0.01,F1_vs_garch_evt,2140,0.9904881330588208,0.3220476158674595,0.0502619686728529
timesfm_2_5,copper,0.01,F1_vs_F4,2091,0.2063579665516288,0.8365314018170468,0.0126556323357384
timesfm_2_5,copper,0.025,F1_vs_garch_evt,2140,1.461149565710902,0.1441212764245196,0.0437188550733458
timesfm_2_5,copper,0.025,F1_vs_F4,2140,-0.1434183979927225,0.8859732627093102,-0.0033380606098438
timesfm_2_5,copper,0.05,F1_vs_garch_evt,2140,1.717390941476563,0.0860525123051183,0.0369169912987097
timesfm_2_5,copper,0.05,F1_vs_F4,2140,-0.6624540891556796,0.5077516176273681,-0.0084860068139228
timesfm_2_5,csi300,0.01,F1_vs_garch_evt,1680,1.2284086650945767,0.2194657553060408,0.21019806904884
timesfm_2_5,csi300,0.01,F1_vs_F4,1680,-2.644445667733261,0.0082587301523762,-0.1793527092624131
timesfm_2_5,csi300,0.025,F1_vs_garch_evt,1680,1.485737837705399,0.1375362104868125,0.1512695852689014
timesfm_2_5,csi300,0.025,F1_vs_F4,1680,-2.0178712637747904,0.0437634659842411,-0.0876059880605893
timesfm_2_5,csi300,0.05,F1_vs_garch_evt,1680,1.5031635939592205,0.1329849208231797,0.1213865473410524
timesfm_2_5,csi300,0.05,F1_vs_F4,1680,-1.9081182364724896,0.0565463461271765,-0.0654796811961714
timesfm_2_5,dax,0.01,F1_vs_garch_evt,2165,0.3623695562819358,0.7171112710070485,0.0220544283088715
timesfm_2_5,dax,0.01,F1_vs_F4,2118,-2.2703427047893525,0.023286898403448,-0.1521738072144023
timesfm_2_5,dax,0.025,F1_vs_garch_evt,2165,1.2583690039423263,0.2083940842613988,0.0444010663270618
timesfm_2_5,dax,0.025,F1_vs_F4,2143,-2.2871454382022987,0.022284451834263,-0.0460504409081462
timesfm_2_5,dax,0.05,F1_vs_garch_evt,2165,1.5725711005132144,0.1159643490708321,0.0387655614417409
timesfm_2_5,dax,0.05,F1_vs_F4,2165,-1.5357455892333614,0.1247469760853629,-0.0215494625486731
timesfm_2_5,dgs10,0.01,F1_vs_garch_evt,2125,-0.3437513467238305,0.7310673167475579,-0.014593798197338
timesfm_2_5,dgs10,0.01,F1_vs_F4,2123,-1.039995849146146,0.2984603090460693,-0.0322085020263629
timesfm_2_5,dgs10,0.025,F1_vs_garch_evt,2125,0.1089645788723411,0.9132408777556767,0.0024349679560643
timesfm_2_5,dgs10,0.025,F1_vs_F4,2124,-0.1551605539813611,0.8767094948830217,-0.0020588778130535
timesfm_2_5,dgs10,0.05,F1_vs_garch_evt,2125,0.7584056958951731,0.4482922919317366,0.0125106965736027
timesfm_2_5,dgs10,0.05,F1_vs_F4,2124,-0.1107838714513956,0.9117982069429712,-0.0010033782565758
timesfm_2_5,dgs2,0.01,F1_vs_garch_evt,2125,0.2273726022577095,0.8201559053915959,0.0167952053670025
timesfm_2_5,dgs2,0.01,F1_vs_F4,2097,-1.7967765318620323,0.0725150290796782,-0.09412202984995
timesfm_2_5,dgs2,0.025,F1_vs_garch_evt,2125,0.1826429151408137,0.8550956397504823,0.007536455650552
timesfm_2_5,dgs2,0.025,F1_vs_F4,2102,-1.6707430017667138,0.0949213893673127,-0.0533149670139282
timesfm_2_5,dgs2,0.05,F1_vs_garch_evt,2125,0.2784336020749332,0.7807066309131607,0.0079354886566702
timesfm_2_5,dgs2,0.05,F1_vs_F4,2102,-1.6419874819693658,0.1007422545209888,-0.0307757241565292
timesfm_2_5,dgs30,0.01,F1_vs_garch_evt,2125,0.0802697327495654,0.9360302923719804,0.0024503403600223
timesfm_2_5,dgs30,0.01,F1_vs_F4,2007,-3.4595981354117926,0.0005522881421071,-0.206422148823987
timesfm_2_5,dgs30,0.025,F1_vs_garch_evt,2125,0.7241813471750099,0.469034164336941,0.0148670463898658
timesfm_2_5,dgs30,0.025,F1_vs_F4,2049,-3.875604142471389,0.0001097072530117,-0.0903878643572336
timesfm_2_5,dgs30,0.05,F1_vs_garch_evt,2125,1.6073318659184257,0.108130219173504,0.0238887928953919
timesfm_2_5,dgs30,0.05,F1_vs_F4,2059,-4.53673589303273,6.0422711540957e-06,-0.0554210127757127
timesfm_2_5,dgs5,0.01,F1_vs_garch_evt,2125,0.3104713902561872,0.7562329742719521,0.0180281619571744
timesfm_2_5,dgs5,0.01,F1_vs_F4,2125,-0.2149988036711083,0.8297888918928418,-0.0080168596430674
timesfm_2_5,dgs5,0.025,F1_vs_garch_evt,2125,0.9010839482821176,0.3676458458783851,0.0284134646093135
timesfm_2_5,dgs5,0.025,F1_vs_F4,2125,0.4707875647471374,0.6378407887110704,0.0088496435501438
timesfm_2_5,dgs5,0.05,F1_vs_garch_evt,2125,1.0496729964212004,0.2939878998984885,0.0224983185823052
timesfm_2_5,dgs5,0.05,F1_vs_F4,2125,0.406501178368468,0.684415344976987,0.0048335159467739
timesfm_2_5,eth,0.01,F1_vs_garch_evt,1659,-1.4420883375179447,0.1494663154318265,-0.0537280815868243
timesfm_2_5,eth,0.01,F1_vs_F4,1636,-3.644390929451119,0.0002764035689356,-0.1540844786460907
timesfm_2_5,eth,0.025,F1_vs_garch_evt,1659,-1.1284456278110273,0.2592950225803392,-0.0257099813181513
timesfm_2_5,eth,0.025,F1_vs_F4,1649,-3.265045443496265,0.0011169164655797,-0.0571792299695638
timesfm_2_5,eth,0.05,F1_vs_garch_evt,1659,-1.3468984837466385,0.1781969962045866,-0.0243223577629276
timesfm_2_5,eth,0.05,F1_vs_F4,1659,-2.1849747415806853,0.0290302729925821,-0.018583988859792
timesfm_2_5,ftse,0.01,F1_vs_garch_evt,2152,2.4430538660662275,0.0146434907550947,0.1406737487558308
timesfm_2_5,ftse,0.01,F1_vs_F4,2144,-1.0153410155107256,0.3100579166511418,-0.0417954912205779
timesfm_2_5,ftse,0.025,F1_vs_garch_evt,2152,2.0909593308580545,0.0366487896887567,0.0731380442909564
timesfm_2_5,ftse,0.025,F1_vs_F4,2152,-2.3624128596041407,0.018244989704935,-0.0580149083199391
timesfm_2_5,ftse,0.05,F1_vs_garch_evt,2152,2.231788409685148,0.0257315893971511,0.0553374950869271
timesfm_2_5,ftse,0.05,F1_vs_F4,2152,-1.8220525465954167,0.0685858148333434,-0.0215469231631516
timesfm_2_5,gbpusd,0.01,F1_vs_garch_evt,2234,0.7129261107259025,0.4759659725685994,0.018609835334298
timesfm_2_5,gbpusd,0.01,F1_vs_F4,2177,-3.879058484994395,0.000107975669177,-0.1456427859141774
timesfm_2_5,gbpusd,0.025,F1_vs_garch_evt,2234,1.157012180718552,0.2473911372933385,0.0217353013170281
timesfm_2_5,gbpusd,0.025,F1_vs_F4,2187,-4.352459488523977,1.4082073936214668e-05,-0.0374688319980397
timesfm_2_5,gbpusd,0.05,F1_vs_garch_evt,2234,0.8601532048412316,0.3897969337883109,0.0128406787399909
timesfm_2_5,gbpusd,0.05,F1_vs_F4,2234,-2.4320005722785103,0.0150938068911656,-0.0137427122697279
timesfm_2_5,gold,0.01,F1_vs_garch_evt,2139,1.3708042577386128,0.1705798672590933,0.0539714165299757
timesfm_2_5,gold,0.01,F1_vs_F4,2101,0.1490042403206489,0.8815645940355632,0.0065712288446475
timesfm_2_5,gold,0.025,F1_vs_garch_evt,2139,1.4687104635952613,0.1420584488354123,0.0336393667023695
timesfm_2_5,gold,0.025,F1_vs_F4,2122,1.0829386868390816,0.2789587335313932,0.0212137709993674
timesfm_2_5,gold,0.05,F1_vs_garch_evt,2139,2.207644061311661,0.0273749290187778,0.0381061921462942
timesfm_2_5,gold,0.05,F1_vs_F4,2139,1.7035029381889275,0.0886193143754339,0.0169940223904359
timesfm_2_5,hsi,0.01,F1_vs_garch_evt,2080,1.1373528095643404,0.2555218899190348,0.0759758297346079
timesfm_2_5,hsi,0.01,F1_vs_F4,2080,-1.535499322629915,0.124813385491691,-0.0899253142454507
timesfm_2_5,hsi,0.025,F1_vs_garch_evt,2080,1.307434863927135,0.1912096315901224,0.0528721959393329
timesfm_2_5,hsi,0.025,F1_vs_F4,2080,-1.5814468744779535,0.1139280072217107,-0.0478931977676122
timesfm_2_5,hsi,0.05,F1_vs_garch_evt,2080,1.2594795868892346,0.2079985361467099,0.0362974932160818
timesfm_2_5,hsi,0.05,F1_vs_F4,2080,-1.3191972201578022,0.1872484583876494,-0.022388340373581
timesfm_2_5,jnj,0.01,F1_vs_garch_evt,2139,0.8111318291496437,0.4173802547585791,0.038066174186407
timesfm_2_5,jnj,0.01,F1_vs_F4,2110,-2.127766871225049,0.0334721102394078,-0.0990441439110149
timesfm_2_5,jnj,0.025,F1_vs_garch_evt,2139,1.1184482118146584,0.2635012625712463,0.0332268575060201
timesfm_2_5,jnj,0.025,F1_vs_F4,2104,-1.3858248266941189,0.1659473340326758,-0.0259086426147719
timesfm_2_5,jnj,0.05,F1_vs_garch_evt,2139,1.470643481890105,0.1415347090732796,0.0324496286000203
timesfm_2_5,jnj,0.05,F1_vs_F4,2117,-1.1951060696771671,0.2321795176143699,-0.0137952930944519
timesfm_2_5,jpm,0.01,F1_vs_garch_evt,2139,2.040076345121627,0.04146538102271,0.0891618487202514
timesfm_2_5,jpm,0.01,F1_vs_F4,2084,-1.3535363075349616,0.1760312122905984,-0.0695908703899197
timesfm_2_5,jpm,0.025,F1_vs_garch_evt,2139,2.1210544381839447,0.0340320218272944,0.067920884472465
timesfm_2_5,jpm,0.025,F1_vs_F4,2080,-0.3000211617019386,0.7641910080862757,-0.005657116105506
timesfm_2_5,jpm,0.05,F1_vs_garch_evt,2139,1.8991095346298896,0.0576845657760864,0.0464459740093317
timesfm_2_5,jpm,0.05,F1_vs_F4,2107,-0.6672275517538993,0.5046998938340479,-0.0068664195591811
timesfm_2_5,ltc,0.01,F1_vs_garch_evt,2808,-0.5298972776225334,0.5962250630560912,-0.0262248555259747
timesfm_2_5,ltc,0.01,F1_vs_F4,2738,-3.0463907712923195,0.0023381610192279,-0.0777559488071317
timesfm_2_5,ltc,0.025,F1_vs_garch_evt,2808,-1.0965263404486665,0.2729425648155045,-0.0276729333463502
timesfm_2_5,ltc,0.025,F1_vs_F4,2805,-2.975334773568877,0.002951683865539,-0.0370519005528499
timesfm_2_5,ltc,0.05,F1_vs_garch_evt,2808,-0.7933067556241206,0.4276661717594093,-0.0137570677105286
timesfm_2_5,ltc,0.05,F1_vs_F4,2808,-1.886906534724972,0.0592760065271693,-0.0146362812670289
timesfm_2_5,msft,0.01,F1_vs_garch_evt,2139,1.227249603483238,0.2198639053932624,0.045526050635041
timesfm_2_5,msft,0.01,F1_vs_F4,2091,-0.7661951800533346,0.443646701676142,-0.0260332656911891
timesfm_2_5,msft,0.025,F1_vs_garch_evt,2139,1.673608858041304,0.0943537764391424,0.0438697674095587
timesfm_2_5,msft,0.025,F1_vs_F4,2124,-0.2626671418274806,0.7928326307533718,-0.0040902919234253
timesfm_2_5,msft,0.05,F1_vs_garch_evt,2139,1.5240960795234015,0.1276326076596383,0.0313695576462919
timesfm_2_5,msft,0.05,F1_vs_F4,2138,-0.5150406660499202,0.6065778711122408,-0.0044416397761076
timesfm_2_5,natgas,0.01,F1_vs_garch_evt,2141,2.1658265501690703,0.0304345621116982,0.2376942347883844
timesfm_2_5,natgas,0.01,F1_vs_F4,2087,-0.1944661034584623,0.8458298707377141,-0.0081677718835463
timesfm_2_5,natgas,0.025,F1_vs_garch_evt,2141,2.4901339467927937,0.0128448439380791,0.1587028111223253
timesfm_2_5,natgas,0.025,F1_vs_F4,2096,0.6544364546690226,0.5129024901505603,0.0139182178947502
timesfm_2_5,natgas,0.05,F1_vs_garch_evt,2141,2.55045360791743,0.0108273839568593,0.1156007054752235
timesfm_2_5,natgas,0.05,F1_vs_F4,2108,0.8669000502259883,0.3860954863712638,0.0104616111902492
timesfm_2_5,ndx,0.01,F1_vs_garch_evt,2139,1.463733476216815,0.1434137880733876,0.0650700688296403
timesfm_2_5,ndx,0.01,F1_vs_F4,2130,-1.485939088071296,0.1374432925206944,-0.054417291344383
timesfm_2_5,ndx,0.025,F1_vs_garch_evt,2139,1.915391339590336,0.0555758851886275,0.0583615525631496
timesfm_2_5,ndx,0.025,F1_vs_F4,2135,-0.5890036052723229,0.55592119685448,-0.0090588328089149
timesfm_2_5,ndx,0.05,F1_vs_garch_evt,2139,2.9833330602448678,0.0028835485491205,0.0700010769616019
timesfm_2_5,ndx,0.05,F1_vs_F4,2139,-1.075024640962887,0.282484998806663,-0.0099320414853121
timesfm_2_5,nikkei,0.01,F1_vs_garch_evt,2066,1.9297935807242168,0.0537692483374159,0.1162226004213005
timesfm_2_5,nikkei,0.01,F1_vs_F4,1979,-0.753002194018979,0.4515382049288605,-0.0269149158081379
timesfm_2_5,nikkei,0.025,F1_vs_garch_evt,2066,1.2528145979410072,0.2104150361680239,0.042493353080616
timesfm_2_5,nikkei,0.025,F1_vs_F4,2036,-0.95854837207519,0.3379001775603696,-0.0207027256867052
timesfm_2_5,nikkei,0.05,F1_vs_garch_evt,2066,0.9762596492342206,0.3290501601604898,0.0231859033587499
timesfm_2_5,nikkei,0.05,F1_vs_F4,2066,-0.9810636990459816,0.3266762542812178,-0.0121244401593144
timesfm_2_5,nvda,0.01,F1_vs_garch_evt,2139,1.5885621368242384,0.1123071412969723,0.0677451119865212
timesfm_2_5,nvda,0.01,F1_vs_F4,2042,1.5648549882513911,0.117771938462599,0.048386216332386
timesfm_2_5,nvda,0.025,F1_vs_garch_evt,2139,1.934378618735885,0.0531983885559461,0.0531292457055924
timesfm_2_5,nvda,0.025,F1_vs_F4,2086,0.1361089578587853,0.8917482857269918,0.0019019337657599
timesfm_2_5,nvda,0.05,F1_vs_garch_evt,2139,1.6985165939000912,0.0895558023967054,0.0351521096843305
timesfm_2_5,nvda,0.05,F1_vs_F4,2139,0.0069796335317542,0.994431754543718,5.409304692003697e-05
timesfm_2_5,rut,0.01,F1_vs_garch_evt,2139,2.411265220700173,0.0159811120607869,0.1120164419025147
timesfm_2_5,rut,0.01,F1_vs_F4,2026,-3.685399528511124,0.0002343447635635,-0.1479802058956418
timesfm_2_5,rut,0.025,F1_vs_garch_evt,2139,2.6513687851591663,0.0080758151398748,0.0839986594424114
timesfm_2_5,rut,0.025,F1_vs_F4,2083,-3.122755058253137,0.0018163023649169,-0.0445644487349585
timesfm_2_5,rut,0.05,F1_vs_garch_evt,2139,2.3183075540647584,0.0205265269651892,0.0547292174144887
timesfm_2_5,rut,0.05,F1_vs_F4,2090,-2.420611187003272,0.0155792064633036,-0.0177353117442024
timesfm_2_5,spx,0.01,F1_vs_garch_evt,2139,1.1190721918928157,0.2632350517774229,0.0841376345018267
timesfm_2_5,spx,0.01,F1_vs_F4,2098,-1.8641752935060036,0.0624367276533669,-0.0911102267200979
timesfm_2_5,spx,0.025,F1_vs_garch_evt,2139,1.840001874008087,0.0659065025828684,0.0844850801910288
timesfm_2_5,spx,0.025,F1_vs_F4,2109,-0.864860675888966,0.3872136700406768,-0.0168614980009086
timesfm_2_5,spx,0.05,F1_vs_garch_evt,2139,2.9847694873846726,0.002870099701642,0.0978312007157125
timesfm_2_5,spx,0.05,F1_vs_F4,2139,-0.2072548212028734,0.8358305928442168,-0.0025179957774751
timesfm_2_5,usdcad,0.01,F1_vs_garch_evt,2234,-0.0942812546163972,0.9248941989627462,-0.0023325419512613
timesfm_2_5,usdcad,0.01,F1_vs_F4,2221,-1.955621566958497,0.0506350250288178,-0.0397089883166176
timesfm_2_5,usdcad,0.025,F1_vs_garch_evt,2234,0.7318936476988819,0.4643102869543244,0.0133454544386661
timesfm_2_5,usdcad,0.025,F1_vs_F4,2234,-2.574954381906447,0.0100891717640042,-0.0301059321437072
timesfm_2_5,usdcad,0.05,F1_vs_garch_evt,2234,0.5934153733381266,0.5529633027332561,0.0086762404239966
timesfm_2_5,usdcad,0.05,F1_vs_F4,2234,-1.2825288435473632,0.1997903099166468,-0.0071284590046821
timesfm_2_5,usdchf,0.01,F1_vs_garch_evt,2233,2.3289904902416723,0.0199484136631472,0.1135021540962568
timesfm_2_5,usdchf,0.01,F1_vs_F4,2201,-1.4180193896493616,0.1563267279664727,-0.0376384981653816
timesfm_2_5,usdchf,0.025,F1_vs_garch_evt,2233,2.135212485826082,0.032852248905397,0.0608689795439404
timesfm_2_5,usdchf,0.025,F1_vs_F4,2219,-1.9175915710251108,0.0552911206581432,-0.027286727987092
timesfm_2_5,usdchf,0.05,F1_vs_garch_evt,2233,2.296300749233843,0.0217509381419465,0.0431419385084531
timesfm_2_5,usdchf,0.05,F1_vs_F4,2233,-1.5226421177878415,0.1279899236867215,-0.0099929785126427
timesfm_2_5,wmt,0.01,F1_vs_garch_evt,2139,0.257186852675058,0.7970592812029123,0.0146449242519971
timesfm_2_5,wmt,0.01,F1_vs_F4,2122,-2.1027716580262568,0.0356032966754256,-0.2122981568926841
timesfm_2_5,wmt,0.025,F1_vs_garch_evt,2139,0.5790529696276865,0.5626144319374923,0.0207125909535312
timesfm_2_5,wmt,0.025,F1_vs_F4,2135,-1.895137375104231,0.0582092379129883,-0.0666255457312559
timesfm_2_5,wmt,0.05,F1_vs_garch_evt,2139,0.866606268333959,0.3862550206203065,0.0229691235185713
timesfm_2_5,wmt,0.05,F1_vs_F4,2139,-2.5140180514560813,0.0120093525698725,-0.0355178279400073
timesfm_2_5,xom,0.01,F1_vs_garch_evt,2139,2.0965697280660325,0.0361489215565754,0.1164496850865967
timesfm_2_5,xom,0.01,F1_vs_F4,2099,-3.4731251985228644,0.0005248638257006,-0.2169299352570461
timesfm_2_5,xom,0.025,F1_vs_garch_evt,2139,2.9139143813616646,0.0036063481884246,0.0930013108083035
timesfm_2_5,xom,0.025,F1_vs_F4,2131,-3.369314809128852,0.000766981529516,-0.0872176068529222
timesfm_2_5,xom,0.05,F1_vs_garch_evt,2139,3.208890983119805,0.0013522080131042,0.0717001643860783
timesfm_2_5,xom,0.05,F1_vs_F4,2133,-3.6134448005541193,0.0003091522414711,-0.0446867414163441
timesfm_2_5,xrp,0.01,F1_vs_garch_evt,1659,-0.8025400075627841,0.4223556743696983,-0.0413193122600944
timesfm_2_5,xrp,0.01,F1_vs_F4,1611,-0.93078672544831,0.3521034407001222,-0.0209963155649742
timesfm_2_5,xrp,0.025,F1_vs_garch_evt,1659,-0.6819207046482846,0.4953843384340456,-0.0242816637745987
timesfm_2_5,xrp,0.025,F1_vs_F4,1659,-0.9506456851581202,0.3419228212615459,-0.0108317736622557
timesfm_2_5,xrp,0.05,F1_vs_garch_evt,1659,-0.644489808524073,0.5193470176849122,-0.0171658062874723
timesfm_2_5,xrp,0.05,F1_vs_F4,1659,-0.0281857474276015,0.9775173966833576,-0.0002335504863967
moirai_2_0,aapl,0.01,F1_vs_garch_evt,2139,2.12177014421447,0.0339717731971827,0.0709991722709084
moirai_2_0,aapl,0.01,F1_vs_F4,2106,-1.2655472280454996,0.2058152877965183,-0.0553791971201309
moirai_2_0,aapl,0.025,F1_vs_garch_evt,2139,1.8830182504689608,0.0598335472965466,0.0458408674361395
moirai_2_0,aapl,0.025,F1_vs_F4,2133,-1.226487979568752,0.2201505321228157,-0.0247641469880361
moirai_2_0,aapl,0.05,F1_vs_garch_evt,2139,2.161233643431155,0.0307879931985565,0.040907238277098
moirai_2_0,aapl,0.05,F1_vs_F4,2137,-0.1088265716835354,0.9133502696800292,-0.0012019767308016
moirai_2_0,amzn,0.01,F1_vs_garch_evt,2139,2.021451316665453,0.0433574384448093,0.0924851855174283
moirai_2_0,amzn,0.01,F1_vs_F4,2093,-2.464566728177306,0.0137977421776804,-0.1387990885114081
moirai_2_0,amzn,0.025,F1_vs_garch_evt,2139,2.1316701628701518,0.0331476988537589,0.0594386635473263
moirai_2_0,amzn,0.025,F1_vs_F4,2122,-1.9193989980745665,0.0550678872229849,-0.0416499548269831
moirai_2_0,amzn,0.05,F1_vs_garch_evt,2139,1.5389164032079077,0.1239726836047192,0.0318997951997197
moirai_2_0,amzn,0.05,F1_vs_F4,2139,-2.317121913911074,0.0205911352839537,-0.0305228054696216
moirai_2_0,audusd,0.01,F1_vs_garch_evt,2234,-0.0592602524258574,0.9527501220358467,-0.0020295679530483
moirai_2_0,audusd,0.01,F1_vs_F4,2194,-2.0123997596883365,0.0442998624701016,-0.0649344754643124
moirai_2_0,audusd,0.025,F1_vs_garch_evt,2234,0.752236714245109,0.4519880022756488,0.0173604979134761
moirai_2_0,audusd,0.025,F1_vs_F4,2194,0.3496622865529061,0.7266257344738883,0.004933896447564
moirai_2_0,audusd,0.05,F1_vs_garch_evt,2234,1.1231811354223626,0.2614813135595013,0.0188917935219482
moirai_2_0,audusd,0.05,F1_vs_F4,2234,-0.2664450819613727,0.7899210497464043,-0.0022423046802078
moirai_2_0,brent,0.01,F1_vs_garch_evt,2141,2.44240546712089,0.0146701579743737,0.1526973800574565
moirai_2_0,brent,0.01,F1_vs_F4,2058,-0.1732256522394575,0.8624911042263382,-0.0077115352193571
moirai_2_0,brent,0.025,F1_vs_garch_evt,2141,2.706787341608224,0.0068477515344319,0.1080255320359316
moirai_2_0,brent,0.025,F1_vs_F4,2097,-0.8401581841603453,0.4009155241250959,-0.0148948726105577
moirai_2_0,brent,0.05,F1_vs_garch_evt,2141,2.7134223354841724,0.0067125918798755,0.0774952318482416
moirai_2_0,brent,0.05,F1_vs_F4,2128,0.049510717295041,0.960516945056022,0.0005063424789459
moirai_2_0,btc,0.01,F1_vs_garch_evt,2808,-0.1465372191666026,0.8835078331445255,-0.0080397716554274
moirai_2_0,btc,0.01,F1_vs_F4,2717,-1.5053848641449992,0.1323414399269618,-0.0574056899619505
moirai_2_0,btc,0.025,F1_vs_garch_evt,2808,-0.224695737682868,0.8222323352785856,-0.0068706005629603
moirai_2_0,btc,0.025,F1_vs_F4,2806,-1.2883760535198907,0.1977213506272863,-0.019428772275945
moirai_2_0,btc,0.05,F1_vs_garch_evt,2808,0.0686480525921756,0.9452746581243168,0.001439321205794
moirai_2_0,btc,0.05,F1_vs_F4,2805,-1.729941482757945,0.0837507689441387,-0.0151330808689101
moirai_2_0,copper,0.01,F1_vs_garch_evt,2140,-0.8169173308240998,0.414066647027732,-0.03578259632404
moirai_2_0,copper,0.01,F1_vs_F4,2101,-0.1861039694771393,0.8523812035739032,-0.0074562492877956
moirai_2_0,copper,0.025,F1_vs_garch_evt,2140,-0.6677406904600436,0.5043711674410947,-0.0155865393071934
moirai_2_0,copper,0.025,F1_vs_F4,2140,-1.46454302720328,0.1431925879664235,-0.0234813562475166
moirai_2_0,copper,0.05,F1_vs_garch_evt,2140,-0.0907058522442,0.927734813188252,-0.0014256869165092
moirai_2_0,copper,0.05,F1_vs_F4,2140,-1.0028093832425125,0.3160662680171409,-0.0099735876560366
moirai_2_0,csi300,0.01,F1_vs_garch_evt,1680,1.5044243769262446,0.1326602091420342,0.1128506656821924
moirai_2_0,csi300,0.01,F1_vs_F4,1677,-2.1776311075932555,0.0295725662221744,-0.1580411976823734
moirai_2_0,csi300,0.025,F1_vs_garch_evt,1680,1.7612437910749768,0.0783791466881036,0.0708951742760427
moirai_2_0,csi300,0.025,F1_vs_F4,1677,-1.854435148927199,0.0638524749059731,-0.0689146995348933
moirai_2_0,csi300,0.05,F1_vs_garch_evt,1680,1.9778663418621696,0.0481070618792117,0.05520148981139
moirai_2_0,csi300,0.05,F1_vs_F4,1680,-1.5024380089992395,0.133172072518185,-0.0349257445288907
moirai_2_0,dax,0.01,F1_vs_garch_evt,2165,0.9178816569256788,0.3587831135481155,0.068595585411202
moirai_2_0,dax,0.01,F1_vs_F4,2124,-1.8988912279980896,0.0577142354852543,-0.1202702724796276
moirai_2_0,dax,0.025,F1_vs_garch_evt,2165,1.7704086501890306,0.076799855992287,0.0714651972039893
moirai_2_0,dax,0.025,F1_vs_F4,2124,-2.018011017476675,0.0437156783741303,-0.0590273490142449
moirai_2_0,dax,0.05,F1_vs_garch_evt,2165,2.3404857179576166,0.0193490777850136,0.063547809134281
moirai_2_0,dax,0.05,F1_vs_F4,2165,-1.314854692430078,0.1886980621789616,-0.0193048366575505
moirai_2_0,dgs10,0.01,F1_vs_garch_evt,2125,-1.2021202209911082,0.2294509564023141,-0.042858406020955
moirai_2_0,dgs10,0.01,F1_vs_F4,2124,-1.3887617798874643,0.1650508721147688,-0.0489245927695669
moirai_2_0,dgs10,0.025,F1_vs_garch_evt,2125,0.0205711912190068,0.9835896538749238,0.0004078725302349
moirai_2_0,dgs10,0.025,F1_vs_F4,2124,-0.5005056882734333,0.6167709314507849,-0.0076961215871505
moirai_2_0,dgs10,0.05,F1_vs_garch_evt,2125,0.958379408140257,0.3379805499504453,0.0144182742932228
moirai_2_0,dgs10,0.05,F1_vs_F4,2124,-1.0183831581211544,0.3086119403281133,-0.010068883388173
moirai_2_0,dgs2,0.01,F1_vs_garch_evt,2125,-0.8157708463327403,0.4147226811373434,-0.0420362927784041
moirai_2_0,dgs2,0.01,F1_vs_F4,2102,-1.996812087639838,0.0459744033896435,-0.121279564162705
moirai_2_0,dgs2,0.025,F1_vs_garch_evt,2125,0.4856596315833312,0.6272586029520917,0.0145664721048727
moirai_2_0,dgs2,0.025,F1_vs_F4,2102,-0.9550850979543636,0.3396445389913746,-0.0351818409869341
moirai_2_0,dgs2,0.05,F1_vs_garch_evt,2125,0.6761835729237391,0.4989977205141095,0.0152556004236724
moirai_2_0,dgs2,0.05,F1_vs_F4,2102,-1.6347479842422197,0.1022516949047312,-0.0375840906896708
moirai_2_0,dgs30,0.01,F1_vs_garch_evt,2125,0.0464664904742472,0.96294281020353,0.0014171297445694
moirai_2_0,dgs30,0.01,F1_vs_F4,2012,-3.4890603052357574,0.0004951537687522,-0.1929375038571525
moirai_2_0,dgs30,0.025,F1_vs_garch_evt,2125,0.6774648589381873,0.4981848418771899,0.0152265415052674
moirai_2_0,dgs30,0.025,F1_vs_F4,2055,-3.469870849613369,0.000531454041804,-0.0797937131542073
moirai_2_0,dgs30,0.05,F1_vs_garch_evt,2125,1.3938452489479634,0.1635101473411291,0.0227503276145553
moirai_2_0,dgs30,0.05,F1_vs_F4,2060,-4.464262064659211,8.468847800051612e-06,-0.0513111623745644
moirai_2_0,dgs5,0.01,F1_vs_garch_evt,2125,0.1938535619729909,0.8463090827957351,0.0086591533622778
moirai_2_0,dgs5,0.01,F1_vs_F4,2125,0.1450726775726359,0.8846672546897467,0.0053175217405926
moirai_2_0,dgs5,0.025,F1_vs_garch_evt,2125,0.9691161265205356,0.3325975914441804,0.025251917908415
moirai_2_0,dgs5,0.025,F1_vs_F4,2125,0.6432111242645429,0.5201565493323039,0.0138146694166755
moirai_2_0,dgs5,0.05,F1_vs_garch_evt,2125,1.2297963234169975,0.218909585991131,0.0228891244601549
moirai_2_0,dgs5,0.05,F1_vs_F4,2125,0.656214627346838,0.5117571191805984,0.0094204464417835
moirai_2_0,eth,0.01,F1_vs_garch_evt,1659,-0.5434551591994546,0.5868895147009543,-0.0279157649254094
moirai_2_0,eth,0.01,F1_vs_F4,1637,-2.3997222754371688,0.0165187252614473,-0.1138596141168543
moirai_2_0,eth,0.025,F1_vs_garch_evt,1659,0.4848742112387881,0.6278296291691369,0.0144878966192011
moirai_2_0,eth,0.025,F1_vs_F4,1659,-2.10927918868188,0.0350700622906129,-0.043402174057634
moirai_2_0,eth,0.05,F1_vs_garch_evt,1659,0.3532082941611049,0.723977191506237,0.0079269700536818
moirai_2_0,eth,0.05,F1_vs_F4,1659,-1.3591462480563676,0.174285089489934,-0.0167651344053167
moirai_2_0,ftse,0.01,F1_vs_garch_evt,2152,1.9284678791664605,0.0539284167853924,0.1292805518528964
moirai_2_0,ftse,0.01,F1_vs_F4,2143,-1.6949873033188134,0.0902231755732012,-0.0726535984445435
moirai_2_0,ftse,0.025,F1_vs_garch_evt,2152,2.128776422908247,0.0333860939020976,0.0792637533108373
moirai_2_0,ftse,0.025,F1_vs_F4,2144,-1.799009314023153,0.0721578533391838,-0.0396997626635496
moirai_2_0,ftse,0.05,F1_vs_garch_evt,2152,2.754755333047778,0.0059230619924567,0.0714589974341102
moirai_2_0,ftse,0.05,F1_vs_F4,2152,-1.1278579506299116,0.2595057017388975,-0.0183427587762117
moirai_2_0,gbpusd,0.01,F1_vs_garch_evt,2234,1.2886076261872597,0.1976680213307439,0.0337209159502758
moirai_2_0,gbpusd,0.01,F1_vs_F4,2152,-3.774670850390121,0.0001645576447626,-0.2163420480465063
moirai_2_0,gbpusd,0.025,F1_vs_garch_evt,2234,1.3945871023073406,0.1632791045910478,0.0237220750009622
moirai_2_0,gbpusd,0.025,F1_vs_F4,2175,-3.470346238538613,0.0005299237487332,-0.0419840715584025
moirai_2_0,gbpusd,0.05,F1_vs_garch_evt,2234,1.2426720597989385,0.2141191787103562,0.0152877386980974
moirai_2_0,gbpusd,0.05,F1_vs_F4,2222,-2.6141613482038872,0.0090051158020127,-0.0227898838647445
moirai_2_0,gold,0.01,F1_vs_garch_evt,2139,1.3466595977534148,0.1782326247599516,0.060833249031855
moirai_2_0,gold,0.01,F1_vs_F4,2116,-0.5157463025017356,0.6060855179592678,-0.0259697172076744
moirai_2_0,gold,0.025,F1_vs_garch_evt,2139,1.7703172748624263,0.0768167845182245,0.04387839005634
moirai_2_0,gold,0.025,F1_vs_F4,2118,0.3007856610791178,0.7636074795811485,0.0062142270701907
moirai_2_0,gold,0.05,F1_vs_garch_evt,2139,1.689693213088382,0.0912324540236961,0.0299107459995807
moirai_2_0,gold,0.05,F1_vs_F4,2139,0.7251932796535975,0.4684128275747778,0.0093971619002258
moirai_2_0,hsi,0.01,F1_vs_garch_evt,2080,1.3464136720369186,0.1783159161596521,0.0725027630442529
moirai_2_0,hsi,0.01,F1_vs_F4,2080,-1.4365087988204226,0.1510080728401733,-0.0732043989301606
moirai_2_0,hsi,0.025,F1_vs_garch_evt,2080,1.366166707064666,0.1720343952950349,0.0453591078317947
moirai_2_0,hsi,0.025,F1_vs_F4,2080,-1.935986661475663,0.0530047395811729,-0.0456766576807427
moirai_2_0,hsi,0.05,F1_vs_garch_evt,2080,0.9924528006142534,0.3210921855738319,0.0223856912702877
moirai_2_0,hsi,0.05,F1_vs_F4,2080,-1.7182621703542194,0.085897695720707,-0.023507648477134
moirai_2_0,jnj,0.01,F1_vs_garch_evt,2139,0.6706144178945301,0.5025386282921354,0.0341400417390269
moirai_2_0,jnj,0.01,F1_vs_F4,2110,-2.989114935151492,0.0028302025711976,-0.147010436442265
moirai_2_0,jnj,0.025,F1_vs_garch_evt,2139,0.8680509229257533,0.3854638781676576,0.0269487320912261
moirai_2_0,jnj,0.025,F1_vs_F4,2103,-2.2038690840716564,0.0276416063092732,-0.0466069161719202
moirai_2_0,jnj,0.05,F1_vs_garch_evt,2139,0.9329142504003036,0.350969584257817,0.0203819352667532
moirai_2_0,jnj,0.05,F1_vs_F4,2096,-1.9743090020046885,0.0484777742773057,-0.0225496518402059
moirai_2_0,jpm,0.01,F1_vs_garch_evt,2139,1.5117429494953625,0.1307470540882492,0.0757334240419697
moirai_2_0,jpm,0.01,F1_vs_F4,2076,-1.8819923566906795,0.0599768999206581,-0.088283105756685
moirai_2_0,jpm,0.025,F1_vs_garch_evt,2139,2.1571885347162687,0.0311020929018139,0.0731944207927117
moirai_2_0,jpm,0.025,F1_vs_F4,2076,-0.2410872580135638,0.8095113072062139,-0.0057535241597155
moirai_2_0,jpm,0.05,F1_vs_garch_evt,2139,1.878196102269545,0.0604903356688697,0.047172882841405
moirai_2_0,jpm,0.05,F1_vs_F4,2081,-0.6255561252092742,0.5316747520670431,-0.0087948273553142
moirai_2_0,ltc,0.01,F1_vs_garch_evt,2808,-0.5480342714426267,0.5837119480806102,-0.0232157795560528
moirai_2_0,ltc,0.01,F1_vs_F4,2786,-2.145913444522365,0.0319660685516357,-0.0923498503285289
moirai_2_0,ltc,0.025,F1_vs_garch_evt,2808,-1.1495334885335755,0.2504339989937414,-0.0253223890297274
moirai_2_0,ltc,0.025,F1_vs_F4,2804,-2.8611345263349217,0.0042525493467125,-0.0453833015921218
moirai_2_0,ltc,0.05,F1_vs_garch_evt,2808,-0.3059131344729521,0.7596934705607032,-0.0047582603697653
moirai_2_0,ltc,0.05,F1_vs_F4,2808,-2.529122729848207,0.0114891361190904,-0.0228955165831601
moirai_2_0,msft,0.01,F1_vs_garch_evt,2139,1.957541755585354,0.0504137295354863,0.0729933362755748
moirai_2_0,msft,0.01,F1_vs_F4,2103,-1.3802005874195116,0.167671658163595,-0.0534917253062163
moirai_2_0,msft,0.025,F1_vs_garch_evt,2139,1.9491600835656708,0.0514069191024833,0.0500347415126953
moirai_2_0,msft,0.025,F1_vs_F4,2116,-0.6038977705914613,0.5459763761783287,-0.0111219926634955
moirai_2_0,msft,0.05,F1_vs_garch_evt,2139,2.156045437132459,0.031191350789861,0.043091610025144
moirai_2_0,msft,0.05,F1_vs_F4,2139,-0.0839095234789898,0.9331362231695152,-0.0009289015891854
moirai_2_0,natgas,0.01,F1_vs_garch_evt,2141,1.6543675731689018,0.0981994998314012,0.2433728610276215
moirai_2_0,natgas,0.01,F1_vs_F4,2081,-0.8657973138148176,0.3867011733179633,-0.0539115502753307
moirai_2_0,natgas,0.025,F1_vs_garch_evt,2141,1.953445136466444,0.0508970094911986,0.1554070877112017
moirai_2_0,natgas,0.025,F1_vs_F4,2083,-0.5206441781551772,0.6026700301819601,-0.014420193386227
moirai_2_0,natgas,0.05,F1_vs_garch_evt,2141,1.9378721806523629,0.0527702136019869,0.1033196967401181
moirai_2_0,natgas,0.05,F1_vs_F4,2123,-0.3340799940247177,0.7383522082433469,-0.0053157908325413
moirai_2_0,ndx,0.01,F1_vs_garch_evt,2139,2.2437603395859607,0.0249498057565836,0.1017855719209138
moirai_2_0,ndx,0.01,F1_vs_F4,2136,-1.6108336691679566,0.1073637994393238,-0.0761556366491071
moirai_2_0,ndx,0.025,F1_vs_garch_evt,2139,2.723100584812854,0.0065197896183845,0.0856691335722039
moirai_2_0,ndx,0.025,F1_vs_F4,2133,-1.3716090687623397,0.1703294940119315,-0.0336446681865574
moirai_2_0,ndx,0.05,F1_vs_garch_evt,2139,3.5966087437954006,0.0003297067269369,0.0893288026583617
moirai_2_0,ndx,0.05,F1_vs_F4,2139,-0.9229933381694276,0.3561148254377891,-0.0126154342192081
moirai_2_0,nikkei,0.01,F1_vs_garch_evt,2066,0.3073448281455877,0.7586119095571136,0.0120599367353615
moirai_2_0,nikkei,0.01,F1_vs_F4,2005,-1.6168292448072668,0.1060725332131649,-0.0649731189015471
moirai_2_0,nikkei,0.025,F1_vs_garch_evt,2066,-0.3880016177727525,0.6980548287625097,-0.0099793044656951
moirai_2_0,nikkei,0.025,F1_vs_F4,2024,-1.388029669966604,0.1652808502976711,-0.0284631386993283
moirai_2_0,nikkei,0.05,F1_vs_garch_evt,2066,-0.3532197003014927,0.7239597931748422,-0.0068067028862883
moirai_2_0,nikkei,0.05,F1_vs_F4,2066,-2.3186630349041777,0.0205105115567248,-0.033003967845764
moirai_2_0,nvda,0.01,F1_vs_garch_evt,2139,1.961250595676009,0.0499794121610679,0.0631259508199596
moirai_2_0,nvda,0.01,F1_vs_F4,2077,-0.0910881310366683,0.9274313511921028,-0.0027696671902338
moirai_2_0,nvda,0.025,F1_vs_garch_evt,2139,2.6987576281908248,0.0070146434544188,0.0552304743375746
moirai_2_0,nvda,0.025,F1_vs_F4,2089,-0.3235759878064002,0.7462914742895137,-0.0048474867328988
moirai_2_0,nvda,0.05,F1_vs_garch_evt,2139,2.5984582840871373,0.0094286768662497,0.0423960927230827
moirai_2_0,nvda,0.05,F1_vs_F4,2139,-0.4913310157437943,0.6232427787911686,-0.0043266888333208
moirai_2_0,rut,0.01,F1_vs_garch_evt,2139,2.307300079816397,0.0211332081330914,0.1114306112163005
moirai_2_0,rut,0.01,F1_vs_F4,2063,-3.5533480377859883,0.000388910882907,-0.1477541217388493
moirai_2_0,rut,0.025,F1_vs_garch_evt,2139,2.498881384971174,0.0125331007805184,0.0815778907064903
moirai_2_0,rut,0.025,F1_vs_F4,2088,-3.410103080720114,0.0006617390049783,-0.0556112383460994
moirai_2_0,rut,0.05,F1_vs_garch_evt,2139,2.7832468355933,0.005429103379555,0.0672311534113199
moirai_2_0,rut,0.05,F1_vs_F4,2099,-2.4786020225946364,0.0132679351127108,-0.0241538519941948
moirai_2_0,spx,0.01,F1_vs_garch_evt,2139,1.6369248178897828,0.1017933501727584,0.1074057908061323
moirai_2_0,spx,0.01,F1_vs_F4,2109,-2.00722336377934,0.0448533258908883,-0.1630416469565065
moirai_2_0,spx,0.025,F1_vs_garch_evt,2139,2.414405999189446,0.0158443793273896,0.1027704895582211
moirai_2_0,spx,0.025,F1_vs_F4,2102,-1.1024807812285735,0.2703789793734324,-0.0353496343361874
moirai_2_0,spx,0.05,F1_vs_garch_evt,2139,3.3829376330397443,0.0007300742706213,0.1078401573998485
moirai_2_0,spx,0.05,F1_vs_F4,2131,0.1132986880830716,0.909804434359824,0.0021221766432256
moirai_2_0,usdcad,0.01,F1_vs_garch_evt,2234,1.5632659126197048,0.1181317613724645,0.064510694820853
moirai_2_0,usdcad,0.01,F1_vs_F4,2185,-2.0313453304917752,0.0423408413330114,-0.0860295952786542
moirai_2_0,usdcad,0.025,F1_vs_garch_evt,2234,2.0798837624618542,0.0376500099186617,0.054037339914204
moirai_2_0,usdcad,0.025,F1_vs_F4,2221,-2.3602000255534303,0.0183511401902442,-0.0426533300993999
moirai_2_0,usdcad,0.05,F1_vs_garch_evt,2234,2.161370487323925,0.0307727043775525,0.0394821729775587
moirai_2_0,usdcad,0.05,F1_vs_F4,2234,-1.2147625148925132,0.2245851174122672,-0.0111324255256821
moirai_2_0,usdchf,0.01,F1_vs_garch_evt,2233,1.3579603128024589,0.1746135333599774,0.0759502855229575
moirai_2_0,usdchf,0.01,F1_vs_F4,2217,-1.721886662692942,0.085229600078012,-0.0655168541678721
moirai_2_0,usdchf,0.025,F1_vs_garch_evt,2233,1.365465168137198,0.1722444864360243,0.0428496151461348
moirai_2_0,usdchf,0.025,F1_vs_F4,2215,-1.9407648158732005,0.0524135897739381,-0.0358274004121337
moirai_2_0,usdchf,0.05,F1_vs_garch_evt,2233,1.5485302723839,0.1216364481706215,0.031216814693695
moirai_2_0,usdchf,0.05,F1_vs_F4,2210,-0.60890676383933,0.5426488521557904,-0.0058573756271509
moirai_2_0,wmt,0.01,F1_vs_garch_evt,2139,-0.0607141333377203,0.9515925502573128,-0.0034498533447283
moirai_2_0,wmt,0.01,F1_vs_F4,2115,-2.089145193169174,0.0368139648462848,-0.2282128981894061
moirai_2_0,wmt,0.025,F1_vs_garch_evt,2139,0.1548294924315209,0.8769703544330196,0.0054347672852849
moirai_2_0,wmt,0.025,F1_vs_F4,2123,-1.9276109554266048,0.0540368604857254,-0.0620436963378731
moirai_2_0,wmt,0.05,F1_vs_garch_evt,2139,0.9412091258068076,0.3467040314311224,0.0234862079303172
moirai_2_0,wmt,0.05,F1_vs_F4,2137,-2.3217787189197785,0.0203384787721171,-0.0321038143743792
moirai_2_0,xom,0.01,F1_vs_garch_evt,2139,1.65969775881377,0.0971219249655536,0.0963482846885975
moirai_2_0,xom,0.01,F1_vs_F4,2131,-3.0180229140802504,0.0025744548068967,-0.1994521154107281
moirai_2_0,xom,0.025,F1_vs_garch_evt,2139,2.3847007501005817,0.0171797200453713,0.0758668295531502
moirai_2_0,xom,0.025,F1_vs_F4,2134,-2.8706447637750534,0.0041367396574593,-0.089966023420775
moirai_2_0,xom,0.05,F1_vs_garch_evt,2139,2.7097264609677,0.0067876308209135,0.0594613694611942
moirai_2_0,xom,0.05,F1_vs_F4,2126,-3.0836284414646657,0.0020712227568848,-0.0397597677573752
moirai_2_0,xrp,0.01,F1_vs_garch_evt,1659,-0.1252902374292104,0.9003089699030957,-0.0052245497516003
moirai_2_0,xrp,0.01,F1_vs_F4,1600,-0.4693686163024881,0.6388701703050972,-0.0203458122011901
moirai_2_0,xrp,0.025,F1_vs_garch_evt,1659,-0.2370399840964146,0.8126550547295117,-0.0058781804768851
moirai_2_0,xrp,0.025,F1_vs_F4,1659,-0.8277611053495679,0.4079249315360332,-0.019046297493162
moirai_2_0,xrp,0.05,F1_vs_garch_evt,1659,-0.585220713875782,0.5584789548773714,-0.0113045235178025
moirai_2_0,xrp,0.05,F1_vs_F4,1659,-0.3659093042741645,0.7144794331807027,-0.0055523346782999
lag_llama,aapl,0.01,F1_vs_garch_evt,2139,3.081329163116238,0.0020870515354492,0.2314537607807046
lag_llama,aapl,0.01,F1_vs_F4,2081,-2.7933215980358823,0.0052647515454712,-0.1399811872443391
lag_llama,aapl,0.025,F1_vs_garch_evt,2139,4.082039014038872,4.628345906358492e-05,0.1873206135677449
lag_llama,aapl,0.025,F1_vs_F4,2130,-2.8241088720104504,0.0047853591747977,-0.0586447498904893
lag_llama,aapl,0.05,F1_vs_garch_evt,2139,4.959230613427314,7.634764605976885e-07,0.1678222937681328
lag_llama,aapl,0.05,F1_vs_F4,2139,-1.9320151348894676,0.0534896197202546,-0.0209967615781802
lag_llama,amzn,0.01,F1_vs_garch_evt,2139,2.9516164312153643,0.0031955623021553,0.1489463527034148
lag_llama,amzn,0.01,F1_vs_F4,2109,-2.469679221794333,0.0136021093411635,-0.0785388987913869
lag_llama,amzn,0.025,F1_vs_garch_evt,2139,4.356438749520329,1.3844731283855468e-05,0.152422839968694
lag_llama,amzn,0.025,F1_vs_F4,2139,-1.810296516069384,0.0703901538224879,-0.0270878373902602
lag_llama,amzn,0.05,F1_vs_garch_evt,2139,4.333808632061906,1.533431337091894e-05,0.1192935517770589
lag_llama,amzn,0.05,F1_vs_F4,2139,-0.2679600881303298,0.7887558893353391,-0.0022585780119496
lag_llama,audusd,0.01,F1_vs_garch_evt,2234,1.04047879412531,0.2982301522973506,0.0449921774551088
lag_llama,audusd,0.01,F1_vs_F4,2220,-2.3591762224202824,0.0184017584740888,-0.084266428384804
lag_llama,audusd,0.025,F1_vs_garch_evt,2234,2.5527720840832853,0.0107529322636728,0.0772933126443566
lag_llama,audusd,0.025,F1_vs_F4,2234,-0.915035847889066,0.3602716087725092,-0.0138123631300663
lag_llama,audusd,0.05,F1_vs_garch_evt,2234,2.9748870922704307,0.0029623960415633,0.0679796257450852
lag_llama,audusd,0.05,F1_vs_F4,2234,0.5785974063740902,0.5629192061519483,0.0051263106892944
lag_llama,brent,0.01,F1_vs_garch_evt,2141,2.505408035570424,0.0123047687067387,0.2826129778982061
lag_llama,brent,0.01,F1_vs_F4,2080,1.5063939636452048,0.1321179884603852,0.0772529303264187
lag_llama,brent,0.025,F1_vs_garch_evt,2141,3.022170830162937,0.0025394467786691,0.2174855887164243
lag_llama,brent,0.025,F1_vs_F4,2105,0.7775673120610095,0.4369115575702139,0.0160699988502924
lag_llama,brent,0.05,F1_vs_garch_evt,2141,3.697372867566844,0.0002233237230323,0.1838483116694933
lag_llama,brent,0.05,F1_vs_F4,2141,1.319050408975073,0.1872933828162476,0.0141452729661547
lag_llama,btc,0.01,F1_vs_garch_evt,2808,0.8102048002967835,0.4178911591144677,0.0831193251549523
lag_llama,btc,0.01,F1_vs_F4,2705,0.3523332191713962,0.7246158360343548,0.0200465211694898
lag_llama,btc,0.025,F1_vs_garch_evt,2808,1.34949631213457,0.1772864317049372,0.072047564786599
lag_llama,btc,0.025,F1_vs_F4,2804,-0.155149195815258,0.8767148700007606,-0.0037226459094957
lag_llama,btc,0.05,F1_vs_garch_evt,2808,2.430572624852969,0.0151372374968561,0.0859273177074256
lag_llama,btc,0.05,F1_vs_F4,2808,-0.4104301186230383,0.681521780816301,-0.0050452987002753
lag_llama,copper,0.01,F1_vs_garch_evt,2140,0.8492047625001085,0.3958623934715076,0.0736786170078711
lag_llama,copper,0.01,F1_vs_F4,2118,1.0296600661522912,0.3032872303986046,0.0668943619248861
lag_llama,copper,0.025,F1_vs_garch_evt,2140,1.0452654033313913,0.2960184296202984,0.051079731434985
lag_llama,copper,0.025,F1_vs_F4,2140,0.4397034952475226,0.6601962909222068,0.010478937287185
lag_llama,copper,0.05,F1_vs_garch_evt,2140,1.7010617695684185,0.0890767320367768,0.0560842868501405
lag_llama,copper,0.05,F1_vs_F4,2140,1.0540211470605432,0.2919922785198306,0.0128479968959156
lag_llama,csi300,0.01,F1_vs_garch_evt,1680,1.0545779565008768,0.2917701178390869,0.0890530468408997
lag_llama,csi300,0.01,F1_vs_F4,1669,-3.261405719407609,0.0011309870347137,-0.1240943580925543
lag_llama,csi300,0.025,F1_vs_garch_evt,1680,1.956531146583783,0.0505681707859009,0.0955324854356747
lag_llama,csi300,0.025,F1_vs_F4,1680,-2.401947969434729,0.0164160804751493,-0.0515581178530455
lag_llama,csi300,0.05,F1_vs_garch_evt,1680,2.3935343314380666,0.0167961304541166,0.0833422335699692
lag_llama,csi300,0.05,F1_vs_F4,1680,-1.9977758590752084,0.0459020436730588,-0.0246418135193551
lag_llama,dax,0.01,F1_vs_garch_evt,2165,1.6481631521898388,0.0994643617344543,0.2032085510036753
lag_llama,dax,0.01,F1_vs_F4,2116,-0.7720423789266463,0.4401755829904721,-0.0346723567657227
lag_llama,dax,0.025,F1_vs_garch_evt,2165,2.617373837077222,0.0089226446009603,0.1696999842121633
lag_llama,dax,0.025,F1_vs_F4,2121,-1.2669187338183097,0.2053235113783696,-0.0242764135275426
lag_llama,dax,0.05,F1_vs_garch_evt,2165,3.2847927069929,0.0010368560425344,0.1443859368854744
lag_llama,dax,0.05,F1_vs_F4,2165,-0.2548445207301602,0.7988674033281449,-0.0028297109132538
lag_llama,dgs10,0.01,F1_vs_garch_evt,2125,3.166273499484942,0.0015659556343103,0.1308610429486687
lag_llama,dgs10,0.01,F1_vs_F4,2124,-1.3504064140456251,0.1770295861931494,-0.0489794220081485
lag_llama,dgs10,0.025,F1_vs_garch_evt,2125,4.136861324227035,3.658065027011398e-05,0.1309774699312295
lag_llama,dgs10,0.025,F1_vs_F4,2124,-2.1449827869784803,0.0320673880005431,-0.0392741864957181
lag_llama,dgs10,0.05,F1_vs_garch_evt,2125,5.126929109924044,3.211854969066289e-07,0.129041942364195
lag_llama,dgs10,0.05,F1_vs_F4,2124,-0.8558962180906484,0.3921517744667544,-0.010936954630558
lag_llama,dgs2,0.01,F1_vs_garch_evt,2125,3.292068851915828,0.0010108328347601,0.2665496103065605
lag_llama,dgs2,0.01,F1_vs_F4,2102,-0.0807046778805269,0.9356845031021588,-0.0036105432620465
lag_llama,dgs2,0.025,F1_vs_garch_evt,2125,5.096384936234422,3.76819984497143e-07,0.3119640611847813
lag_llama,dgs2,0.025,F1_vs_F4,2102,2.044258128148704,0.0410524760334694,0.05319570054927
lag_llama,dgs2,0.05,F1_vs_garch_evt,2125,6.330224404932995,2.97782935216804e-10,0.3012449123573381
lag_llama,dgs2,0.05,F1_vs_F4,2102,0.8710008886808319,0.3838531777984204,0.0154114857316148
lag_llama,dgs30,0.01,F1_vs_garch_evt,2125,2.181611925449903,0.0292474782304979,0.138138148890025
lag_llama,dgs30,0.01,F1_vs_F4,2037,-3.497247939214321,0.0004801650696707,-0.183272771962058
lag_llama,dgs30,0.025,F1_vs_garch_evt,2125,2.5527729973845537,0.0107562951267104,0.0990428640512904
lag_llama,dgs30,0.025,F1_vs_F4,2051,-4.112974225911245,4.0602053833393054e-05,-0.090436779415226
lag_llama,dgs30,0.05,F1_vs_garch_evt,2125,3.719344406046399,0.0002049198186424,0.1018583722487353
lag_llama,dgs30,0.05,F1_vs_F4,2061,-3.420751514557769,0.0006366636229305,-0.039477658882022
lag_llama,dgs5,0.01,F1_vs_garch_evt,2125,3.739550138276464,0.0001892294240088,0.2288313510269381
lag_llama,dgs5,0.01,F1_vs_F4,2125,0.0127175097151639,0.9898543632288151,0.0005092239207534
lag_llama,dgs5,0.025,F1_vs_garch_evt,2125,5.028454248314273,5.358927152531526e-07,0.2331238158442393
lag_llama,dgs5,0.025,F1_vs_F4,2125,1.1705937671647373,0.2418934216625574,0.0249231243277607
lag_llama,dgs5,0.05,F1_vs_garch_evt,2125,5.753495182320025,1.0008095215627276e-08,0.2011606691854634
lag_llama,dgs5,0.05,F1_vs_F4,2125,1.3401162849754715,0.1803508806272613,0.0156365555878285
lag_llama,eth,0.01,F1_vs_garch_evt,1659,1.5852995008328254,0.1130889976608481,0.1260653216972163
lag_llama,eth,0.01,F1_vs_F4,1636,-2.338597953104912,0.0194762005881773,-0.0937662840153085
lag_llama,eth,0.025,F1_vs_garch_evt,1659,1.9754701018776848,0.0483804310280044,0.103725641369319
lag_llama,eth,0.025,F1_vs_F4,1659,-2.49501899920675,0.012691660942732,-0.0673451667048192
lag_llama,eth,0.05,F1_vs_garch_evt,1659,2.05035736712922,0.0404865115813262,0.0774314142602902
lag_llama,eth,0.05,F1_vs_F4,1659,-1.8501939289253009,0.0644634126156662,-0.0316722143210701
lag_llama,ftse,0.01,F1_vs_garch_evt,2152,2.544907705823752,0.0109999720469261,0.3188199446663468
lag_llama,ftse,0.01,F1_vs_F4,2136,-0.978532076083678,0.3279220989434931,-0.0695458014092211
lag_llama,ftse,0.025,F1_vs_garch_evt,2152,3.1488749550062263,0.0016614942107258,0.22904989897101
lag_llama,ftse,0.025,F1_vs_F4,2135,-1.9004207961921065,0.0575125652694532,-0.0450494641441919
lag_llama,ftse,0.05,F1_vs_garch_evt,2152,3.955602717154496,7.881376106663919e-05,0.1973524150990332
lag_llama,ftse,0.05,F1_vs_F4,2152,-0.2750749188910571,0.7832850990338147,-0.0031925283190744
lag_llama,gbpusd,0.01,F1_vs_garch_evt,2234,4.20044339177396,2.7685681328770512e-05,0.2075547279972592
lag_llama,gbpusd,0.01,F1_vs_F4,2204,-2.62991104922704,0.0086001633260866,-0.1237280537854034
lag_llama,gbpusd,0.025,F1_vs_garch_evt,2234,4.462304789780791,8.511117654084895e-06,0.1509646363742073
lag_llama,gbpusd,0.025,F1_vs_F4,2229,-2.2735823260933605,0.0230858855462876,-0.039216005084086
lag_llama,gbpusd,0.05,F1_vs_garch_evt,2234,3.9077145934724262,9.594582784125458e-05,0.0984501730145235
lag_llama,gbpusd,0.05,F1_vs_F4,2229,-0.6078659295622626,0.5433383513870624,-0.0035779695125704
lag_llama,gold,0.01,F1_vs_garch_evt,2139,1.430642027706468,0.1526789688431793,0.1085581699187215
lag_llama,gold,0.01,F1_vs_F4,2113,1.3289981176412409,0.1839921442691627,0.0451377851507087
lag_llama,gold,0.025,F1_vs_garch_evt,2139,1.6862918823374464,0.0918854936367899,0.0688531062288155
lag_llama,gold,0.025,F1_vs_F4,2139,1.317474965998126,0.1878206315308293,0.0213436306912114
lag_llama,gold,0.05,F1_vs_garch_evt,2139,2.0697951181198238,0.0385913823761194,0.0605474382749285
lag_llama,gold,0.05,F1_vs_F4,2139,3.1136566525400484,0.0018723179080245,0.0224297635257872
lag_llama,hsi,0.01,F1_vs_garch_evt,2080,3.5217337301612357,0.0004379761815353,0.1353485686925662
lag_llama,hsi,0.01,F1_vs_F4,2080,-1.602317218448722,0.1092373922422364,-0.0414833016034155
lag_llama,hsi,0.025,F1_vs_garch_evt,2080,3.200781282098959,0.0013912304666976,0.1018889346891215
lag_llama,hsi,0.025,F1_vs_F4,2080,-2.060137302679141,0.0395096162666438,-0.0257208809812998
lag_llama,hsi,0.05,F1_vs_garch_evt,2080,3.087405675576336,0.0020457775608138,0.0770428500203775
lag_llama,hsi,0.05,F1_vs_F4,2080,-0.3933662471200103,0.6940893297370019,-0.0030111174185662
lag_llama,jnj,0.01,F1_vs_garch_evt,2139,2.4431476777418,0.0146401818894224,0.2019885656632768
lag_llama,jnj,0.01,F1_vs_F4,2101,-0.1357949398023509,0.8919964066180093,-0.0068326344439684
lag_llama,jnj,0.025,F1_vs_garch_evt,2139,2.77211432957383,0.005617611121011,0.1477960572868542
lag_llama,jnj,0.025,F1_vs_F4,2104,0.1477237169983293,0.8825749747789267,0.0033500511966021
lag_llama,jnj,0.05,F1_vs_garch_evt,2139,2.944570046230512,0.0032689334744792,0.1155215803948737
lag_llama,jnj,0.05,F1_vs_F4,2114,0.5035980015109855,0.6145963930356939,0.0066080426232395
lag_llama,jpm,0.01,F1_vs_garch_evt,2139,1.128958902292367,0.2590418273783821,0.0803687535489676
lag_llama,jpm,0.01,F1_vs_F4,2100,-0.2540295469027602,0.7994976126568643,-0.0136968490637578
lag_llama,jpm,0.025,F1_vs_garch_evt,2139,2.6082492764263545,0.0091640331033583,0.1127522277972649
lag_llama,jpm,0.025,F1_vs_F4,2105,0.9890599935691629,0.3227475165534442,0.0239972346017715
lag_llama,jpm,0.05,F1_vs_garch_evt,2139,3.3787412794474028,0.0007412482674292,0.1100740005159356
lag_llama,jpm,0.05,F1_vs_F4,2111,1.8371621298836225,0.0663265246838916,0.0240246270351186
lag_llama,ltc,0.01,F1_vs_garch_evt,2808,2.375586660689132,0.017587854189435,0.1674607805515387
lag_llama,ltc,0.01,F1_vs_F4,2783,1.0034962254093596,0.3157087701689879,0.0255465547602252
lag_llama,ltc,0.025,F1_vs_garch_evt,2808,2.793786815949788,0.0052448305838858,0.1014951973264109
lag_llama,ltc,0.025,F1_vs_F4,2808,-0.5614610654759713,0.5745280863632336,-0.0055690510039988
lag_llama,ltc,0.05,F1_vs_garch_evt,2808,3.478473157430868,0.0005119513921807,0.086067491248178
lag_llama,ltc,0.05,F1_vs_F4,2808,1.086751192938213,0.2772400936447031,0.0089063737439725
lag_llama,msft,0.01,F1_vs_garch_evt,2139,2.3447668958696366,0.0191300160424934,0.1664063959636243
lag_llama,msft,0.01,F1_vs_F4,2103,-2.362039584675447,0.0182653896164267,-0.1137917183417765
lag_llama,msft,0.025,F1_vs_garch_evt,2139,3.118301394846216,0.0018431912886043,0.153348104810975
lag_llama,msft,0.025,F1_vs_F4,2116,-0.8105694450024654,0.4177041652994052,-0.0170643646909907
lag_llama,msft,0.05,F1_vs_garch_evt,2139,3.668656844335213,0.0002497904325168,0.1362491111020844
lag_llama,msft,0.05,F1_vs_F4,2139,-0.8538947207542366,0.3932589850684562,-0.0101619555834302
lag_llama,natgas,0.01,F1_vs_garch_evt,2141,2.525724240557668,0.0116176457613735,0.2760614920845771
lag_llama,natgas,0.01,F1_vs_F4,2090,0.1933740194495885,0.8466848599735229,0.0056009714061884
lag_llama,natgas,0.025,F1_vs_garch_evt,2141,3.5229009637604007,0.0004357990099928,0.2045873053491324
lag_llama,natgas,0.025,F1_vs_F4,2141,-1.0944396346633916,0.2738853757798106,-0.0188254667247283
lag_llama,natgas,0.05,F1_vs_garch_evt,2141,4.528158545929391,6.2769100812938345e-06,0.1708765106056425
lag_llama,natgas,0.05,F1_vs_F4,2141,-0.9574490849799384,0.3384487838701464,-0.0096694648256062
lag_llama,ndx,0.01,F1_vs_garch_evt,2139,2.4384409302869345,0.0148316768201352,0.2166546790717076
lag_llama,ndx,0.01,F1_vs_F4,2128,-2.452562006916805,0.0142641024538633,-0.1076585059618361
lag_llama,ndx,0.025,F1_vs_garch_evt,2139,3.738047691637041,0.0001903237031469,0.2223077405968471
lag_llama,ndx,0.025,F1_vs_F4,2125,-2.7084101583097344,0.0068148756395999,-0.0556612895234736
lag_llama,ndx,0.05,F1_vs_garch_evt,2139,5.103960760681866,3.620103137400094e-07,0.2273606420896677
lag_llama,ndx,0.05,F1_vs_F4,2139,-1.361319008828197,0.1735563471516255,-0.0173836307805987
lag_llama,nikkei,0.01,F1_vs_garch_evt,2066,0.5990242267882596,0.5492224365493543,0.046996223770502
lag_llama,nikkei,0.01,F1_vs_F4,2043,-1.6368715269260097,0.1018114066644612,-0.0635608865129026
lag_llama,nikkei,0.025,F1_vs_garch_evt,2066,1.4036625827694196,0.16056970865046,0.0656749568792438
lag_llama,nikkei,0.025,F1_vs_F4,2066,-0.588012422232036,0.5565882528823106,-0.0117374877746027
lag_llama,nikkei,0.05,F1_vs_garch_evt,2066,1.7580479352772578,0.0788874874339656,0.0580413098510844
lag_llama,nikkei,0.05,F1_vs_F4,2066,-0.8750481809643191,0.3816494539911071,-0.0097296208366278
lag_llama,nvda,0.01,F1_vs_garch_evt,2139,3.631625863821799,0.0002882688496995,0.1331863693115612
lag_llama,nvda,0.01,F1_vs_F4,2099,-1.199422552803474,0.2304991213284224,-0.0307963830179998
lag_llama,nvda,0.025,F1_vs_garch_evt,2139,5.085859821628605,3.978468860710203e-07,0.144083168578349
lag_llama,nvda,0.025,F1_vs_F4,2111,-1.8009517797973702,0.071853216835682,-0.0269327803184383
lag_llama,nvda,0.05,F1_vs_garch_evt,2139,4.955355699380674,7.78673928726395e-07,0.1158860433298865
lag_llama,nvda,0.05,F1_vs_F4,2139,-1.9267449455902843,0.0541438185997425,-0.0154981260588279
lag_llama,rut,0.01,F1_vs_garch_evt,2139,3.041241916926844,0.0023846602936215,0.2783516722742308
lag_llama,rut,0.01,F1_vs_F4,2097,-1.90231814228172,0.0572665188835032,-0.077681784692785
lag_llama,rut,0.025,F1_vs_garch_evt,2139,3.591529806174043,0.0003361608276724,0.1970910293063744
lag_llama,rut,0.025,F1_vs_F4,2110,-2.9901968042985625,0.0028202399157936,-0.0583553715124619
lag_llama,rut,0.05,F1_vs_garch_evt,2139,3.845261053056381,0.0001239450778539,0.1537837269848241
lag_llama,rut,0.05,F1_vs_F4,2112,-2.384430219268803,0.0171934321946338,-0.0263750423191814
lag_llama,spx,0.01,F1_vs_garch_evt,2139,2.537357666779148,0.0112397837829992,0.3232826252376028
lag_llama,spx,0.01,F1_vs_F4,2128,-1.2129101822799828,0.2252988503202805,-0.1101247868368671
lag_llama,spx,0.025,F1_vs_garch_evt,2139,3.756394094152911,0.0001769897885607,0.3144986642173992
lag_llama,spx,0.025,F1_vs_F4,2136,-0.8830236995032967,0.377322880542391,-0.0364067409168264
lag_llama,spx,0.05,F1_vs_garch_evt,2139,4.771971376492284,1.947649614954469e-06,0.3006835734493582
lag_llama,spx,0.05,F1_vs_F4,2139,0.6899565159980112,0.4902964162707985,0.0164427057610542
lag_llama,usdcad,0.01,F1_vs_garch_evt,2234,1.5693675694434726,0.1167039974187068,0.0699060412787008
lag_llama,usdcad,0.01,F1_vs_F4,2197,-1.0187393562336238,0.3084389420839338,-0.0188947975534032
lag_llama,usdcad,0.025,F1_vs_garch_evt,2234,2.2537000754775978,0.0243116588176626,0.0668403165186958
lag_llama,usdcad,0.025,F1_vs_F4,2234,0.173540727721498,0.8622421468987037,0.0019492191401549
lag_llama,usdcad,0.05,F1_vs_garch_evt,2234,2.539651404650864,0.0111635779098928,0.0582221990332993
lag_llama,usdcad,0.05,F1_vs_F4,2234,0.6994423704592201,0.4843484669314246,0.0046469673088543
lag_llama,usdchf,0.01,F1_vs_garch_evt,2233,2.3336455505505547,0.0197026485710374,0.1844562139652101
lag_llama,usdchf,0.01,F1_vs_F4,2222,-2.190313676964597,0.0286051336670688,-0.0838687166270779
lag_llama,usdchf,0.025,F1_vs_garch_evt,2233,2.480777163941462,0.0131828132116557,0.1140913286435115
lag_llama,usdchf,0.025,F1_vs_F4,2229,-1.4337732006756192,0.1517773156430649,-0.0198488440516225
lag_llama,usdchf,0.05,F1_vs_garch_evt,2233,3.293728187482577,0.0010041261095219,0.1047116664365039
lag_llama,usdchf,0.05,F1_vs_F4,2233,0.5607324716033167,0.5750362093525109,0.0045212043590288
lag_llama,wmt,0.01,F1_vs_garch_evt,2139,-0.4981591667142523,0.6184230985960437,-0.0324125340881642
lag_llama,wmt,0.01,F1_vs_F4,2134,-2.703291162804548,0.0069201297511909,-0.235347278974251
lag_llama,wmt,0.025,F1_vs_garch_evt,2139,0.9230534838871222,0.3560834896288009,0.0411993293400393
lag_llama,wmt,0.025,F1_vs_F4,2139,-2.878625205239669,0.0040338093231379,-0.0848251638821494
lag_llama,wmt,0.05,F1_vs_garch_evt,2139,1.78404944833353,0.0745574122488214,0.0595704697356838
lag_llama,wmt,0.05,F1_vs_F4,2139,-2.9297287300283976,0.0034285180062685,-0.0348309540077644
lag_llama,xom,0.01,F1_vs_garch_evt,2139,1.5278000088016486,0.1267101213412483,0.1311670160103002
lag_llama,xom,0.01,F1_vs_F4,2136,-2.8024993148262114,0.0051166074127607,-0.1269567644835048
lag_llama,xom,0.025,F1_vs_garch_evt,2139,2.482043249875008,0.0131394126070812,0.1327964138651134
lag_llama,xom,0.025,F1_vs_F4,2139,-2.853174839024546,0.0043701182055605,-0.0686836724862251
lag_llama,xom,0.05,F1_vs_garch_evt,2139,3.2942207590664663,0.0010030581784387,0.1233392529903826
lag_llama,xom,0.05,F1_vs_F4,2139,-2.4958985858194382,0.0126386646356067,-0.0323806531018851
lag_llama,xrp,0.01,F1_vs_garch_evt,1659,1.6262696108779764,0.1040823453002118,0.0914731427176509
lag_llama,xrp,0.01,F1_vs_F4,1642,0.5500763528735463,0.5823418655495995,0.0200191160219875
lag_llama,xrp,0.025,F1_vs_garch_evt,1659,1.3562801658980044,0.1751947061411338,0.0485265544161307
lag_llama,xrp,0.025,F1_vs_F4,1644,3.133047484394321,0.0017605571038497,0.0371803082829346
lag_llama,xrp,0.05,F1_vs_garch_evt,1659,1.2865447263287593,0.19843262822283,0.0354466248178883
lag_llama,xrp,0.05,F1_vs_F4,1659,2.6968066250103173,0.0070716697407297,0.0198154155306885
