layer,asset,stratum,n,hit_rate,uc_p_mc,uc_pass,fz0_mean
chronos_bolt:e3,aapl,Q1,660,0.06818181818181818,0.05019498050194981,True,1.0914354888908806
chronos_bolt:e3,aapl,Q2,659,0.06069802731411229,0.24997500249975002,True,1.213114095595769
chronos_bolt:e3,aapl,Q3,660,0.05757575757575758,0.42555744425557446,True,1.3543720492100995
chronos_bolt:e3,aapl,Q4,660,0.07575757575757576,0.005499450054994501,False,1.8163536974766974
chronos_bolt:e3,amzn,Q1,660,0.06212121212121212,0.1785821417858214,True,1.1706122940636274
chronos_bolt:e3,amzn,Q2,659,0.08649468892261002,0.00029997000299970003,False,1.4738436256502323
chronos_bolt:e3,amzn,Q3,660,0.07575757575757576,0.005499450054994501,False,1.6334534351902434
chronos_bolt:e3,amzn,Q4,660,0.06515151515151515,0.09049095090490951,True,1.8084159169917078
chronos_bolt:e3,audusd,Q1,684,0.07456140350877193,0.006799320067993201,False,0.17527782108410533
chronos_bolt:e3,audusd,Q2,683,0.07320644216691069,0.0100989901009899,False,0.502510990269516
chronos_bolt:e3,audusd,Q3,683,0.07174231332357248,0.017998200179982,False,0.3173813753735957
chronos_bolt:e3,audusd,Q4,684,0.054093567251461985,0.6532346765323468,True,0.4476949445189607
chronos_bolt:e3,brent,Q1,660,0.07878787878787878,0.0014998500149985001,False,1.4905087438662896
chronos_bolt:e3,brent,Q2,660,0.05606060606060606,0.5364463553644635,True,1.5545106586441755
chronos_bolt:e3,brent,Q3,660,0.06666666666666667,0.07589241075892411,True,1.8047253368078506
chronos_bolt:e3,brent,Q4,661,0.057488653555219364,0.4246575342465753,True,2.2550551323461283
chronos_bolt:e3,btc,Q1,827,0.07859733978234583,0.0006999300069993001,False,1.8693336511023628
chronos_bolt:e3,btc,Q2,827,0.06408706166868199,0.0771922807719228,True,1.9943870074784422
chronos_bolt:e3,btc,Q3,827,0.06408706166868199,0.0771922807719228,True,2.225079345740362
chronos_bolt:e3,btc,Q4,827,0.06408706166868199,0.0771922807719228,True,2.378807071718054
chronos_bolt:e3,copper,Q1,660,0.04393939393939394,0.48325167483251674,True,0.9336862920749543
chronos_bolt:e3,copper,Q2,660,0.06212121212121212,0.1785821417858214,True,1.1298824175094524
chronos_bolt:e3,copper,Q3,660,0.05909090909090909,0.3321667833216678,True,1.2206849984927008
chronos_bolt:e3,copper,Q4,660,0.0803030303030303,0.0010998900109989002,False,1.6403510778530848
chronos_bolt:e3,csi300,Q1,545,0.06422018348623854,0.1698830116988301,True,0.9229077471838889
chronos_bolt:e3,csi300,Q2,545,0.05504587155963303,0.6208379162083791,True,1.058781525328105
chronos_bolt:e3,csi300,Q3,545,0.062385321100917435,0.20267973202679732,True,1.3367729741461576
chronos_bolt:e3,csi300,Q4,545,0.06605504587155964,0.11498850114988501,True,1.6280828317176264
chronos_bolt:e3,dax,Q1,666,0.11261261261261261,9.999000099990002e-05,False,0.9111450603115807
chronos_bolt:e3,dax,Q2,666,0.07357357357357357,0.0100989901009899,False,0.6336769471199547
chronos_bolt:e3,dax,Q3,666,0.06756756756756757,0.0494950504949505,False,0.955296252119886
chronos_bolt:e3,dax,Q4,667,0.0734632683658171,0.0103989601039896,False,1.5670768021557921
chronos_bolt:e3,dgs10,Q1,656,0.04878048780487805,0.9277072292770723,True,2.0309992792809393
chronos_bolt:e3,dgs10,Q2,656,0.06554878048780488,0.0882911708829117,True,2.302533481422775
chronos_bolt:e3,dgs10,Q3,656,0.06707317073170732,0.05909409059094091,True,2.402538971490697
chronos_bolt:e3,dgs10,Q4,657,0.0426179604261796,0.42145785421457854,True,2.6829219382958396
chronos_bolt:e3,dgs2,Q1,656,0.056402439024390245,0.48205179482051796,True,1.5310246664372853
chronos_bolt:e3,dgs2,Q2,656,0.0701219512195122,0.03189681031896811,False,
chronos_bolt:e3,dgs2,Q3,656,0.06402439024390244,0.12938706129387062,True,
chronos_bolt:e3,dgs2,Q4,657,0.0487062404870624,0.9286071392860714,True,2.9665768760125695
chronos_bolt:e3,dgs30,Q1,656,0.06554878048780488,0.0882911708829117,True,
chronos_bolt:e3,dgs30,Q2,656,0.06707317073170732,0.05909409059094091,True,
chronos_bolt:e3,dgs30,Q3,656,0.056402439024390245,0.48205179482051796,True,
chronos_bolt:e3,dgs30,Q4,657,0.0624048706240487,0.17588241175882413,True,
chronos_bolt:e3,dgs5,Q1,656,0.05945121951219512,0.2886711328867113,True,1.9356883235699807
chronos_bolt:e3,dgs5,Q2,656,0.06097560975609756,0.24987501249875013,True,2.283024414374291
chronos_bolt:e3,dgs5,Q3,656,0.056402439024390245,0.48205179482051796,True,2.431833070774184
chronos_bolt:e3,dgs5,Q4,657,0.0487062404870624,0.9286071392860714,True,2.861054237626011
chronos_bolt:e3,eth,Q1,540,0.06481481481481481,0.1391860813918608,True,1.9027547624450942
chronos_bolt:e3,eth,Q2,539,0.07606679035250463,0.0103989601039896,False,2.291232994826489
chronos_bolt:e3,eth,Q3,540,0.06481481481481481,0.1391860813918608,True,2.2030591107933173
chronos_bolt:e3,eth,Q4,540,0.07037037037037037,0.047495250474952504,False,2.5435413282257815
chronos_bolt:e3,ftse,Q1,663,0.06485671191553545,0.10438956104389562,True,0.4212954668275716
chronos_bolt:e3,ftse,Q2,663,0.07239819004524888,0.0156984301569843,False,0.5954404993514371
chronos_bolt:e3,ftse,Q3,663,0.058823529411764705,0.3183681631836816,True,0.6985758093974681
chronos_bolt:e3,ftse,Q4,663,0.07692307692307693,0.0031996800319968005,False,1.3305593733267462
chronos_bolt:e3,gbpusd,Q1,684,0.0804093567251462,0.000999900009999,False,0.1880685694426899
chronos_bolt:e3,gbpusd,Q2,683,0.0629575402635432,0.1381861813818618,True,-0.0014219198095762316
chronos_bolt:e3,gbpusd,Q3,683,0.05856515373352855,0.33756624337566243,True,0.22817831529092128
chronos_bolt:e3,gbpusd,Q4,684,0.06140350877192982,0.1845815418458154,True,0.6440486024022977
chronos_bolt:e3,gold,Q1,660,0.07121212121212121,0.021397860213978603,False,0.5919584413128179
chronos_bolt:e3,gold,Q2,659,0.06069802731411229,0.24997500249975002,True,0.8224533088008606
chronos_bolt:e3,gold,Q3,660,0.07272727272727272,0.013398660133986601,False,0.9451892026185349
chronos_bolt:e3,gold,Q4,660,0.06666666666666667,0.07589241075892411,True,1.2292824617938922
chronos_bolt:e3,hsi,Q1,645,0.08062015503875969,0.0012998700129987,False,0.887425285845361
chronos_bolt:e3,hsi,Q2,645,0.05891472868217054,0.31856814318568144,True,0.893994338987076
chronos_bolt:e3,hsi,Q3,645,0.06666666666666667,0.07089291070892911,True,1.1306237183392243
chronos_bolt:e3,hsi,Q4,645,0.07596899224806201,0.0045995400459954,False,1.645156377446539
chronos_bolt:e3,jnj,Q1,660,0.06363636363636363,0.126987301269873,True,0.700034821471056
chronos_bolt:e3,jnj,Q2,659,0.06828528072837632,0.0491950804919508,False,0.9368640850338738
chronos_bolt:e3,jnj,Q3,660,0.05757575757575758,0.42555744425557446,True,1.0223435745422613
chronos_bolt:e3,jnj,Q4,660,0.0893939393939394,0.00019998000199980003,False,1.2645182542961895
chronos_bolt:e3,jpm,Q1,660,0.06212121212121212,0.1785821417858214,True,1.1342471654561792
chronos_bolt:e3,jpm,Q2,659,0.048558421851289835,0.9301069893010699,True,1.124443108023459
chronos_bolt:e3,jpm,Q3,660,0.08333333333333333,0.00019998000199980003,False,1.3617015465810716
chronos_bolt:e3,jpm,Q4,660,0.06060606060606061,0.24697530246975302,True,1.5650192917206782
chronos_bolt:e3,ltc,Q1,827,0.06287787182587666,0.10748925107489252,True,2.125516407521452
chronos_bolt:e3,ltc,Q2,827,0.06771463119709795,0.0316968303169683,False,2.3694656801293883
chronos_bolt:e3,ltc,Q3,827,0.0761789600967352,0.0017998200179982,False,2.489759433695079
chronos_bolt:e3,ltc,Q4,827,0.06529625151148731,0.054094590540945904,True,2.73076296619954
chronos_bolt:e3,msft,Q1,660,0.07575757575757576,0.005499450054994501,False,1.0676531204530326
chronos_bolt:e3,msft,Q2,659,0.08801213960546282,9.999000099990002e-05,False,1.2156146026330021
chronos_bolt:e3,msft,Q3,660,0.06666666666666667,0.07589241075892411,True,1.4258125649025326
chronos_bolt:e3,msft,Q4,660,0.07575757575757576,0.005499450054994501,False,1.6558178554863072
chronos_bolt:e3,natgas,Q1,660,0.05909090909090909,0.3321667833216678,True,1.4258210637353395
chronos_bolt:e3,natgas,Q2,660,0.06212121212121212,0.1785821417858214,True,2.037590196826957
chronos_bolt:e3,natgas,Q3,660,0.06060606060606061,0.24697530246975302,True,2.1457959915234555
chronos_bolt:e3,natgas,Q4,661,0.08472012102874432,0.00019998000199980003,False,2.735390511754585
chronos_bolt:e3,ndx,Q1,660,0.05454545454545454,0.6586341365863414,True,0.9005899566299543
chronos_bolt:e3,ndx,Q2,659,0.07283763277693475,0.012798720127987202,False,1.0010700638629373
chronos_bolt:e3,ndx,Q3,660,0.0696969696969697,0.0327967203279672,False,1.2193012871026012
chronos_bolt:e3,ndx,Q4,660,0.07878787878787878,0.0014998500149985001,False,1.5634195066259942
chronos_bolt:e3,nikkei,Q1,642,0.07320872274143302,0.013398660133986601,False,0.8233556575587478
chronos_bolt:e3,nikkei,Q2,641,0.060842433697347896,0.23987601239876014,True,0.8549582874624029
chronos_bolt:e3,nikkei,Q3,641,0.07956318252730109,0.0016998300169983002,False,1.211786651105563
chronos_bolt:e3,nikkei,Q4,642,0.07476635514018691,0.007899210078992101,False,1.625043529436402
chronos_bolt:e3,nvda,Q1,660,0.07424242424242425,0.009099090090990901,False,1.6827916705086872
chronos_bolt:e3,nvda,Q2,659,0.057663125948406675,0.4253574642535746,True,1.7106366823513284
chronos_bolt:e3,nvda,Q3,660,0.09242424242424242,9.999000099990002e-05,False,2.0210637029291445
chronos_bolt:e3,nvda,Q4,660,0.07878787878787878,0.0014998500149985001,False,2.199686129169014
chronos_bolt:e3,rut,Q1,660,0.07727272727272727,0.0026997300269973002,False,0.931503462705154
chronos_bolt:e3,rut,Q2,659,0.0622154779969651,0.18248175182481752,True,1.0396932701960544
chronos_bolt:e3,rut,Q3,660,0.07424242424242425,0.009099090090990901,False,1.1935776695016127
chronos_bolt:e3,rut,Q4,660,0.06515151515151515,0.09049095090490951,True,1.506785558183615
chronos_bolt:e3,spx,Q1,660,0.06212121212121212,0.1785821417858214,True,0.6421863278203497
chronos_bolt:e3,spx,Q2,659,0.05007587253414264,1.0,True,0.5843806175635782
chronos_bolt:e3,spx,Q3,660,0.0803030303030303,0.0010998900109989002,False,0.8647314972863671
chronos_bolt:e3,spx,Q4,660,0.06818181818181818,0.05019498050194981,True,1.391692296497117
chronos_bolt:e3,usdcad,Q1,684,0.07894736842105263,0.0017998200179982,False,-0.36522913160249854
chronos_bolt:e3,usdcad,Q2,683,0.07320644216691069,0.0100989901009899,False,-0.04067857275933238
chronos_bolt:e3,usdcad,Q3,683,0.0746705710102489,0.0059994000599940004,False,-0.029450811729711576
chronos_bolt:e3,usdcad,Q4,684,0.06578947368421052,0.0771922807719228,True,0.3189302713162989
chronos_bolt:e3,usdchf,Q1,683,0.08638360175695461,9.999000099990002e-05,False,0.0012175979487937707
chronos_bolt:e3,usdchf,Q2,683,0.07174231332357248,0.017998200179982,False,0.1090308873118347
chronos_bolt:e3,usdchf,Q3,683,0.07320644216691069,0.0100989901009899,False,0.09219719289881552
chronos_bolt:e3,usdchf,Q4,684,0.07309941520467836,0.010998900109989001,False,0.3872268172969984
chronos_bolt:e3,wmt,Q1,660,0.07727272727272727,0.0026997300269973002,False,0.9246715076998921
chronos_bolt:e3,wmt,Q2,659,0.07283763277693475,0.012798720127987202,False,0.9866320242440224
chronos_bolt:e3,wmt,Q3,660,0.08484848484848485,0.00019998000199980003,False,1.3092405649386996
chronos_bolt:e3,wmt,Q4,660,0.07424242424242425,0.009099090090990901,False,1.353859297587581
chronos_bolt:e3,xom,Q1,660,0.06818181818181818,0.05019498050194981,True,0.8590588776983136
chronos_bolt:e3,xom,Q2,659,0.06069802731411229,0.24997500249975002,True,1.1524986662811338
chronos_bolt:e3,xom,Q3,660,0.06666666666666667,0.07589241075892411,True,1.4820623434689975
chronos_bolt:e3,xom,Q4,660,0.06363636363636363,0.126987301269873,True,1.7228695449903282
chronos_bolt:e3,xrp,Q1,540,0.04814814814814815,0.8484151584841516,True,1.8704381590041081
chronos_bolt:e3,xrp,Q2,539,0.07606679035250463,0.0103989601039896,False,2.300842799751991
chronos_bolt:e3,xrp,Q3,540,0.06851851851851852,0.0761923807619238,True,2.186437852341154
chronos_bolt:e3,xrp,Q4,540,0.07962962962962963,0.0032996700329967,False,2.777985549170699
chronos_2:e3,aapl,Q1,660,0.051515151515151514,0.9301069893010699,True,1.0954878115949909
chronos_2:e3,aapl,Q2,659,0.04552352048558422,0.6561343865613438,True,1.1801848474880414
chronos_2:e3,aapl,Q3,660,0.04242424242424243,0.37936206379362064,True,1.3145657690359895
chronos_2:e3,aapl,Q4,660,0.05303030303030303,0.7902209779022098,True,1.8011416640368028
chronos_2:e3,amzn,Q1,660,0.05454545454545454,0.6586341365863414,True,1.1770530232415701
chronos_2:e3,amzn,Q2,659,0.06676783004552352,0.058894110588941104,True,1.376335325734356
chronos_2:e3,amzn,Q3,660,0.06212121212121212,0.1785821417858214,True,1.5260684676416563
chronos_2:e3,amzn,Q4,660,0.03636363636363636,0.10978902109789021,True,1.7884654794899364
chronos_2:e3,audusd,Q1,684,0.059941520467836254,0.25207479252074794,True,0.09227142952723308
chronos_2:e3,audusd,Q2,683,0.05856515373352855,0.33756624337566243,True,0.4259073988924112
chronos_2:e3,audusd,Q3,683,0.06442166910688141,0.11708829117088292,True,0.29132385550864937
chronos_2:e3,audusd,Q4,684,0.02631578947368421,0.0024997500249975004,False,0.4644743400280726
chronos_2:e3,brent,Q1,660,0.06515151515151515,0.09049095090490951,True,1.4333753235576543
chronos_2:e3,brent,Q2,660,0.05,1.0,True,1.53720448712874
chronos_2:e3,brent,Q3,660,0.05454545454545454,0.6586341365863414,True,1.799965386977816
chronos_2:e3,brent,Q4,661,0.04236006051437216,0.37796220377962203,True,2.3236590644315935
chronos_2:e3,btc,Q1,827,0.060459492140266025,0.1964803519648035,True,1.8364886466631734
chronos_2:e3,btc,Q2,827,0.04836759371221282,0.875012498750125,True,1.985680568241316
chronos_2:e3,btc,Q3,827,0.05804111245465538,0.33826617338266174,True,2.2415247540251864
chronos_2:e3,btc,Q4,827,0.04353083434099154,0.4226577342265773,True,2.3652406382500932
chronos_2:e3,copper,Q1,660,0.025757575757575757,0.0020997900209979003,False,0.9456182256302402
chronos_2:e3,copper,Q2,660,0.04696969696969697,0.7254274572542746,True,1.105814569315
chronos_2:e3,copper,Q3,660,0.04393939393939394,0.48325167483251674,True,1.8355536545442612
chronos_2:e3,copper,Q4,660,0.04242424242424243,0.37936206379362064,True,1.5793250511920474
chronos_2:e3,csi300,Q1,545,0.05321100917431193,0.7674232576742326,True,0.9365382990525574
chronos_2:e3,csi300,Q2,545,0.04036697247706422,0.32926707329267074,True,1.092259478761605
chronos_2:e3,csi300,Q3,545,0.060550458715596334,0.2793720627937206,True,1.2958191947236015
chronos_2:e3,csi300,Q4,545,0.05504587155963303,0.6208379162083791,True,1.5434788360376335
chronos_2:e3,dax,Q1,666,0.1036036036036036,9.999000099990002e-05,False,0.8049618891403401
chronos_2:e3,dax,Q2,666,0.04504504504504504,0.5951404859514049,True,0.6682871137081206
chronos_2:e3,dax,Q3,666,0.04804804804804805,0.8612138786121388,True,0.9431473920253691
chronos_2:e3,dax,Q4,667,0.038980509745127435,0.18648135186481352,True,1.4142902519346532
chronos_2:e3,dgs10,Q1,656,0.042682926829268296,0.43175682431756823,True,2.0329768342160808
chronos_2:e3,dgs10,Q2,656,0.056402439024390245,0.48205179482051796,True,2.268317522256981
chronos_2:e3,dgs10,Q3,656,0.057926829268292686,0.37746225377462256,True,2.415202136604748
chronos_2:e3,dgs10,Q4,657,0.0319634703196347,0.024897510248975102,False,2.6885915097029516
chronos_2:e3,dgs2,Q1,656,0.0625,0.18348165183481652,True,1.521714464100012
chronos_2:e3,dgs2,Q2,656,0.053353658536585365,0.7232276772322768,True,
chronos_2:e3,dgs2,Q3,656,0.05030487804878049,1.0,True,
chronos_2:e3,dgs2,Q4,657,0.0319634703196347,0.024897510248975102,False,3.0389227636208145
chronos_2:e3,dgs30,Q1,656,0.05945121951219512,0.2886711328867113,True,
chronos_2:e3,dgs30,Q2,656,0.053353658536585365,0.7232276772322768,True,
chronos_2:e3,dgs30,Q3,656,0.039634146341463415,0.21707829217078292,True,
chronos_2:e3,dgs30,Q4,657,0.0426179604261796,0.42145785421457854,True,
chronos_2:e3,dgs5,Q1,656,0.04725609756097561,0.791020897910209,True,1.9227494746394875
chronos_2:e3,dgs5,Q2,656,0.04878048780487805,0.9277072292770723,True,2.29227159496931
chronos_2:e3,dgs5,Q3,656,0.04878048780487805,0.9277072292770723,True,2.4716355895582196
chronos_2:e3,dgs5,Q4,657,0.0319634703196347,0.024897510248975102,False,2.8961418194648907
chronos_2:e3,eth,Q1,540,0.05185185185185185,0.9226077392260774,True,1.8865177178289216
chronos_2:e3,eth,Q2,539,0.07235621521335807,0.031796820317968204,False,2.3184815686761775
chronos_2:e3,eth,Q3,540,0.05925925925925926,0.37816218378162186,True,2.186242636927301
chronos_2:e3,eth,Q4,540,0.046296296296296294,0.7051294870512949,True,2.5566383972380753
chronos_2:e3,ftse,Q1,663,0.04524886877828054,0.5954404559544045,True,0.43918177037674677
chronos_2:e3,ftse,Q2,663,0.06033182503770739,0.24317568243175683,True,0.5780504617405587
chronos_2:e3,ftse,Q3,663,0.043740573152337855,0.47365263473652636,True,0.6730009065686724
chronos_2:e3,ftse,Q4,663,0.05128205128205128,0.9287071292870713,True,1.1689812784457785
chronos_2:e3,gbpusd,Q1,684,0.06286549707602339,0.15728427157284272,True,0.10809310374324063
chronos_2:e3,gbpusd,Q2,683,0.043923865300146414,0.49095090490950904,True,0.042200218893093416
chronos_2:e3,gbpusd,Q3,683,0.04538799414348463,0.6065393460653935,True,0.2378004658745449
chronos_2:e3,gbpusd,Q4,684,0.038011695906432746,0.1351864813518648,True,0.6027289624215753
chronos_2:e3,gold,Q1,660,0.05,1.0,True,0.5510876928890169
chronos_2:e3,gold,Q2,659,0.03945371775417299,0.21737826217378262,True,0.771769641466616
chronos_2:e3,gold,Q3,660,0.05757575757575758,0.42555744425557446,True,0.8977281446780863
chronos_2:e3,gold,Q4,660,0.03636363636363636,0.10978902109789021,True,1.159323566387551
chronos_2:e3,hsi,Q1,645,0.06976744186046512,0.027097290270972903,False,0.8622957517499947
chronos_2:e3,hsi,Q2,645,0.04186046511627907,0.36766323367663234,True,0.8965564287498801
chronos_2:e3,hsi,Q3,645,0.05271317829457364,0.7843215678432157,True,1.0909564955178477
chronos_2:e3,hsi,Q4,645,0.04961240310077519,1.0,True,1.6247133200162898
chronos_2:e3,jnj,Q1,660,0.05303030303030303,0.7902209779022098,True,0.6832975346125905
chronos_2:e3,jnj,Q2,659,0.05311077389984825,0.7215278472152785,True,0.9158224613124503
chronos_2:e3,jnj,Q3,660,0.05,1.0,True,0.9970440974721424
chronos_2:e3,jnj,Q4,660,0.05,1.0,True,1.1761065089169065
chronos_2:e3,jpm,Q1,660,0.05909090909090909,0.3321667833216678,True,1.081337314142385
chronos_2:e3,jpm,Q2,659,0.04552352048558422,0.6561343865613438,True,1.1487043972362312
chronos_2:e3,jpm,Q3,660,0.06363636363636363,0.126987301269873,True,1.3211411942934383
chronos_2:e3,jpm,Q4,660,0.03636363636363636,0.10978902109789021,True,1.476759978957556
chronos_2:e3,ltc,Q1,827,0.05078597339782346,0.9424057594240576,True,2.0900603306544068
chronos_2:e3,ltc,Q2,827,0.04353083434099154,0.4226577342265773,True,2.3626096462032593
chronos_2:e3,ltc,Q3,827,0.05199516324062878,0.811018898110189,True,2.4931420163681657
chronos_2:e3,ltc,Q4,827,0.03869407496977025,0.1304869513048695,True,2.7652581715054967
chronos_2:e3,msft,Q1,660,0.05757575757575758,0.42555744425557446,True,1.024829865884585
chronos_2:e3,msft,Q2,659,0.07435508345978756,0.0103989601039896,False,1.182714539858717
chronos_2:e3,msft,Q3,660,0.05303030303030303,0.7902209779022098,True,1.3868446698340797
chronos_2:e3,msft,Q4,660,0.05,1.0,True,1.5745166325089257
chronos_2:e3,natgas,Q1,660,0.05,1.0,True,1.4342186921692848
chronos_2:e3,natgas,Q2,660,0.05454545454545454,0.6586341365863414,True,2.0106837924791114
chronos_2:e3,natgas,Q3,660,0.03787878787878788,0.1536846315368463,True,2.1806748261997315
chronos_2:e3,natgas,Q4,661,0.046898638426626324,0.720927907209279,True,2.6489847301853704
chronos_2:e3,ndx,Q1,660,0.05757575757575758,0.42555744425557446,True,0.9759468324564333
chronos_2:e3,ndx,Q2,659,0.0622154779969651,0.18248175182481752,True,0.982414835964856
chronos_2:e3,ndx,Q3,660,0.06363636363636363,0.126987301269873,True,1.125853409732836
chronos_2:e3,ndx,Q4,660,0.051515151515151514,0.9301069893010699,True,1.5198258399121432
chronos_2:e3,nikkei,Q1,642,0.06697819314641744,0.0665933406659334,True,0.8061136612936219
chronos_2:e3,nikkei,Q2,641,0.046801872074883,0.7133286671332867,True,0.8997322309194955
chronos_2:e3,nikkei,Q3,641,0.07020280811232449,0.030496950304969503,False,1.1867958603868927
chronos_2:e3,nikkei,Q4,642,0.0514018691588785,0.9273072692730727,True,1.5953222518017107
chronos_2:e3,nvda,Q1,660,0.06818181818181818,0.05019498050194981,True,1.6488651151994969
chronos_2:e3,nvda,Q2,659,0.042488619119878605,0.3812618738126187,True,1.6935913240306995
chronos_2:e3,nvda,Q3,660,0.06363636363636363,0.126987301269873,True,1.9415330760345304
chronos_2:e3,nvda,Q4,660,0.048484848484848485,0.8639136086391361,True,2.145959470577052
chronos_2:e3,rut,Q1,660,0.06666666666666667,0.07589241075892411,True,0.878475338140304
chronos_2:e3,rut,Q2,659,0.057663125948406675,0.4253574642535746,True,1.01422077934998
chronos_2:e3,rut,Q3,660,0.05454545454545454,0.6586341365863414,True,1.1601813546269157
chronos_2:e3,rut,Q4,660,0.045454545454545456,0.5998400159984002,True,1.3793989122508208
chronos_2:e3,spx,Q1,660,0.05757575757575758,0.42555744425557446,True,0.6992477608528992
chronos_2:e3,spx,Q2,659,0.051593323216995446,0.8551144885511449,True,0.6531898509014508
chronos_2:e3,spx,Q3,660,0.05606060606060606,0.5364463553644635,True,0.7831991108666426
chronos_2:e3,spx,Q4,660,0.03787878787878788,0.1536846315368463,True,1.370692520016054
chronos_2:e3,usdcad,Q1,684,0.05847953216374269,0.33266673332666735,True,-0.37543992942378085
chronos_2:e3,usdcad,Q2,683,0.05124450951683748,0.9316068393160684,True,-0.05386378757373992
chronos_2:e3,usdcad,Q3,683,0.05710102489019034,0.4336566343365663,True,-0.04776375800018561
chronos_2:e3,usdcad,Q4,684,0.049707602339181284,1.0,True,0.22967353037375482
chronos_2:e3,usdchf,Q1,683,0.07320644216691069,0.0100989901009899,False,-0.04468211631433749
chronos_2:e3,usdchf,Q2,683,0.06149341142020498,0.19238076192380762,True,0.08603924550300066
chronos_2:e3,usdchf,Q3,683,0.06442166910688141,0.11708829117088292,True,0.07275892992078106
chronos_2:e3,usdchf,Q4,684,0.04824561403508772,0.8585141485851415,True,0.32680981110665946
chronos_2:e3,wmt,Q1,660,0.05606060606060606,0.5364463553644635,True,0.8678661043099162
chronos_2:e3,wmt,Q2,659,0.05614567526555387,0.5338466153384661,True,0.9530293699353778
chronos_2:e3,wmt,Q3,660,0.05757575757575758,0.42555744425557446,True,1.230997359861907
chronos_2:e3,wmt,Q4,660,0.04242424242424243,0.37936206379362064,True,1.2612397939831324
chronos_2:e3,xom,Q1,660,0.05757575757575758,0.42555744425557446,True,0.8415460596885314
chronos_2:e3,xom,Q2,659,0.05311077389984825,0.7215278472152785,True,1.120182802192104
chronos_2:e3,xom,Q3,660,0.05303030303030303,0.7902209779022098,True,1.4122182247550619
chronos_2:e3,xom,Q4,660,0.04090909090909091,0.2903709629037096,True,1.6651527180706092
chronos_2:e3,xrp,Q1,540,0.05,1.0,True,1.8983070895739766
chronos_2:e3,xrp,Q2,539,0.055658627087198514,0.6243375662433757,True,2.2956049370973552
chronos_2:e3,xrp,Q3,540,0.04259259259259259,0.44045595440455954,True,2.2141533736408645
chronos_2:e3,xrp,Q4,540,0.03888888888888889,0.2430756924307569,True,2.6899527969689947
timesfm_2_5:e3,aapl,Q1,660,0.051515151515151514,0.9301069893010699,True,1.0164868731804635
timesfm_2_5:e3,aapl,Q2,659,0.05311077389984825,0.7215278472152785,True,1.2300906512306349
timesfm_2_5:e3,aapl,Q3,660,0.05454545454545454,0.6586341365863414,True,1.3041319158717521
timesfm_2_5:e3,aapl,Q4,660,0.08181818181818182,0.0004999500049995,False,1.836185856033937
timesfm_2_5:e3,amzn,Q1,660,0.04242424242424243,0.37936206379362064,True,1.1865722447223035
timesfm_2_5:e3,amzn,Q2,659,0.06676783004552352,0.058894110588941104,True,1.4331988172253436
timesfm_2_5:e3,amzn,Q3,660,0.06515151515151515,0.09049095090490951,True,1.5741585266226963
timesfm_2_5:e3,amzn,Q4,660,0.06818181818181818,0.05019498050194981,True,1.806130873667762
timesfm_2_5:e3,audusd,Q1,684,0.04678362573099415,0.7179282071792821,True,0.0718981656239557
timesfm_2_5:e3,audusd,Q2,683,0.05856515373352855,0.33756624337566243,True,0.42322769090184675
timesfm_2_5:e3,audusd,Q3,683,0.060029282576866766,0.2606739326067393,True,0.28883044566124855
timesfm_2_5:e3,audusd,Q4,684,0.05847953216374269,0.33266673332666735,True,0.4851307350482145
timesfm_2_5:e3,brent,Q1,660,0.05303030303030303,0.7902209779022098,True,1.38553902433936
timesfm_2_5:e3,brent,Q2,660,0.045454545454545456,0.5998400159984002,True,1.5245274028294733
timesfm_2_5:e3,brent,Q3,660,0.06363636363636363,0.126987301269873,True,1.7613192081447633
timesfm_2_5:e3,brent,Q4,661,0.07866868381240545,0.0026997300269973002,False,2.368129098548025
timesfm_2_5:e3,btc,Q1,827,0.053204353083434096,0.6868313168683132,True,1.7409089676770986
timesfm_2_5:e3,btc,Q2,827,0.05441354292623942,0.571942805719428,True,1.8957795771861543
timesfm_2_5:e3,btc,Q3,827,0.053204353083434096,0.6868313168683132,True,2.1639017617996927
timesfm_2_5:e3,btc,Q4,827,0.07013301088270858,0.0136986301369863,False,2.351311435407936
timesfm_2_5:e3,copper,Q1,660,0.024242424242424242,0.000999900009999,False,0.960880169775148
timesfm_2_5:e3,copper,Q2,660,0.048484848484848485,0.8639136086391361,True,1.1069463127619974
timesfm_2_5:e3,copper,Q3,660,0.04242424242424243,0.37936206379362064,True,1.2261973686117158
timesfm_2_5:e3,copper,Q4,660,0.08181818181818182,0.0004999500049995,False,1.6816604625773124
timesfm_2_5:e3,csi300,Q1,545,0.044036697247706424,0.557044295570443,True,0.9006009766321333
timesfm_2_5:e3,csi300,Q2,545,0.04036697247706422,0.32926707329267074,True,1.0489029648786432
timesfm_2_5:e3,csi300,Q3,545,0.05321100917431193,0.7674232576742326,True,1.2913421445090314
timesfm_2_5:e3,csi300,Q4,545,0.060550458715596334,0.2793720627937206,True,1.8784305479845522
timesfm_2_5:e3,dax,Q1,666,0.07657657657657657,0.004399560043995601,False,0.7294746110441404
timesfm_2_5:e3,dax,Q2,666,0.05405405405405406,0.6519348065193481,True,0.6617241849701337
timesfm_2_5:e3,dax,Q3,666,0.052552552552552555,0.7908209179082092,True,0.9482474993615501
timesfm_2_5:e3,dax,Q4,667,0.06446776611694154,0.1085891410858914,True,1.4769985870385938
timesfm_2_5:e3,dgs10,Q1,656,0.03201219512195122,0.026297370262973702,False,2.08587793979013
timesfm_2_5:e3,dgs10,Q2,656,0.042682926829268296,0.43175682431756823,True,2.2778345060776775
timesfm_2_5:e3,dgs10,Q3,656,0.04725609756097561,0.791020897910209,True,2.41895291452151
timesfm_2_5:e3,dgs10,Q4,657,0.0395738203957382,0.21107889211078892,True,2.7083652726753344
timesfm_2_5:e3,dgs2,Q1,656,0.03201219512195122,0.026297370262973702,False,1.5445400745743543
timesfm_2_5:e3,dgs2,Q2,656,0.04878048780487805,0.9277072292770723,True,
timesfm_2_5:e3,dgs2,Q3,656,0.04878048780487805,0.9277072292770723,True,
timesfm_2_5:e3,dgs2,Q4,657,0.0395738203957382,0.21107889211078892,True,2.9627111530998427
timesfm_2_5:e3,dgs30,Q1,656,0.04725609756097561,0.791020897910209,True,
timesfm_2_5:e3,dgs30,Q2,656,0.04420731707317073,0.5408459154084592,True,
timesfm_2_5:e3,dgs30,Q3,656,0.042682926829268296,0.43175682431756823,True,
timesfm_2_5:e3,dgs30,Q4,657,0.0578386605783866,0.36866313368663134,True,
timesfm_2_5:e3,dgs5,Q1,656,0.038109756097560975,0.1581841815818418,True,1.9756838014134375
timesfm_2_5:e3,dgs5,Q2,656,0.04725609756097561,0.791020897910209,True,2.2912980572633903
timesfm_2_5:e3,dgs5,Q3,656,0.04573170731707317,0.6572342765723428,True,2.471667407874204
timesfm_2_5:e3,dgs5,Q4,657,0.0395738203957382,0.21107889211078892,True,2.8875213068570296
timesfm_2_5:e3,eth,Q1,540,0.053703703703703705,0.7734226577342266,True,1.8820877379237648
timesfm_2_5:e3,eth,Q2,539,0.0686456400742115,0.059694030596940305,True,2.2408214372015114
timesfm_2_5:e3,eth,Q3,540,0.04814814814814815,0.8484151584841516,True,2.1529172015555207
timesfm_2_5:e3,eth,Q4,540,0.06111111111111111,0.2782721727827217,True,2.538515094782054
timesfm_2_5:e3,ftse,Q1,663,0.04675716440422323,0.7256274372562743,True,0.3456945658747815
timesfm_2_5:e3,ftse,Q2,663,0.06033182503770739,0.24317568243175683,True,0.5944316866245892
timesfm_2_5:e3,ftse,Q3,663,0.05279034690799397,0.7943205679432057,True,0.7033580949265559
timesfm_2_5:e3,ftse,Q4,663,0.0693815987933635,0.030096990300969902,False,1.2271884404125544
timesfm_2_5:e3,gbpusd,Q1,684,0.054093567251461985,0.6532346765323468,True,0.10046371744486715
timesfm_2_5:e3,gbpusd,Q2,683,0.03953147877013177,0.22617738226177383,True,0.03380891646506178
timesfm_2_5:e3,gbpusd,Q3,683,0.055636896046852125,0.5433456654334566,True,0.20892403421358674
timesfm_2_5:e3,gbpusd,Q4,684,0.059941520467836254,0.25207479252074794,True,0.5939659703472394
timesfm_2_5:e3,gold,Q1,660,0.04696969696969697,0.7254274572542746,True,0.5370525260942522
timesfm_2_5:e3,gold,Q2,659,0.04704097116843703,0.7898210178982101,True,0.7975412003595381
timesfm_2_5:e3,gold,Q3,660,0.06363636363636363,0.126987301269873,True,0.9235070794744643
timesfm_2_5:e3,gold,Q4,660,0.07121212121212121,0.021397860213978603,False,1.2439670525267126
timesfm_2_5:e3,hsi,Q1,645,0.05426356589147287,0.6532346765323468,True,0.8248895533253081
timesfm_2_5:e3,hsi,Q2,645,0.03875968992248062,0.17688231176882313,True,0.88830262566601
timesfm_2_5:e3,hsi,Q3,645,0.04961240310077519,1.0,True,1.1027398113010476
timesfm_2_5:e3,hsi,Q4,645,0.07751937984496124,0.0034996500349965005,False,1.6052222963189402
timesfm_2_5:e3,jnj,Q1,660,0.045454545454545456,0.5998400159984002,True,0.6559370148324141
timesfm_2_5:e3,jnj,Q2,659,0.051593323216995446,0.8551144885511449,True,0.9226564273544504
timesfm_2_5:e3,jnj,Q3,660,0.04242424242424243,0.37936206379362064,True,1.0326110215833517
timesfm_2_5:e3,jnj,Q4,660,0.0803030303030303,0.0010998900109989002,False,1.2429436455448815
timesfm_2_5:e3,jpm,Q1,660,0.05,1.0,True,1.0784407871375046
timesfm_2_5:e3,jpm,Q2,659,0.03945371775417299,0.21737826217378262,True,1.1111582861498541
timesfm_2_5:e3,jpm,Q3,660,0.07272727272727272,0.013398660133986601,False,1.3476672233634697
timesfm_2_5:e3,jpm,Q4,660,0.05909090909090909,0.3321667833216678,True,1.4719859154903356
timesfm_2_5:e3,ltc,Q1,827,0.0471584038694075,0.7506249375062494,True,2.072800186410075
timesfm_2_5:e3,ltc,Q2,827,0.049576783555018135,1.0,True,2.2898648185637485
timesfm_2_5:e3,ltc,Q3,827,0.05562273276904474,0.46755324467553244,True,2.483315128444257
timesfm_2_5:e3,ltc,Q4,827,0.07013301088270858,0.0136986301369863,False,2.7668919422801936
timesfm_2_5:e3,msft,Q1,660,0.051515151515151514,0.9301069893010699,True,1.0497016127383136
timesfm_2_5:e3,msft,Q2,659,0.06828528072837632,0.0491950804919508,False,1.161831068593082
timesfm_2_5:e3,msft,Q3,660,0.05303030303030303,0.7902209779022098,True,1.4036006488651218
timesfm_2_5:e3,msft,Q4,660,0.08484848484848485,0.00019998000199980003,False,1.654229149465943
timesfm_2_5:e3,natgas,Q1,660,0.03636363636363636,0.10978902109789021,True,1.4803291406561354
timesfm_2_5:e3,natgas,Q2,660,0.05606060606060606,0.5364463553644635,True,2.0282537344958773
timesfm_2_5:e3,natgas,Q3,660,0.04393939393939394,0.48325167483251674,True,2.20080698950406
timesfm_2_5:e3,natgas,Q4,661,0.08018154311649017,0.0010998900109989002,False,2.822752174718629
timesfm_2_5:e3,ndx,Q1,660,0.04696969696969697,0.7254274572542746,True,0.8272810519868882
timesfm_2_5:e3,ndx,Q2,659,0.06069802731411229,0.24997500249975002,True,0.9685050305391681
timesfm_2_5:e3,ndx,Q3,660,0.06818181818181818,0.05019498050194981,True,1.196311015374368
timesfm_2_5:e3,ndx,Q4,660,0.0893939393939394,0.00019998000199980003,False,1.6350606767875913
timesfm_2_5:e3,nikkei,Q1,642,0.0529595015576324,0.7877212278772123,True,0.7597908284610515
timesfm_2_5:e3,nikkei,Q2,641,0.0452418096723869,0.5882411758824118,True,0.8324087558948563
timesfm_2_5:e3,nikkei,Q3,641,0.06708268330733229,0.07039296070392961,True,1.1417946586501484
timesfm_2_5:e3,nikkei,Q4,642,0.07476635514018691,0.007899210078992101,False,1.611029676101269
timesfm_2_5:e3,nvda,Q1,660,0.05454545454545454,0.6586341365863414,True,1.6202599808287976
timesfm_2_5:e3,nvda,Q2,659,0.0409711684370258,0.2933706629337066,True,1.6868332716983754
timesfm_2_5:e3,nvda,Q3,660,0.07727272727272727,0.0026997300269973002,False,1.9715479766151272
timesfm_2_5:e3,nvda,Q4,660,0.08333333333333333,0.00019998000199980003,False,2.215660722826897
timesfm_2_5:e3,rut,Q1,660,0.05,1.0,True,0.8327953790717814
timesfm_2_5:e3,rut,Q2,659,0.051593323216995446,0.8551144885511449,True,1.009065824819864
timesfm_2_5:e3,rut,Q3,660,0.06212121212121212,0.1785821417858214,True,1.1972562998523781
timesfm_2_5:e3,rut,Q4,660,0.06212121212121212,0.1785821417858214,True,1.4591539168448986
timesfm_2_5:e3,spx,Q1,660,0.048484848484848485,0.8639136086391361,True,0.6011379922505843
timesfm_2_5:e3,spx,Q2,659,0.05007587253414264,1.0,True,0.5754787849368889
timesfm_2_5:e3,spx,Q3,660,0.06060606060606061,0.24697530246975302,True,0.8689236017703965
timesfm_2_5:e3,spx,Q4,660,0.0803030303030303,0.0010998900109989002,False,1.3992046389834183
timesfm_2_5:e3,usdcad,Q1,684,0.05263157894736842,0.783021697830217,True,-0.3874560542968841
timesfm_2_5:e3,usdcad,Q2,683,0.04538799414348463,0.6065393460653935,True,-0.07183968275687262
timesfm_2_5:e3,usdcad,Q3,683,0.05124450951683748,0.9316068393160684,True,-0.05534793457888303
timesfm_2_5:e3,usdcad,Q4,684,0.07309941520467836,0.010998900109989001,False,0.30944042188143184
timesfm_2_5:e3,usdchf,Q1,683,0.06588579795021962,0.08149185081491851,True,-0.10361351600751958
timesfm_2_5:e3,usdchf,Q2,683,0.055636896046852125,0.5433456654334566,True,0.07028060358055342
timesfm_2_5:e3,usdchf,Q3,683,0.0629575402635432,0.1381861813818618,True,0.09196265362982639
timesfm_2_5:e3,usdchf,Q4,684,0.06578947368421052,0.0771922807719228,True,0.3803323839262147
timesfm_2_5:e3,wmt,Q1,660,0.05303030303030303,0.7902209779022098,True,0.8616347474695786
timesfm_2_5:e3,wmt,Q2,659,0.0637329286798179,0.1311868813118688,True,0.9861824414626149
timesfm_2_5:e3,wmt,Q3,660,0.07727272727272727,0.0026997300269973002,False,1.2610595818885673
timesfm_2_5:e3,wmt,Q4,660,0.06666666666666667,0.07589241075892411,True,1.3360383971798857
timesfm_2_5:e3,xom,Q1,660,0.05303030303030303,0.7902209779022098,True,0.8691117125023213
timesfm_2_5:e3,xom,Q2,659,0.057663125948406675,0.4253574642535746,True,1.1309421598721825
timesfm_2_5:e3,xom,Q3,660,0.05909090909090909,0.3321667833216678,True,1.483192624392727
timesfm_2_5:e3,xom,Q4,660,0.06212121212121212,0.1785821417858214,True,1.7206671370398454
timesfm_2_5:e3,xrp,Q1,540,0.04814814814814815,0.8484151584841516,True,1.8824764082226924
timesfm_2_5:e3,xrp,Q2,539,0.05009276437847866,1.0,True,2.2379748556632606
timesfm_2_5:e3,xrp,Q3,540,0.04814814814814815,0.8484151584841516,True,2.2095546364362044
timesfm_2_5:e3,xrp,Q4,540,0.09074074074074075,0.00029997000299970003,False,2.8255569738343196
moirai_2_0:e3,aapl,Q1,660,0.05,1.0,True,1.0170928792953473
moirai_2_0:e3,aapl,Q2,659,0.03945371775417299,0.21737826217378262,True,1.2063646634985967
moirai_2_0:e3,aapl,Q3,660,0.04393939393939394,0.48325167483251674,True,1.2940801730191753
moirai_2_0:e3,aapl,Q4,660,0.07424242424242425,0.009099090090990901,False,1.786360839901191
moirai_2_0:e3,amzn,Q1,660,0.04090909090909091,0.2903709629037096,True,1.1934731200258173
moirai_2_0:e3,amzn,Q2,659,0.05007587253414264,1.0,True,1.41310276404542
moirai_2_0:e3,amzn,Q3,660,0.06060606060606061,0.24697530246975302,True,1.587442990938279
moirai_2_0:e3,amzn,Q4,660,0.06363636363636363,0.126987301269873,True,1.781459483796505
moirai_2_0:e3,audusd,Q1,684,0.039473684210526314,0.2186781321867813,True,0.07860348374826474
moirai_2_0:e3,audusd,Q2,683,0.04538799414348463,0.6065393460653935,True,0.4326000070066001
moirai_2_0:e3,audusd,Q3,683,0.055636896046852125,0.5433456654334566,True,0.27916461834267803
moirai_2_0:e3,audusd,Q4,684,0.059941520467836254,0.25207479252074794,True,0.4629688650285486
moirai_2_0:e3,brent,Q1,660,0.04242424242424243,0.37936206379362064,True,1.388465415563209
moirai_2_0:e3,brent,Q2,660,0.03636363636363636,0.10978902109789021,True,1.531523745366578
moirai_2_0:e3,brent,Q3,660,0.05303030303030303,0.7902209779022098,True,1.754430566081924
moirai_2_0:e3,brent,Q4,661,0.06656580937972768,0.07729227077292271,True,2.243366552496758
moirai_2_0:e3,btc,Q1,827,0.044740024183796856,0.5203479652034797,True,1.7718157407545907
moirai_2_0:e3,btc,Q2,827,0.04836759371221282,0.875012498750125,True,1.8831120129892764
moirai_2_0:e3,btc,Q3,827,0.049576783555018135,1.0,True,2.179880758658649
moirai_2_0:e3,btc,Q4,827,0.05804111245465538,0.33826617338266174,True,2.341581186410112
moirai_2_0:e3,copper,Q1,660,0.02878787878787879,0.0072992700729927005,False,0.9728320122220775
moirai_2_0:e3,copper,Q2,660,0.04393939393939394,0.48325167483251674,True,1.0923430551417381
moirai_2_0:e3,copper,Q3,660,0.05303030303030303,0.7902209779022098,True,1.2217500565551676
moirai_2_0:e3,copper,Q4,660,0.0696969696969697,0.0327967203279672,False,1.5860089151533634
moirai_2_0:e3,csi300,Q1,545,0.031192660550458717,0.0387961203879612,False,0.9213147408910572
moirai_2_0:e3,csi300,Q2,545,0.04036697247706422,0.32926707329267074,True,1.0615983574826084
moirai_2_0:e3,csi300,Q3,545,0.05688073394495413,0.4928507149285071,True,1.276143984256212
moirai_2_0:e3,csi300,Q4,545,0.06972477064220184,0.04659534046595341,False,1.6549146489981212
moirai_2_0:e3,dax,Q1,666,0.057057057057057055,0.42195780421957807,True,0.7185026227597651
moirai_2_0:e3,dax,Q2,666,0.042042042042042045,0.37106289371062895,True,0.6827494906964645
moirai_2_0:e3,dax,Q3,666,0.052552552552552555,0.7908209179082092,True,0.9674671724630385
moirai_2_0:e3,dax,Q4,667,0.05997001499250375,0.2876712328767123,True,1.4439023174769754
moirai_2_0:e3,dgs10,Q1,656,0.028963414634146343,0.0100989901009899,False,2.100659415475014
moirai_2_0:e3,dgs10,Q2,656,0.041158536585365856,0.3314668533146685,True,2.2819340947859916
moirai_2_0:e3,dgs10,Q3,656,0.051829268292682924,0.8611138886111389,True,2.401624204099126
moirai_2_0:e3,dgs10,Q4,657,0.045662100456621,0.6582341765823417,True,2.7287752807895442
moirai_2_0:e3,dgs2,Q1,656,0.025914634146341462,0.0017998200179982,False,1.6158056688613465
moirai_2_0:e3,dgs2,Q2,656,0.056402439024390245,0.48205179482051796,True,
moirai_2_0:e3,dgs2,Q3,656,0.042682926829268296,0.43175682431756823,True,
moirai_2_0:e3,dgs2,Q4,657,0.0441400304414003,0.5303469653034697,True,2.927608214033587
moirai_2_0:e3,dgs30,Q1,656,0.04725609756097561,0.791020897910209,True,
moirai_2_0:e3,dgs30,Q2,656,0.04420731707317073,0.5408459154084592,True,
moirai_2_0:e3,dgs30,Q3,656,0.04573170731707317,0.6572342765723428,True,
moirai_2_0:e3,dgs30,Q4,657,0.0639269406392694,0.12758724127587243,True,
moirai_2_0:e3,dgs5,Q1,656,0.039634146341463415,0.21707829217078292,True,1.9717426894513508
moirai_2_0:e3,dgs5,Q2,656,0.04573170731707317,0.6572342765723428,True,2.30048130568485
moirai_2_0:e3,dgs5,Q3,656,0.039634146341463415,0.21707829217078292,True,2.4589038922284856
moirai_2_0:e3,dgs5,Q4,657,0.0426179604261796,0.42145785421457854,True,2.9086448085139964
moirai_2_0:e3,eth,Q1,540,0.05,1.0,True,1.9544090895585162
moirai_2_0:e3,eth,Q2,539,0.06679035250463822,0.09219078092190781,True,2.2389183844103875
moirai_2_0:e3,eth,Q3,540,0.053703703703703705,0.7734226577342266,True,2.1722563842901685
moirai_2_0:e3,eth,Q4,540,0.05555555555555555,0.6286371362863714,True,2.511480512686504
moirai_2_0:e3,ftse,Q1,663,0.03619909502262444,0.08919108089191082,True,0.3815484871785823
moirai_2_0:e3,ftse,Q2,663,0.05580693815987934,0.5281471852814719,True,0.6001068359709548
moirai_2_0:e3,ftse,Q3,663,0.04675716440422323,0.7256274372562743,True,0.7129294680780834
moirai_2_0:e3,ftse,Q4,663,0.06485671191553545,0.10438956104389562,True,1.1655254841762244
moirai_2_0:e3,gbpusd,Q1,684,0.04824561403508772,0.8585141485851415,True,0.08566492052636673
moirai_2_0:e3,gbpusd,Q2,683,0.03367496339677892,0.046995300469953004,False,0.06669202029472145
moirai_2_0:e3,gbpusd,Q3,683,0.05124450951683748,0.9316068393160684,True,0.2175559639809449
moirai_2_0:e3,gbpusd,Q4,684,0.05555555555555555,0.5331466853314668,True,0.6040508645327968
moirai_2_0:e3,gold,Q1,660,0.04242424242424243,0.37936206379362064,True,0.5364591128013999
moirai_2_0:e3,gold,Q2,659,0.03945371775417299,0.21737826217378262,True,0.805080307426599
moirai_2_0:e3,gold,Q3,660,0.0696969696969697,0.0327967203279672,False,0.9183030310658161
moirai_2_0:e3,gold,Q4,660,0.0696969696969697,0.0327967203279672,False,1.2183899581384305
moirai_2_0:e3,hsi,Q1,645,0.040310077519379844,0.27757224277572246,True,0.8356712045042396
moirai_2_0:e3,hsi,Q2,645,0.03565891472868217,0.0867913208679132,True,0.8907081089189066
moirai_2_0:e3,hsi,Q3,645,0.04806201550387597,0.8541145885411459,True,1.096539313565623
moirai_2_0:e3,hsi,Q4,645,0.06976744186046512,0.027097290270972903,False,1.544937034177208
moirai_2_0:e3,jnj,Q1,660,0.03484848484848485,0.063993600639936,True,0.6802116430677965
moirai_2_0:e3,jnj,Q2,659,0.051593323216995446,0.8551144885511449,True,0.897137792808292
moirai_2_0:e3,jnj,Q3,660,0.04242424242424243,0.37936206379362064,True,1.009780880841802
moirai_2_0:e3,jnj,Q4,660,0.06666666666666667,0.07589241075892411,True,1.224995972482381
moirai_2_0:e3,jpm,Q1,660,0.04393939393939394,0.48325167483251674,True,1.0794479100915286
moirai_2_0:e3,jpm,Q2,659,0.03186646433990895,0.026997300269973004,False,1.1324513201505846
moirai_2_0:e3,jpm,Q3,660,0.05909090909090909,0.3321667833216678,True,1.3067794963666663
moirai_2_0:e3,jpm,Q4,660,0.048484848484848485,0.8639136086391361,True,1.506355988206515
moirai_2_0:e3,ltc,Q1,827,0.0471584038694075,0.7506249375062494,True,2.1140284310943214
moirai_2_0:e3,ltc,Q2,827,0.041112454655380895,0.23077692230776922,True,2.3131250271962758
moirai_2_0:e3,ltc,Q3,827,0.0592503022974607,0.2622737726227377,True,2.4858169919948683
moirai_2_0:e3,ltc,Q4,827,0.06166868198307134,0.1491850814918508,True,2.7624165136214214
moirai_2_0:e3,msft,Q1,660,0.04393939393939394,0.48325167483251674,True,1.042085204345827
moirai_2_0:e3,msft,Q2,659,0.057663125948406675,0.4253574642535746,True,1.1531756499160442
moirai_2_0:e3,msft,Q3,660,0.048484848484848485,0.8639136086391361,True,1.406926136466868
moirai_2_0:e3,msft,Q4,660,0.0696969696969697,0.0327967203279672,False,1.6184197189589584
moirai_2_0:e3,natgas,Q1,660,0.024242424242424242,0.000999900009999,False,1.5213936601251645
moirai_2_0:e3,natgas,Q2,660,0.03939393939393939,0.21457854214578542,True,2.032440224524529
moirai_2_0:e3,natgas,Q3,660,0.04090909090909091,0.2903709629037096,True,2.177835703026914
moirai_2_0:e3,natgas,Q4,661,0.07413010590015129,0.008799120087991202,False,2.792101322122459
moirai_2_0:e3,ndx,Q1,660,0.03636363636363636,0.10978902109789021,True,0.8078753994143602
moirai_2_0:e3,ndx,Q2,659,0.03338391502276176,0.0420957904209579,False,0.951652481002297
moirai_2_0:e3,ndx,Q3,660,0.06363636363636363,0.126987301269873,True,1.198195986933785
moirai_2_0:e3,ndx,Q4,660,0.07727272727272727,0.0026997300269973002,False,1.56115221967232
moirai_2_0:e3,nikkei,Q1,642,0.04361370716510903,0.47325267473252675,True,0.7921895294973172
moirai_2_0:e3,nikkei,Q2,641,0.0405616224648986,0.28157184281571845,True,0.8338146382400953
moirai_2_0:e3,nikkei,Q3,641,0.06396255850234009,0.12398760123987601,True,1.1518880537066905
moirai_2_0:e3,nikkei,Q4,642,0.06386292834890965,0.1212878712128787,True,1.5258314739565615
moirai_2_0:e3,nvda,Q1,660,0.05,1.0,True,1.675374687727996
moirai_2_0:e3,nvda,Q2,659,0.036418816388467376,0.11078892110788921,True,1.688210014677703
moirai_2_0:e3,nvda,Q3,660,0.06212121212121212,0.1785821417858214,True,1.9435091655639711
moirai_2_0:e3,nvda,Q4,660,0.07272727272727272,0.013398660133986601,False,2.1974163547886567
moirai_2_0:e3,rut,Q1,660,0.04090909090909091,0.2903709629037096,True,0.831723308169593
moirai_2_0:e3,rut,Q2,659,0.04400606980273141,0.48175182481751827,True,1.0174452302993318
moirai_2_0:e3,rut,Q3,660,0.05454545454545454,0.6586341365863414,True,1.188798149155419
moirai_2_0:e3,rut,Q4,660,0.06060606060606061,0.24697530246975302,True,1.4709128618558087
moirai_2_0:e3,spx,Q1,660,0.03636363636363636,0.10978902109789021,True,0.5876417632876418
moirai_2_0:e3,spx,Q2,659,0.021244309559939303,0.00029997000299970003,False,0.5977533878285937
moirai_2_0:e3,spx,Q3,660,0.05757575757575758,0.42555744425557446,True,0.8932095589517187
moirai_2_0:e3,spx,Q4,660,0.06363636363636363,0.126987301269873,True,1.3173022235208964
moirai_2_0:e3,usdcad,Q1,684,0.033625730994152045,0.0410958904109589,False,-0.37262402999119615
moirai_2_0:e3,usdcad,Q2,683,0.03074670571010249,0.0150984901509849,False,-0.07235055467700577
moirai_2_0:e3,usdcad,Q3,683,0.0424597364568082,0.3872612738726127,True,-0.03570413528907249
moirai_2_0:e3,usdcad,Q4,684,0.06725146198830409,0.0504949505049495,True,0.3570929307250394
moirai_2_0:e3,usdchf,Q1,683,0.0527086383601757,0.792020797920208,True,-0.1147985291688269
moirai_2_0:e3,usdchf,Q2,683,0.04978038067349927,1.0,True,0.056592331571438274
moirai_2_0:e3,usdchf,Q3,683,0.05417276720351391,0.662933706629337,True,0.07429926611431133
moirai_2_0:e3,usdchf,Q4,684,0.05847953216374269,0.33266673332666735,True,0.3572286690482235
moirai_2_0:e3,wmt,Q1,660,0.04242424242424243,0.37936206379362064,True,0.8670207823352393
moirai_2_0:e3,wmt,Q2,659,0.05918057663125948,0.3324667533246675,True,0.9915890492708463
moirai_2_0:e3,wmt,Q3,660,0.07424242424242425,0.009099090090990901,False,1.230900555186249
moirai_2_0:e3,wmt,Q4,660,0.06060606060606061,0.24697530246975302,True,1.2728964416933044
moirai_2_0:e3,xom,Q1,660,0.04242424242424243,0.37936206379362064,True,0.8550756532173265
moirai_2_0:e3,xom,Q2,659,0.04552352048558422,0.6561343865613438,True,1.1425169134533426
moirai_2_0:e3,xom,Q3,660,0.05606060606060606,0.5364463553644635,True,1.4411718331933026
moirai_2_0:e3,xom,Q4,660,0.05454545454545454,0.6586341365863414,True,1.6837547890373763
moirai_2_0:e3,xrp,Q1,540,0.037037037037037035,0.17168283171682833,True,1.9178999082847075
moirai_2_0:e3,xrp,Q2,539,0.05009276437847866,1.0,True,2.233979064158432
moirai_2_0:e3,xrp,Q3,540,0.044444444444444446,0.5654434556544345,True,2.197755122716858
moirai_2_0:e3,xrp,Q4,540,0.07962962962962963,0.0032996700329967,False,2.8360811679482714
lag_llama:e3,aapl,Q1,660,0.06212121212121212,0.1785821417858214,True,1.0362858663554022
lag_llama:e3,aapl,Q2,659,0.06828528072837632,0.0491950804919508,False,1.3030027989147392
lag_llama:e3,aapl,Q3,660,0.0803030303030303,0.0010998900109989002,False,1.4651887426043482
lag_llama:e3,aapl,Q4,660,0.12424242424242424,9.999000099990002e-05,False,2.481184221779608
lag_llama:e3,amzn,Q1,660,0.051515151515151514,0.9301069893010699,True,1.2657767764920103
lag_llama:e3,amzn,Q2,659,0.08801213960546282,9.999000099990002e-05,False,1.5167474467598627
lag_llama:e3,amzn,Q3,660,0.09242424242424242,9.999000099990002e-05,False,1.7889947992592734
lag_llama:e3,amzn,Q4,660,0.10757575757575757,9.999000099990002e-05,False,2.094468668224623
lag_llama:e3,audusd,Q1,684,0.07309941520467836,0.010998900109989001,False,0.13440471743088642
lag_llama:e3,audusd,Q2,683,0.0849194729136164,9.999000099990002e-05,False,0.6321736231453965
lag_llama:e3,audusd,Q3,683,0.09956076134699854,9.999000099990002e-05,False,0.46461271541940946
lag_llama:e3,audusd,Q4,684,0.12719298245614036,9.999000099990002e-05,False,0.8007398339992088
lag_llama:e3,brent,Q1,660,0.05606060606060606,0.5364463553644635,True,1.473971673921709
lag_llama:e3,brent,Q2,660,0.05757575757575758,0.42555744425557446,True,1.55629257184918
lag_llama:e3,brent,Q3,660,0.10454545454545454,9.999000099990002e-05,False,2.0483643266564195
lag_llama:e3,brent,Q4,661,0.14674735249621784,9.999000099990002e-05,False,2.695081959352544
lag_llama:e3,btc,Q1,827,0.0592503022974607,0.2622737726227377,True,1.8543962696519525
lag_llama:e3,btc,Q2,827,0.07134220072551391,0.008799120087991202,False,1.9996167606539805
lag_llama:e3,btc,Q3,827,0.07980652962515115,0.0004999500049995,False,2.311847272849983
lag_llama:e3,btc,Q4,827,0.11124546553808948,9.999000099990002e-05,False,2.7778602111668174
lag_llama:e3,copper,Q1,660,0.05303030303030303,0.7902209779022098,True,1.004231164498891
lag_llama:e3,copper,Q2,660,0.08333333333333333,0.00019998000199980003,False,1.169944273460363
lag_llama:e3,copper,Q3,660,0.09090909090909091,0.00019998000199980003,False,1.3586150431459427
lag_llama:e3,copper,Q4,660,0.11212121212121212,9.999000099990002e-05,False,1.9645086786801909
lag_llama:e3,csi300,Q1,545,0.045871559633027525,0.6958304169583042,True,0.8903074868952067
lag_llama:e3,csi300,Q2,545,0.07155963302752294,0.030896910308969103,False,1.0875002093584252
lag_llama:e3,csi300,Q3,545,0.10642201834862386,9.999000099990002e-05,False,1.4791945493790022
lag_llama:e3,csi300,Q4,545,0.12660550458715597,9.999000099990002e-05,False,2.046307265104751
lag_llama:e3,dax,Q1,666,0.07807807807807808,0.0024997500249975004,False,0.9643963151877981
lag_llama:e3,dax,Q2,666,0.06756756756756757,0.0494950504949505,False,0.7543002164223576
lag_llama:e3,dax,Q3,666,0.08108108108108109,0.0008999100089991,False,1.1147160289704017
lag_llama:e3,dax,Q4,667,0.12593703148425786,9.999000099990002e-05,False,2.0548707113667772
lag_llama:e3,dgs10,Q1,656,0.06402439024390244,0.12938706129387062,True,2.1440687577039506
lag_llama:e3,dgs10,Q2,656,0.08841463414634146,9.999000099990002e-05,False,2.4149579661557072
lag_llama:e3,dgs10,Q3,656,0.09146341463414634,9.999000099990002e-05,False,2.5698948034832543
lag_llama:e3,dgs10,Q4,657,0.1293759512937595,9.999000099990002e-05,False,3.247461131729449
lag_llama:e3,dgs2,Q1,656,0.028963414634146343,0.0100989901009899,False,1.7917907611347381
lag_llama:e3,dgs2,Q2,656,0.11280487804878049,9.999000099990002e-05,False,
lag_llama:e3,dgs2,Q3,656,0.07926829268292683,0.0013998600139986002,False,
lag_llama:e3,dgs2,Q4,657,0.1156773211567732,9.999000099990002e-05,False,3.2821388705679606
lag_llama:e3,dgs30,Q1,656,0.08384146341463415,0.00019998000199980003,False,
lag_llama:e3,dgs30,Q2,656,0.08536585365853659,9.999000099990002e-05,False,
lag_llama:e3,dgs30,Q3,656,0.10213414634146341,9.999000099990002e-05,False,
lag_llama:e3,dgs30,Q4,657,0.136986301369863,9.999000099990002e-05,False,
lag_llama:e3,dgs5,Q1,656,0.05945121951219512,0.2886711328867113,True,2.059758602997663
lag_llama:e3,dgs5,Q2,656,0.08689024390243902,9.999000099990002e-05,False,2.476479371688295
lag_llama:e3,dgs5,Q3,656,0.09146341463414634,9.999000099990002e-05,False,2.6531149524989712
lag_llama:e3,dgs5,Q4,657,0.1141552511415525,9.999000099990002e-05,False,3.391800293711724
lag_llama:e3,eth,Q1,540,0.05555555555555555,0.6286371362863714,True,2.065456550048117
lag_llama:e3,eth,Q2,539,0.09647495361781076,0.00019998000199980003,False,2.517175245114283
lag_llama:e3,eth,Q3,540,0.10185185185185185,9.999000099990002e-05,False,2.3700452607483116
lag_llama:e3,eth,Q4,540,0.0962962962962963,0.00019998000199980003,False,2.6568193421235677
lag_llama:e3,ftse,Q1,663,0.05279034690799397,0.7943205679432057,True,0.41357472512062254
lag_llama:e3,ftse,Q2,663,0.08295625942684766,0.0006999300069993001,False,0.8678041856608264
lag_llama:e3,ftse,Q3,663,0.07239819004524888,0.0156984301569843,False,0.8011035809257817
lag_llama:e3,ftse,Q4,663,0.10256410256410256,9.999000099990002e-05,False,1.6296336627384393
lag_llama:e3,gbpusd,Q1,684,0.07748538011695906,0.0030996900309969004,False,0.1506971656698076
lag_llama:e3,gbpusd,Q2,683,0.07027818448023426,0.021897810218978103,False,0.03982146454615484
lag_llama:e3,gbpusd,Q3,683,0.09224011713030747,9.999000099990002e-05,False,0.3761186308323475
lag_llama:e3,gbpusd,Q4,684,0.10818713450292397,9.999000099990002e-05,False,0.940944972642493
lag_llama:e3,gold,Q1,660,0.0696969696969697,0.0327967203279672,False,0.5829763147927203
lag_llama:e3,gold,Q2,659,0.0637329286798179,0.1311868813118688,True,0.8105712323619475
lag_llama:e3,gold,Q3,660,0.09393939393939393,9.999000099990002e-05,False,1.2113015811200025
lag_llama:e3,gold,Q4,660,0.12424242424242424,9.999000099990002e-05,False,1.6725813813895287
lag_llama:e3,hsi,Q1,645,0.07441860465116279,0.0082991700829917,False,1.0666646205733925
lag_llama:e3,hsi,Q2,645,0.09612403100775194,9.999000099990002e-05,False,0.9927762317844333
lag_llama:e3,hsi,Q3,645,0.11317829457364341,9.999000099990002e-05,False,1.3486171378412524
lag_llama:e3,hsi,Q4,645,0.13488372093023257,9.999000099990002e-05,False,1.9934776167143031
lag_llama:e3,jnj,Q1,660,0.05303030303030303,0.7902209779022098,True,0.7111059653592915
lag_llama:e3,jnj,Q2,659,0.0834597875569044,0.0004999500049995,False,1.0488971616457683
lag_llama:e3,jnj,Q3,660,0.07121212121212121,0.021397860213978603,False,1.150494037550932
lag_llama:e3,jnj,Q4,660,0.10303030303030303,9.999000099990002e-05,False,1.5287307000787025
lag_llama:e3,jpm,Q1,660,0.05303030303030303,0.7902209779022098,True,1.1501649664959515
lag_llama:e3,jpm,Q2,659,0.05614567526555387,0.5338466153384661,True,1.1656477064277102
lag_llama:e3,jpm,Q3,660,0.0803030303030303,0.0010998900109989002,False,1.4372636827794585
lag_llama:e3,jpm,Q4,660,0.10909090909090909,9.999000099990002e-05,False,1.7263031222914207
lag_llama:e3,ltc,Q1,827,0.060459492140266025,0.1964803519648035,True,2.179874887963103
lag_llama:e3,ltc,Q2,827,0.060459492140266025,0.1964803519648035,True,2.3189172339365802
lag_llama:e3,ltc,Q3,827,0.07376058041112454,0.0046995300469953,False,2.664933349379321
lag_llama:e3,ltc,Q4,827,0.11608222490931076,9.999000099990002e-05,False,3.1505448409063117
lag_llama:e3,msft,Q1,660,0.048484848484848485,0.8639136086391361,True,1.1028759248595175
lag_llama:e3,msft,Q2,659,0.08042488619119878,0.001999800019998,False,1.2280708876311965
lag_llama:e3,msft,Q3,660,0.0803030303030303,0.0010998900109989002,False,1.5772805388449245
lag_llama:e3,msft,Q4,660,0.13787878787878788,9.999000099990002e-05,False,2.1310694011565996
lag_llama:e3,natgas,Q1,660,0.03484848484848485,0.063993600639936,True,1.4717773707083173
lag_llama:e3,natgas,Q2,660,0.10454545454545454,9.999000099990002e-05,False,2.1411987189671544
lag_llama:e3,natgas,Q3,660,0.11515151515151516,9.999000099990002e-05,False,2.3997910242363
lag_llama:e3,natgas,Q4,661,0.16792738275340394,9.999000099990002e-05,False,3.457761106990327
lag_llama:e3,ndx,Q1,660,0.048484848484848485,0.8639136086391361,True,0.8609078220575107
lag_llama:e3,ndx,Q2,659,0.07283763277693475,0.012798720127987202,False,1.0138439329540752
lag_llama:e3,ndx,Q3,660,0.09090909090909091,0.00019998000199980003,False,1.4135298693271248
lag_llama:e3,ndx,Q4,660,0.15757575757575756,9.999000099990002e-05,False,2.4073756076147546
lag_llama:e3,nikkei,Q1,642,0.05763239875389408,0.41515848415158485,True,0.9891321907348326
lag_llama:e3,nikkei,Q2,641,0.0717628705148206,0.020497950204979503,False,0.9318093420764509
lag_llama:e3,nikkei,Q3,641,0.11856474258970359,9.999000099990002e-05,False,1.4868170007617878
lag_llama:e3,nikkei,Q4,642,0.09813084112149532,9.999000099990002e-05,False,1.853245154976665
lag_llama:e3,nvda,Q1,660,0.07727272727272727,0.0026997300269973002,False,1.7522529147613226
lag_llama:e3,nvda,Q2,659,0.057663125948406675,0.4253574642535746,True,1.6830168144370923
lag_llama:e3,nvda,Q3,660,0.11666666666666667,9.999000099990002e-05,False,2.338844077824574
lag_llama:e3,nvda,Q4,660,0.13333333333333333,9.999000099990002e-05,False,2.6907697576356124
lag_llama:e3,rut,Q1,660,0.07272727272727272,0.013398660133986601,False,0.9569392189374926
lag_llama:e3,rut,Q2,659,0.07435508345978756,0.0103989601039896,False,1.0342785811932262
lag_llama:e3,rut,Q3,660,0.09696969696969697,9.999000099990002e-05,False,1.3726494905749596
lag_llama:e3,rut,Q4,660,0.11969696969696969,9.999000099990002e-05,False,1.9850670573732931
lag_llama:e3,spx,Q1,660,0.03939393939393939,0.21457854214578542,True,0.6625897508089459
lag_llama:e3,spx,Q2,659,0.04552352048558422,0.6561343865613438,True,0.5356748759053415
lag_llama:e3,spx,Q3,660,0.09393939393939393,9.999000099990002e-05,False,1.1141314178231216
lag_llama:e3,spx,Q4,660,0.12424242424242424,9.999000099990002e-05,False,1.9014740193360489
lag_llama:e3,usdcad,Q1,684,0.06578947368421052,0.0771922807719228,True,-0.32155129742284616
lag_llama:e3,usdcad,Q2,683,0.07320644216691069,0.0100989901009899,False,0.044765916089772845
lag_llama:e3,usdcad,Q3,683,0.09224011713030747,9.999000099990002e-05,False,0.01078944789901957
lag_llama:e3,usdcad,Q4,684,0.12280701754385964,9.999000099990002e-05,False,0.6717250809120728
lag_llama:e3,usdchf,Q1,683,0.09077598828696926,9.999000099990002e-05,False,0.021064777886509952
lag_llama:e3,usdchf,Q2,683,0.08199121522693997,0.00019998000199980003,False,0.322441843470256
lag_llama:e3,usdchf,Q3,683,0.09956076134699854,9.999000099990002e-05,False,0.3215266389374025
lag_llama:e3,usdchf,Q4,684,0.10380116959064327,9.999000099990002e-05,False,0.575125096556973
lag_llama:e3,wmt,Q1,660,0.05303030303030303,0.7902209779022098,True,0.8199071001192024
lag_llama:e3,wmt,Q2,659,0.07890743550834597,0.0020997900209979003,False,1.0716037060300294
lag_llama:e3,wmt,Q3,660,0.08636363636363636,0.00019998000199980003,False,1.4345949395097144
lag_llama:e3,wmt,Q4,660,0.10151515151515152,9.999000099990002e-05,False,1.4665181695334122
lag_llama:e3,xom,Q1,660,0.06515151515151515,0.09049095090490951,True,0.93758395580457
lag_llama:e3,xom,Q2,659,0.07587253414264036,0.006799320067993201,False,1.242085599552158
lag_llama:e3,xom,Q3,660,0.09393939393939393,9.999000099990002e-05,False,1.5397451415526915
lag_llama:e3,xom,Q4,660,0.10454545454545454,9.999000099990002e-05,False,2.0934389086809766
lag_llama:e3,xrp,Q1,540,0.044444444444444446,0.5654434556544345,True,1.9065394654525327
lag_llama:e3,xrp,Q2,539,0.04823747680890538,0.9214078592140786,True,2.267367229169118
lag_llama:e3,xrp,Q3,540,0.08518518518518518,0.0007999200079992001,False,2.231433691481775
lag_llama:e3,xrp,Q4,540,0.11296296296296296,9.999000099990002e-05,False,3.0404745524570234
gjr_t,aapl,Q1,660,0.06060606060606061,0.24697530246975302,True,0.9991805954783108
gjr_t,aapl,Q2,659,0.051593323216995446,0.8551144885511449,True,1.2369109951256752
gjr_t,aapl,Q3,660,0.04696969696969697,0.7254274572542746,True,1.2739362434258121
gjr_t,aapl,Q4,660,0.05454545454545454,0.6586341365863414,True,1.710731374408173
gjr_t,amzn,Q1,660,0.048484848484848485,0.8639136086391361,True,1.1357950834329937
gjr_t,amzn,Q2,659,0.06980273141122914,0.030796920307969204,False,1.4118514674432787
gjr_t,amzn,Q3,660,0.06363636363636363,0.126987301269873,True,1.5506879698216298
gjr_t,amzn,Q4,660,0.05454545454545454,0.6586341365863414,True,1.7592781665614157
gjr_t,audusd,Q1,684,0.054093567251461985,0.6532346765323468,True,0.053759746211443055
gjr_t,audusd,Q2,683,0.06149341142020498,0.19238076192380762,True,0.3999017690175611
gjr_t,audusd,Q3,683,0.05856515373352855,0.33756624337566243,True,0.25784170952434093
gjr_t,audusd,Q4,684,0.038011695906432746,0.1351864813518648,True,0.511184669892437
gjr_t,brent,Q1,660,0.07575757575757576,0.005499450054994501,False,1.4072459974479457
gjr_t,brent,Q2,660,0.05454545454545454,0.6586341365863414,True,1.4626591889700682
gjr_t,brent,Q3,660,0.0696969696969697,0.0327967203279672,False,1.7166336033601934
gjr_t,brent,Q4,661,0.06505295007564296,0.09209079092090791,True,2.1351472660978583
gjr_t,btc,Q1,827,0.0592503022974607,0.2622737726227377,True,1.834372204914447
gjr_t,btc,Q2,827,0.05804111245465538,0.33826617338266174,True,1.9358034205611514
gjr_t,btc,Q3,827,0.06408706166868199,0.0771922807719228,True,2.221235875119609
gjr_t,btc,Q4,827,0.05804111245465538,0.33826617338266174,True,2.400789728965279
gjr_t,copper,Q1,660,0.030303030303030304,0.017698230176982303,False,0.9308905600479555
gjr_t,copper,Q2,660,0.06363636363636363,0.126987301269873,True,1.1037742438191642
gjr_t,copper,Q3,660,0.05606060606060606,0.5364463553644635,True,1.21122254730443
gjr_t,copper,Q4,660,0.07272727272727272,0.013398660133986601,False,1.623905045773747
gjr_t,csi300,Q1,545,0.04036697247706422,0.32926707329267074,True,0.898104864954018
gjr_t,csi300,Q2,545,0.03486238532110092,0.09659034096590341,True,0.9996400605488326
gjr_t,csi300,Q3,545,0.04954128440366973,1.0,True,1.2251679675726406
gjr_t,csi300,Q4,545,0.045871559633027525,0.6958304169583042,True,1.5031128163001435
gjr_t,dax,Q1,666,0.0915915915915916,9.999000099990002e-05,False,0.8181985902089076
gjr_t,dax,Q2,666,0.057057057057057055,0.42195780421957807,True,0.6095933135915202
gjr_t,dax,Q3,666,0.06156156156156156,0.2156784321567843,True,0.9093597145999313
gjr_t,dax,Q4,667,0.05547226386806597,0.5406459354064593,True,1.2491286563670112
gjr_t,dgs10,Q1,656,0.041158536585365856,0.3314668533146685,True,2.0383143683600142
gjr_t,dgs10,Q2,656,0.054878048780487805,0.5946405359464053,True,2.249126696606671
gjr_t,dgs10,Q3,656,0.05945121951219512,0.2886711328867113,True,2.4426821943979595
gjr_t,dgs10,Q4,657,0.0441400304414003,0.5303469653034697,True,2.6987195717748
gjr_t,dgs2,Q1,656,0.027439024390243903,0.004999500049995001,False,1.4335102335597314
gjr_t,dgs2,Q2,656,0.057926829268292686,0.37746225377462256,True,2.124797740768114
gjr_t,dgs2,Q3,656,0.057926829268292686,0.37746225377462256,True,2.5745338548841956
gjr_t,dgs2,Q4,657,0.0502283105022831,1.0,True,2.886210578662924
gjr_t,dgs30,Q1,656,0.04573170731707317,0.6572342765723428,True,2.023088612965233
gjr_t,dgs30,Q2,656,0.041158536585365856,0.3314668533146685,True,2.227663260302301
gjr_t,dgs30,Q3,656,0.04725609756097561,0.791020897910209,True,2.393832291392266
gjr_t,dgs30,Q4,657,0.0441400304414003,0.5303469653034697,True,2.5500709622336553
gjr_t,dgs5,Q1,656,0.04725609756097561,0.791020897910209,True,1.9426127787026135
gjr_t,dgs5,Q2,656,0.06554878048780488,0.0882911708829117,True,2.3000922569257023
gjr_t,dgs5,Q3,656,0.06402439024390244,0.12938706129387062,True,2.456208911200114
gjr_t,dgs5,Q4,657,0.0487062404870624,0.9286071392860714,True,2.8614463580144456
gjr_t,eth,Q1,540,0.05185185185185185,0.9226077392260774,True,1.8746421994523008
gjr_t,eth,Q2,539,0.0686456400742115,0.059694030596940305,True,2.2347901125103076
gjr_t,eth,Q3,540,0.06111111111111111,0.2782721727827217,True,2.166881883389308
gjr_t,eth,Q4,540,0.053703703703703705,0.7734226577342266,True,2.478628764594587
gjr_t,ftse,Q1,663,0.043740573152337855,0.47365263473652636,True,0.3945632610520174
gjr_t,ftse,Q2,663,0.06334841628959276,0.1257874212578742,True,0.49051536584610533
gjr_t,ftse,Q3,663,0.05731523378582202,0.41755824417558246,True,0.650757943620709
gjr_t,ftse,Q4,663,0.06787330316742081,0.04689531046895311,False,1.086751568891806
gjr_t,gbpusd,Q1,684,0.05701754385964912,0.42795720427957207,True,0.08817919332521362
gjr_t,gbpusd,Q2,683,0.0424597364568082,0.3872612738726127,True,-0.00962370381351853
gjr_t,gbpusd,Q3,683,0.04978038067349927,1.0,True,0.18657962663981922
gjr_t,gbpusd,Q4,684,0.05116959064327485,0.9292070792920708,True,0.618927588234353
gjr_t,gold,Q1,660,0.05454545454545454,0.6586341365863414,True,0.5456319556673198
gjr_t,gold,Q2,659,0.05311077389984825,0.7215278472152785,True,0.7834616619750848
gjr_t,gold,Q3,660,0.06818181818181818,0.05019498050194981,True,0.8901363574619686
gjr_t,gold,Q4,660,0.06666666666666667,0.07589241075892411,True,1.1882996727654538
gjr_t,hsi,Q1,645,0.06976744186046512,0.027097290270972903,False,0.895733025026752
gjr_t,hsi,Q2,645,0.043410852713178294,0.47585241475852413,True,0.895109132562825
gjr_t,hsi,Q3,645,0.05426356589147287,0.6532346765323468,True,1.073662335235978
gjr_t,hsi,Q4,645,0.05426356589147287,0.6532346765323468,True,1.5016204774018331
gjr_t,jnj,Q1,660,0.05757575757575758,0.42555744425557446,True,0.6345391867164878
gjr_t,jnj,Q2,659,0.06069802731411229,0.24997500249975002,True,0.9493480305769724
gjr_t,jnj,Q3,660,0.05,1.0,True,1.0529358385742917
gjr_t,jnj,Q4,660,0.05909090909090909,0.3321667833216678,True,1.107202198920351
gjr_t,jpm,Q1,660,0.048484848484848485,0.8639136086391361,True,1.042261942518705
gjr_t,jpm,Q2,659,0.04400606980273141,0.48175182481751827,True,1.0881046787773845
gjr_t,jpm,Q3,660,0.07727272727272727,0.0026997300269973002,False,1.2838218504783885
gjr_t,jpm,Q4,660,0.04242424242424243,0.37936206379362064,True,1.428525937700096
gjr_t,ltc,Q1,827,0.056831922611850064,0.38006199380061995,True,2.1123211285870043
gjr_t,ltc,Q2,827,0.06287787182587666,0.10748925107489252,True,2.4169186787267374
gjr_t,ltc,Q3,827,0.06892382103990327,0.0206979302069793,False,2.4894193898799917
gjr_t,ltc,Q4,827,0.049576783555018135,1.0,True,2.7313731866970117
gjr_t,msft,Q1,660,0.05454545454545454,0.6586341365863414,True,0.9982459976655175
gjr_t,msft,Q2,659,0.06828528072837632,0.0491950804919508,False,1.1614741310923384
gjr_t,msft,Q3,660,0.06212121212121212,0.1785821417858214,True,1.4403720212207964
gjr_t,msft,Q4,660,0.06818181818181818,0.05019498050194981,True,1.5674908033237085
gjr_t,natgas,Q1,660,0.03484848484848485,0.063993600639936,True,1.4150932588205465
gjr_t,natgas,Q2,660,0.06060606060606061,0.24697530246975302,True,2.017156355775684
gjr_t,natgas,Q3,660,0.04090909090909091,0.2903709629037096,True,2.1492465306326154
gjr_t,natgas,Q4,661,0.059001512859304085,0.32756724327567244,True,2.627666351295847
gjr_t,ndx,Q1,660,0.07272727272727272,0.013398660133986601,False,0.8159895458354154
gjr_t,ndx,Q2,659,0.07283763277693475,0.012798720127987202,False,0.9624352174643397
gjr_t,ndx,Q3,660,0.05606060606060606,0.5364463553644635,True,1.106382324558586
gjr_t,ndx,Q4,660,0.06515151515151515,0.09049095090490951,True,1.4649863149127176
gjr_t,nikkei,Q1,642,0.06230529595015576,0.17298270172982702,True,0.7395527391481851
gjr_t,nikkei,Q2,641,0.057722308892355696,0.41385861413858616,True,0.863932757350191
gjr_t,nikkei,Q3,641,0.06708268330733229,0.07039296070392961,True,1.0585110901723318
gjr_t,nikkei,Q4,642,0.06853582554517133,0.044995500449955005,False,1.4945737756913922
gjr_t,nvda,Q1,660,0.06515151515151515,0.09049095090490951,True,1.6218936878482806
gjr_t,nvda,Q2,659,0.042488619119878605,0.3812618738126187,True,1.6078732745068969
gjr_t,nvda,Q3,660,0.0696969696969697,0.0327967203279672,False,1.9646617829187245
gjr_t,nvda,Q4,660,0.05909090909090909,0.3321667833216678,True,2.1767253125185864
gjr_t,rut,Q1,660,0.05757575757575758,0.42555744425557446,True,0.8381423503288702
gjr_t,rut,Q2,659,0.054628224582701064,0.5909409059094091,True,0.9296550109420723
gjr_t,rut,Q3,660,0.05909090909090909,0.3321667833216678,True,1.1332631406250098
gjr_t,rut,Q4,660,0.04393939393939394,0.48325167483251674,True,1.301384443585605
gjr_t,spx,Q1,660,0.0696969696969697,0.0327967203279672,False,0.6995292308962767
gjr_t,spx,Q2,659,0.05614567526555387,0.5338466153384661,True,0.4359854907932624
gjr_t,spx,Q3,660,0.06212121212121212,0.1785821417858214,True,0.7306014913780382
gjr_t,spx,Q4,660,0.07272727272727272,0.013398660133986601,False,1.268216968480303
gjr_t,usdcad,Q1,684,0.06286549707602339,0.15728427157284272,True,-0.3690367025026648
gjr_t,usdcad,Q2,683,0.04685212298682284,0.7283271672832716,True,-0.06642126211380239
gjr_t,usdcad,Q3,683,0.05417276720351391,0.662933706629337,True,-0.05226303674900958
gjr_t,usdcad,Q4,684,0.06140350877192982,0.1845815418458154,True,0.2570140332386156
gjr_t,usdchf,Q1,683,0.06734992679355783,0.05649435056494351,True,-0.08917445651774628
gjr_t,usdchf,Q2,683,0.048316251830161056,0.8607139286071392,True,0.07718745068861126
gjr_t,usdchf,Q3,683,0.06149341142020498,0.19238076192380762,True,0.058103447308888646
gjr_t,usdchf,Q4,684,0.059941520467836254,0.25207479252074794,True,0.2760113308330868
gjr_t,wmt,Q1,660,0.05454545454545454,0.6586341365863414,True,0.8718220125178942
gjr_t,wmt,Q2,659,0.06828528072837632,0.0491950804919508,False,0.9569808090435824
gjr_t,wmt,Q3,660,0.07272727272727272,0.013398660133986601,False,1.2195746945224422
gjr_t,wmt,Q4,660,0.05303030303030303,0.7902209779022098,True,1.2088242432332998
gjr_t,xom,Q1,660,0.06666666666666667,0.07589241075892411,True,0.8556123971423617
gjr_t,xom,Q2,659,0.05007587253414264,1.0,True,1.0872120971934418
gjr_t,xom,Q3,660,0.0696969696969697,0.0327967203279672,False,1.3955370747289173
gjr_t,xom,Q4,660,0.04393939393939394,0.48325167483251674,True,1.5967420302694233
gjr_t,xrp,Q1,540,0.04259259259259259,0.44045595440455954,True,1.9119618610417475
gjr_t,xrp,Q2,539,0.059369202226345084,0.3768623137686231,True,2.2553992698582177
gjr_t,xrp,Q3,540,0.05740740740740741,0.49695030496950304,True,2.227427320648261
gjr_t,xrp,Q4,540,0.044444444444444446,0.5654434556544345,True,2.8134345203033484
fhs,aapl,Q1,660,0.06060606060606061,0.24697530246975302,True,1.0722910274687254
fhs,aapl,Q2,659,0.05311077389984825,0.7215278472152785,True,1.2257250622375602
fhs,aapl,Q3,660,0.04090909090909091,0.2903709629037096,True,1.316749028951463
fhs,aapl,Q4,660,0.04090909090909091,0.2903709629037096,True,1.7802750081077767
fhs,amzn,Q1,660,0.05606060606060606,0.5364463553644635,True,1.137676980976037
fhs,amzn,Q2,659,0.07435508345978756,0.0103989601039896,False,1.4050030609093418
fhs,amzn,Q3,660,0.05757575757575758,0.42555744425557446,True,1.5877146491863992
fhs,amzn,Q4,660,0.03787878787878788,0.1536846315368463,True,1.7871425975886872
fhs,audusd,Q1,684,0.06286549707602339,0.15728427157284272,True,0.06445046370422018
fhs,audusd,Q2,683,0.05710102489019034,0.4336566343365663,True,0.3802385388260867
fhs,audusd,Q3,683,0.048316251830161056,0.8607139286071392,True,0.26864762712737866
fhs,audusd,Q4,684,0.02046783625730994,0.00029997000299970003,False,0.5183422190564395
fhs,brent,Q1,660,0.06363636363636363,0.126987301269873,True,1.4517830559067568
fhs,brent,Q2,660,0.04696969696969697,0.7254274572542746,True,1.5172774173868406
fhs,brent,Q3,660,0.05454545454545454,0.6586341365863414,True,1.7072451969156763
fhs,brent,Q4,661,0.037821482602118005,0.1571842815718428,True,2.168637540322022
fhs,btc,Q1,827,0.06529625151148731,0.054094590540945904,True,1.8036048526378632
fhs,btc,Q2,827,0.0471584038694075,0.7506249375062494,True,1.9094514915550698
fhs,btc,Q3,827,0.05562273276904474,0.46755324467553244,True,2.2025686706304395
fhs,btc,Q4,827,0.041112454655380895,0.23077692230776922,True,2.3669948931522877
fhs,copper,Q1,660,0.045454545454545456,0.5998400159984002,True,0.9411710197178954
fhs,copper,Q2,660,0.05303030303030303,0.7902209779022098,True,1.1039271951696963
fhs,copper,Q3,660,0.05,1.0,True,1.1788471846370892
fhs,copper,Q4,660,0.04242424242424243,0.37936206379362064,True,1.5764151764988872
fhs,csi300,Q1,545,0.060550458715596334,0.2793720627937206,True,0.8749131079940449
fhs,csi300,Q2,545,0.05688073394495413,0.4928507149285071,True,1.051138736351021
fhs,csi300,Q3,545,0.044036697247706424,0.557044295570443,True,1.3077130211776697
fhs,csi300,Q4,545,0.03853211009174312,0.23977602239776022,True,1.5215623222746641
fhs,dax,Q1,666,0.07657657657657657,0.004399560043995601,False,0.7522587193435755
fhs,dax,Q2,666,0.04804804804804805,0.8612138786121388,True,0.6129072193242787
fhs,dax,Q3,666,0.03303303303303303,0.0403959604039596,False,0.9448917057287558
fhs,dax,Q4,667,0.037481259370314844,0.1321867813218678,True,1.3944193369529774
fhs,dgs10,Q1,656,0.054878048780487805,0.5946405359464053,True,2.004835422301681
fhs,dgs10,Q2,656,0.06097560975609756,0.24987501249875013,True,2.2511880249490215
fhs,dgs10,Q3,656,0.053353658536585365,0.7232276772322768,True,2.4212516368427823
fhs,dgs10,Q4,657,0.0365296803652968,0.1090890910908909,True,2.6771770942862236
fhs,dgs2,Q1,656,0.04725609756097561,0.791020897910209,True,1.4059704487117253
fhs,dgs2,Q2,656,0.06707317073170732,0.05909409059094091,True,2.128433250468152
fhs,dgs2,Q3,656,0.053353658536585365,0.7232276772322768,True,2.566967956506336
fhs,dgs2,Q4,657,0.0426179604261796,0.42145785421457854,True,2.876119648268733
fhs,dgs30,Q1,656,0.06402439024390244,0.12938706129387062,True,2.0804200092758363
fhs,dgs30,Q2,656,0.05030487804878049,1.0,True,2.202196645702304
fhs,dgs30,Q3,656,0.04878048780487805,0.9277072292770723,True,2.3888131392928855
fhs,dgs30,Q4,657,0.0350076103500761,0.07279272072792721,True,2.5553438397941064
fhs,dgs5,Q1,656,0.04725609756097561,0.791020897910209,True,1.8928011083874687
fhs,dgs5,Q2,656,0.05945121951219512,0.2886711328867113,True,2.2765322179063427
fhs,dgs5,Q3,656,0.04725609756097561,0.791020897910209,True,2.4792679610313577
fhs,dgs5,Q4,657,0.0426179604261796,0.42145785421457854,True,2.857736031796062
fhs,eth,Q1,540,0.05555555555555555,0.6286371362863714,True,1.9184492531594342
fhs,eth,Q2,539,0.061224489795918366,0.2770722927707229,True,2.221694573219249
fhs,eth,Q3,540,0.053703703703703705,0.7734226577342266,True,2.1948831990970885
fhs,eth,Q4,540,0.03518518518518519,0.11598840115988401,True,2.523037023474823
fhs,ftse,Q1,663,0.05128205128205128,0.9287071292870713,True,0.4094877737095205
fhs,ftse,Q2,663,0.06334841628959276,0.1257874212578742,True,0.566597874981907
fhs,ftse,Q3,663,0.03469079939668175,0.059994000599940006,True,0.6840985133849565
fhs,ftse,Q4,663,0.043740573152337855,0.47365263473652636,True,1.1393066868845527
fhs,gbpusd,Q1,684,0.07748538011695906,0.0030996900309969004,False,0.11271666430771449
fhs,gbpusd,Q2,683,0.04685212298682284,0.7283271672832716,True,-0.004824783887193357
fhs,gbpusd,Q3,683,0.048316251830161056,0.8607139286071392,True,0.20168859482256743
fhs,gbpusd,Q4,684,0.029239766081871343,0.0091990800919908,False,0.5895300668512238
fhs,gold,Q1,660,0.06515151515151515,0.09049095090490951,True,0.5754441017602908
fhs,gold,Q2,659,0.04704097116843703,0.7898210178982101,True,0.7536690436916239
fhs,gold,Q3,660,0.05757575757575758,0.42555744425557446,True,0.8602059779423471
fhs,gold,Q4,660,0.025757575757575757,0.0020997900209979003,False,1.1568905793451754
fhs,hsi,Q1,645,0.06666666666666667,0.07089291070892911,True,0.8532524684648958
fhs,hsi,Q2,645,0.040310077519379844,0.27757224277572246,True,0.839146848193853
fhs,hsi,Q3,645,0.043410852713178294,0.47585241475852413,True,1.0829290683201838
fhs,hsi,Q4,645,0.027906976744186046,0.006099390060993901,False,1.5088883140453508
fhs,jnj,Q1,660,0.06363636363636363,0.126987301269873,True,0.6984428851283699
fhs,jnj,Q2,659,0.057663125948406675,0.4253574642535746,True,0.9337749918994563
fhs,jnj,Q3,660,0.04242424242424243,0.37936206379362064,True,1.0327541995042842
fhs,jnj,Q4,660,0.04242424242424243,0.37936206379362064,True,1.143476849450322
fhs,jpm,Q1,660,0.06818181818181818,0.05019498050194981,True,1.112518278269602
fhs,jpm,Q2,659,0.04704097116843703,0.7898210178982101,True,1.11417014406837
fhs,jpm,Q3,660,0.06363636363636363,0.126987301269873,True,1.2899602294701042
fhs,jpm,Q4,660,0.03636363636363636,0.10978902109789021,True,1.5780129529058795
fhs,ltc,Q1,827,0.07013301088270858,0.0136986301369863,False,2.114318085788847
fhs,ltc,Q2,827,0.05199516324062878,0.811018898110189,True,2.371851359288094
fhs,ltc,Q3,827,0.060459492140266025,0.1964803519648035,True,2.4414846448201737
fhs,ltc,Q4,827,0.032648125755743655,0.017198280171982803,False,2.766839730939077
fhs,msft,Q1,660,0.05757575757575758,0.42555744425557446,True,1.0019402827141364
fhs,msft,Q2,659,0.06525037936267071,0.0912908709129087,True,1.1339220102507843
fhs,msft,Q3,660,0.048484848484848485,0.8639136086391361,True,1.376612207025594
fhs,msft,Q4,660,0.045454545454545456,0.5998400159984002,True,1.6085673088675296
fhs,natgas,Q1,660,0.05,1.0,True,1.3980532208587146
fhs,natgas,Q2,660,0.05303030303030303,0.7902209779022098,True,1.9904734305719165
fhs,natgas,Q3,660,0.03787878787878788,0.1536846315368463,True,2.151717037583256
fhs,natgas,Q4,661,0.04387291981845688,0.48125187481251874,True,2.602903790648524
fhs,ndx,Q1,660,0.048484848484848485,0.8639136086391361,True,0.8247446838851996
fhs,ndx,Q2,659,0.05918057663125948,0.3324667533246675,True,0.9210826892064563
fhs,ndx,Q3,660,0.05757575757575758,0.42555744425557446,True,1.1274520449056395
fhs,ndx,Q4,660,0.04242424242424243,0.37936206379362064,True,1.5263769209597484
fhs,nikkei,Q1,642,0.059190031152647975,0.31726827317268275,True,0.765028365500774
fhs,nikkei,Q2,641,0.0452418096723869,0.5882411758824118,True,0.8601270274610402
fhs,nikkei,Q3,641,0.0530421216848674,0.7837216278372163,True,1.090960584304426
fhs,nikkei,Q4,642,0.04361370716510903,0.47325267473252675,True,1.5826764429263167
fhs,nvda,Q1,660,0.08333333333333333,0.00019998000199980003,False,1.7039625727440815
fhs,nvda,Q2,659,0.04552352048558422,0.6561343865613438,True,1.6481273657240896
fhs,nvda,Q3,660,0.05303030303030303,0.7902209779022098,True,1.9481379098924851
fhs,nvda,Q4,660,0.03939393939393939,0.21457854214578542,True,2.1527948259087393
fhs,rut,Q1,660,0.06666666666666667,0.07589241075892411,True,0.8507722500863537
fhs,rut,Q2,659,0.051593323216995446,0.8551144885511449,True,0.9604251190223423
fhs,rut,Q3,660,0.04393939393939394,0.48325167483251674,True,1.1326767219152096
fhs,rut,Q4,660,0.031818181818181815,0.0282971702829717,False,1.4159376222088333
fhs,spx,Q1,660,0.06060606060606061,0.24697530246975302,True,0.6499438441560724
fhs,spx,Q2,659,0.04552352048558422,0.6561343865613438,True,0.5694168711212629
fhs,spx,Q3,660,0.05757575757575758,0.42555744425557446,True,0.7994857989977163
fhs,spx,Q4,660,0.03636363636363636,0.10978902109789021,True,1.3272751440634654
fhs,usdcad,Q1,684,0.06871345029239766,0.0334966503349665,False,-0.3591154289885563
fhs,usdcad,Q2,683,0.0527086383601757,0.792020797920208,True,-0.0685848994623018
fhs,usdcad,Q3,683,0.0527086383601757,0.792020797920208,True,-0.027508880934550513
fhs,usdcad,Q4,684,0.04678362573099415,0.7179282071792821,True,0.19891708065625008
fhs,usdchf,Q1,683,0.0849194729136164,9.999000099990002e-05,False,-0.05839569329657193
fhs,usdchf,Q2,683,0.05417276720351391,0.662933706629337,True,0.06712042807914023
fhs,usdchf,Q3,683,0.043923865300146414,0.49095090490950904,True,0.041562418213169056
fhs,usdchf,Q4,684,0.03654970760233918,0.0953904609539046,True,0.2938096195097286
fhs,wmt,Q1,660,0.06515151515151515,0.09049095090490951,True,0.8686561619295982
fhs,wmt,Q2,659,0.05614567526555387,0.5338466153384661,True,0.9167836569728762
fhs,wmt,Q3,660,0.05606060606060606,0.5364463553644635,True,1.222142266205979
fhs,wmt,Q4,660,0.021212121212121213,0.00019998000199980003,False,1.3320460932320086
fhs,xom,Q1,660,0.06212121212121212,0.1785821417858214,True,0.8561420890991974
fhs,xom,Q2,659,0.05007587253414264,1.0,True,1.0968231997684559
fhs,xom,Q3,660,0.05757575757575758,0.42555744425557446,True,1.3625543715352182
fhs,xom,Q4,660,0.031818181818181815,0.0282971702829717,False,1.6429908267175306
fhs,xrp,Q1,540,0.06111111111111111,0.2782721727827217,True,1.8599955958394414
fhs,xrp,Q2,539,0.06679035250463822,0.09219078092190781,True,2.2757504087005183
fhs,xrp,Q3,540,0.040740740740740744,0.3290670932906709,True,2.203041055310137
fhs,xrp,Q4,540,0.03148148148148148,0.039696030396960305,False,2.829397931292412
